ISO-10303-21;
HEADER;
FILE_DESCRIPTION(('KiCad electronic assembly'),'2;1');
FILE_NAME('Wavey.step','2026-01-11T16:19:19',('Pcbnew'),('Kicad'),
  'Open CASCADE STEP processor 7.9','KiCad to STEP converter','Unknown'
  );
FILE_SCHEMA(('AUTOMOTIVE_DESIGN { 1 0 10303 214 1 1 1 1 }'));
ENDSEC;
DATA;
#1 = APPLICATION_PROTOCOL_DEFINITION('international standard',
  'automotive_design',2000,#2);
#2 = APPLICATION_CONTEXT(
  'core data for automotive mechanical design processes');
#3 = SHAPE_DEFINITION_REPRESENTATION(#4,#10);
#4 = PRODUCT_DEFINITION_SHAPE('','',#5);
#5 = PRODUCT_DEFINITION('design','',#6,#9);
#6 = PRODUCT_DEFINITION_FORMATION('','',#7);
#7 = PRODUCT('Wavey 1','Wavey 1','',(#8));
#8 = PRODUCT_CONTEXT('',#2,'mechanical');
#9 = PRODUCT_DEFINITION_CONTEXT('part definition',#2,'design');
#10 = SHAPE_REPRESENTATION('',(#11,#15,#19,#23,#27),#31);
#11 = AXIS2_PLACEMENT_3D('',#12,#13,#14);
#12 = CARTESIAN_POINT('',(0.,0.,0.));
#13 = DIRECTION('',(0.,0.,1.));
#14 = DIRECTION('',(1.,0.,-0.));
#15 = AXIS2_PLACEMENT_3D('',#16,#17,#18);
#16 = CARTESIAN_POINT('',(0.,0.,0.));
#17 = DIRECTION('',(0.,0.,1.));
#18 = DIRECTION('',(1.,0.,-0.));
#19 = AXIS2_PLACEMENT_3D('',#20,#21,#22);
#20 = CARTESIAN_POINT('',(0.,0.,0.));
#21 = DIRECTION('',(0.,0.,1.));
#22 = DIRECTION('',(1.,0.,-0.));
#23 = AXIS2_PLACEMENT_3D('',#24,#25,#26);
#24 = CARTESIAN_POINT('',(0.,0.,0.));
#25 = DIRECTION('',(0.,0.,1.));
#26 = DIRECTION('',(1.,0.,-0.));
#27 = AXIS2_PLACEMENT_3D('',#28,#29,#30);
#28 = CARTESIAN_POINT('',(0.,0.,0.));
#29 = DIRECTION('',(0.,0.,1.));
#30 = DIRECTION('',(1.,0.,-0.));
#31 = ( GEOMETRIC_REPRESENTATION_CONTEXT(3) 
GLOBAL_UNCERTAINTY_ASSIGNED_CONTEXT((#35)) GLOBAL_UNIT_ASSIGNED_CONTEXT(
(#32,#33,#34)) REPRESENTATION_CONTEXT('Context #1',
  '3D Context with UNIT and UNCERTAINTY') );
#32 = ( LENGTH_UNIT() NAMED_UNIT(*) SI_UNIT(.MILLI.,.METRE.) );
#33 = ( NAMED_UNIT(*) PLANE_ANGLE_UNIT() SI_UNIT($,.RADIAN.) );
#34 = ( NAMED_UNIT(*) SI_UNIT($,.STERADIAN.) SOLID_ANGLE_UNIT() );
#35 = UNCERTAINTY_MEASURE_WITH_UNIT(LENGTH_MEASURE(1.E-07),#32,
  'distance_accuracy_value','confusion accuracy');
#36 = PRODUCT_RELATED_PRODUCT_CATEGORY('part',$,(#7));
#37 = SHAPE_DEFINITION_REPRESENTATION(#38,#44);
#38 = PRODUCT_DEFINITION_SHAPE('','',#39);
#39 = PRODUCT_DEFINITION('design','',#40,#43);
#40 = PRODUCT_DEFINITION_FORMATION('','',#41);
#41 = PRODUCT('Wavey_silkscreen','Wavey_silkscreen','',(#42));
#42 = PRODUCT_CONTEXT('',#2,'mechanical');
#43 = PRODUCT_DEFINITION_CONTEXT('part definition',#2,'design');
#44 = SHAPE_REPRESENTATION('',(#11,#45,#64,#397,#497,#615,#816,#990,
    #1285,#1354,#1464,#1550,#1700,#1860,#1946,#2216,#2402,#2588,#2858,
    #3010,#3110,#3276,#3328,#3599,#3651,#3751,#4067,#4265,#4558,#4851,
    #5091,#5281,#5574,#5626,#5678,#5730,#5782,#5883,#5984,#6028,#6072,
    #6207,#6335,#6404,#6565,#6658,#6677,#6789,#6901,#7013,#7125,#7292,
    #7434,#7561,#7688,#7815,#7942,#8214,#8357,#8629,#8823,#9095),#9367);
#45 = SHELL_BASED_SURFACE_MODEL('',(#46));
#46 = OPEN_SHELL('',(#47));
#47 = ADVANCED_FACE('',(#48),#59,.T.);
#48 = FACE_BOUND('',#49,.T.);
#49 = EDGE_LOOP('',(#50));
#50 = ORIENTED_EDGE('',*,*,#51,.T.);
#51 = EDGE_CURVE('',#52,#52,#54,.T.);
#52 = VERTEX_POINT('',#53);
#53 = CARTESIAN_POINT('',(188.247999,-110.454,1.585));
#54 = CIRCLE('',#55,0.503999);
#55 = AXIS2_PLACEMENT_3D('',#56,#57,#58);
#56 = CARTESIAN_POINT('',(187.744,-110.454,1.585));
#57 = DIRECTION('',(0.,0.,1.));
#58 = DIRECTION('',(1.,0.,-0.));
#59 = PLANE('',#60);
#60 = AXIS2_PLACEMENT_3D('',#61,#62,#63);
#61 = CARTESIAN_POINT('',(0.,0.,1.585));
#62 = DIRECTION('',(0.,0.,1.));
#63 = DIRECTION('',(1.,0.,-0.));
#64 = SHELL_BASED_SURFACE_MODEL('',(#65));
#65 = OPEN_SHELL('',(#66));
#66 = ADVANCED_FACE('',(#67,#212,#340),#392,.T.);
#67 = FACE_BOUND('',#68,.F.);
#68 = EDGE_LOOP('',(#69,#80,#88,#97,#105,#114,#122,#130,#138,#147,#155,
    #164,#172,#180,#189,#197,#206));
#69 = ORIENTED_EDGE('',*,*,#70,.T.);
#70 = EDGE_CURVE('',#71,#73,#75,.T.);
#71 = VERTEX_POINT('',#72);
#72 = CARTESIAN_POINT('',(167.872,-111.295,1.585));
#73 = VERTEX_POINT('',#74);
#74 = CARTESIAN_POINT('',(169.827,-109.34,1.585));
#75 = CIRCLE('',#76,1.954999171097);
#76 = AXIS2_PLACEMENT_3D('',#77,#78,#79);
#77 = CARTESIAN_POINT('',(169.82699917109,-111.294999171,1.585));
#78 = DIRECTION('',(0.,0.,-1.));
#79 = DIRECTION('',(-1.,-4.239916865207E-07,-0.));
#80 = ORIENTED_EDGE('',*,*,#81,.T.);
#81 = EDGE_CURVE('',#73,#82,#84,.T.);
#82 = VERTEX_POINT('',#83);
#83 = CARTESIAN_POINT('',(186.974481,-109.340493,1.585));
#84 = LINE('',#85,#86);
#85 = CARTESIAN_POINT('',(169.827,-109.34,1.585));
#86 = VECTOR('',#87,1.);
#87 = DIRECTION('',(0.999999999587,-2.875057857115E-05,0.));
#88 = ORIENTED_EDGE('',*,*,#89,.T.);
#89 = EDGE_CURVE('',#82,#90,#92,.T.);
#90 = VERTEX_POINT('',#91);
#91 = CARTESIAN_POINT('',(187.724146,-109.488816,1.585));
#92 = CIRCLE('',#93,1.936172910595);
#93 = AXIS2_PLACEMENT_3D('',#94,#95,#96);
#94 = CARTESIAN_POINT('',(186.98091223516,-111.2766552294,1.585));
#95 = DIRECTION('',(0.,0.,-1.));
#96 = DIRECTION('',(-3.321622325831E-03,0.999994483397,0.));
#97 = ORIENTED_EDGE('',*,*,#98,.T.);
#98 = EDGE_CURVE('',#90,#99,#101,.T.);
#99 = VERTEX_POINT('',#100);
#100 = CARTESIAN_POINT('',(187.9535,-109.60192,1.585));
#101 = LINE('',#102,#103);
#102 = CARTESIAN_POINT('',(187.724146,-109.488816,1.585));
#103 = VECTOR('',#104,1.);
#104 = DIRECTION('',(0.896874100426,-0.442285934645,0.));
#105 = ORIENTED_EDGE('',*,*,#106,.T.);
#106 = EDGE_CURVE('',#99,#107,#109,.T.);
#107 = VERTEX_POINT('',#108);
#108 = CARTESIAN_POINT('',(188.931,-111.295,1.585));
#109 = CIRCLE('',#110,1.954999205959);
#110 = AXIS2_PLACEMENT_3D('',#111,#112,#113);
#111 = CARTESIAN_POINT('',(186.97600079404,-111.2949992059,1.585));
#112 = DIRECTION('',(0.,0.,-1.));
#113 = DIRECTION('',(0.49999979692,0.866025521033,0.));
#114 = ORIENTED_EDGE('',*,*,#115,.T.);
#115 = EDGE_CURVE('',#107,#116,#118,.T.);
#116 = VERTEX_POINT('',#117);
#117 = CARTESIAN_POINT('',(188.927,-111.30731,1.585));
#118 = LINE('',#119,#120);
#119 = CARTESIAN_POINT('',(188.931,-111.295,1.585));
#120 = VECTOR('',#121,1.);
#121 = DIRECTION('',(-0.309033663673,-0.95105109995,0.));
#122 = ORIENTED_EDGE('',*,*,#123,.T.);
#123 = EDGE_CURVE('',#116,#124,#126,.T.);
#124 = VERTEX_POINT('',#125);
#125 = CARTESIAN_POINT('',(188.927,-113.721704,1.585));
#126 = LINE('',#127,#128);
#127 = CARTESIAN_POINT('',(188.927,-111.30731,1.585));
#128 = VECTOR('',#129,1.);
#129 = DIRECTION('',(0.,-1.,0.));
#130 = ORIENTED_EDGE('',*,*,#131,.T.);
#131 = EDGE_CURVE('',#124,#132,#134,.T.);
#132 = VERTEX_POINT('',#133);
#133 = CARTESIAN_POINT('',(189.787803,-113.725284,1.585));
#134 = LINE('',#135,#136);
#135 = CARTESIAN_POINT('',(188.927,-113.721704,1.585));
#136 = VECTOR('',#137,1.);
#137 = DIRECTION('',(0.999991351857,-4.158871471924E-03,0.));
#138 = ORIENTED_EDGE('',*,*,#139,.T.);
#139 = EDGE_CURVE('',#132,#140,#142,.T.);
#140 = VERTEX_POINT('',#141);
#141 = CARTESIAN_POINT('',(190.3505,-114.288728,1.585));
#142 = CIRCLE('',#143,0.563408194064);
#143 = AXIS2_PLACEMENT_3D('',#144,#145,#146);
#144 = CARTESIAN_POINT('',(189.7870918071,-114.2886917451,1.585));
#145 = DIRECTION('',(0.,0.,-1.));
#146 = DIRECTION('',(1.262304853018E-03,0.999999203293,0.));
#147 = ORIENTED_EDGE('',*,*,#148,.T.);
#148 = EDGE_CURVE('',#140,#149,#151,.T.);
#149 = VERTEX_POINT('',#150);
#150 = CARTESIAN_POINT('',(190.3505,-122.284,1.585));
#151 = LINE('',#152,#153);
#152 = CARTESIAN_POINT('',(190.3505,-114.288728,1.585));
#153 = VECTOR('',#154,1.);
#154 = DIRECTION('',(0.,-1.,0.));
#155 = ORIENTED_EDGE('',*,*,#156,.T.);
#156 = EDGE_CURVE('',#149,#157,#159,.T.);
#157 = VERTEX_POINT('',#158);
#158 = CARTESIAN_POINT('',(189.787,-122.8475,1.585));
#159 = CIRCLE('',#160,0.563499313892);
#160 = AXIS2_PLACEMENT_3D('',#161,#162,#163);
#161 = CARTESIAN_POINT('',(189.7870006861,-122.2840006861,1.585));
#162 = DIRECTION('',(0.,0.,-1.));
#163 = DIRECTION('',(0.999999999999,1.217585345684E-06,0.));
#164 = ORIENTED_EDGE('',*,*,#165,.T.);
#165 = EDGE_CURVE('',#157,#166,#168,.T.);
#166 = VERTEX_POINT('',#167);
#167 = CARTESIAN_POINT('',(188.927,-122.8475,1.585));
#168 = LINE('',#169,#170);
#169 = CARTESIAN_POINT('',(189.787,-122.8475,1.585));
#170 = VECTOR('',#171,1.);
#171 = DIRECTION('',(-1.,0.,0.));
#172 = ORIENTED_EDGE('',*,*,#173,.T.);
#173 = EDGE_CURVE('',#166,#174,#176,.T.);
#174 = VERTEX_POINT('',#175);
#175 = CARTESIAN_POINT('',(188.927,-125.265,1.585));
#176 = LINE('',#177,#178);
#177 = CARTESIAN_POINT('',(188.927,-122.8475,1.585));
#178 = VECTOR('',#179,1.);
#179 = DIRECTION('',(0.,-1.,0.));
#180 = ORIENTED_EDGE('',*,*,#181,.T.);
#181 = EDGE_CURVE('',#174,#182,#184,.T.);
#182 = VERTEX_POINT('',#183);
#183 = CARTESIAN_POINT('',(186.972,-127.22,1.585));
#184 = CIRCLE('',#185,1.954999171097);
#185 = AXIS2_PLACEMENT_3D('',#186,#187,#188);
#186 = CARTESIAN_POINT('',(186.9720008289,-125.2650008289,1.585));
#187 = DIRECTION('',(0.,0.,-1.));
#188 = DIRECTION('',(1.,4.239917010587E-07,0.));
#189 = ORIENTED_EDGE('',*,*,#190,.T.);
#190 = EDGE_CURVE('',#182,#191,#193,.T.);
#191 = VERTEX_POINT('',#192);
#192 = CARTESIAN_POINT('',(169.827,-127.22,1.585));
#193 = LINE('',#194,#195);
#194 = CARTESIAN_POINT('',(186.972,-127.22,1.585));
#195 = VECTOR('',#196,1.);
#196 = DIRECTION('',(-1.,0.,0.));
#197 = ORIENTED_EDGE('',*,*,#198,.T.);
#198 = EDGE_CURVE('',#191,#199,#201,.T.);
#199 = VERTEX_POINT('',#200);
#200 = CARTESIAN_POINT('',(167.872,-125.265,1.585));
#201 = CIRCLE('',#202,1.954999171097);
#202 = AXIS2_PLACEMENT_3D('',#203,#204,#205);
#203 = CARTESIAN_POINT('',(169.82699917109,-125.2650008289,1.585));
#204 = DIRECTION('',(0.,0.,-1.));
#205 = DIRECTION('',(4.239916792517E-07,-1.,0.));
#206 = ORIENTED_EDGE('',*,*,#207,.T.);
#207 = EDGE_CURVE('',#199,#71,#208,.T.);
#208 = LINE('',#209,#210);
#209 = CARTESIAN_POINT('',(167.872,-125.265,1.585));
#210 = VECTOR('',#211,1.);
#211 = DIRECTION('',(0.,1.,0.));
#212 = FACE_BOUND('',#213,.F.);
#213 = EDGE_LOOP('',(#214,#225,#233,#241,#250,#258,#267,#275,#284,#292,
    #301,#309,#318,#326,#334));
#214 = ORIENTED_EDGE('',*,*,#215,.T.);
#215 = EDGE_CURVE('',#216,#218,#220,.T.);
#216 = VERTEX_POINT('',#217);
#217 = CARTESIAN_POINT('',(188.831,-111.173417,1.585));
#218 = VERTEX_POINT('',#219);
#219 = CARTESIAN_POINT('',(187.097583,-109.44,1.585));
#220 = CIRCLE('',#221,1.858980598695);
#221 = AXIS2_PLACEMENT_3D('',#222,#223,#224);
#222 = CARTESIAN_POINT('',(186.97599963562,-111.2950003643,1.585));
#223 = DIRECTION('',(0.,0.,1.));
#224 = DIRECTION('',(0.997858915621,6.540324544551E-02,-0.));
#225 = ORIENTED_EDGE('',*,*,#226,.T.);
#226 = EDGE_CURVE('',#218,#227,#229,.T.);
#227 = VERTEX_POINT('',#228);
#228 = CARTESIAN_POINT('',(186.972,-109.44,1.585));
#229 = LINE('',#230,#231);
#230 = CARTESIAN_POINT('',(187.097583,-109.44,1.585));
#231 = VECTOR('',#232,1.);
#232 = DIRECTION('',(-1.,0.,0.));
#233 = ORIENTED_EDGE('',*,*,#234,.T.);
#234 = EDGE_CURVE('',#227,#235,#237,.T.);
#235 = VERTEX_POINT('',#236);
#236 = CARTESIAN_POINT('',(169.705417,-109.44,1.585));
#237 = LINE('',#238,#239);
#238 = CARTESIAN_POINT('',(186.972,-109.44,1.585));
#239 = VECTOR('',#240,1.);
#240 = DIRECTION('',(-1.,0.,0.));
#241 = ORIENTED_EDGE('',*,*,#242,.T.);
#242 = EDGE_CURVE('',#235,#243,#245,.T.);
#243 = VERTEX_POINT('',#244);
#244 = CARTESIAN_POINT('',(167.972,-111.173417,1.585));
#245 = CIRCLE('',#246,1.858980598695);
#246 = AXIS2_PLACEMENT_3D('',#247,#248,#249);
#247 = CARTESIAN_POINT('',(169.82700036437,-111.2950003643,1.585));
#248 = DIRECTION('',(0.,0.,1.));
#249 = DIRECTION('',(-6.540324544553E-02,0.997858915621,0.));
#250 = ORIENTED_EDGE('',*,*,#251,.T.);
#251 = EDGE_CURVE('',#243,#252,#254,.T.);
#252 = VERTEX_POINT('',#253);
#253 = CARTESIAN_POINT('',(167.972,-125.386583,1.585));
#254 = LINE('',#255,#256);
#255 = CARTESIAN_POINT('',(167.972,-111.173417,1.585));
#256 = VECTOR('',#257,1.);
#257 = DIRECTION('',(0.,-1.,0.));
#258 = ORIENTED_EDGE('',*,*,#259,.T.);
#259 = EDGE_CURVE('',#252,#260,#262,.T.);
#260 = VERTEX_POINT('',#261);
#261 = CARTESIAN_POINT('',(169.705417,-127.12,1.585));
#262 = CIRCLE('',#263,1.858980598695);
#263 = AXIS2_PLACEMENT_3D('',#264,#265,#266);
#264 = CARTESIAN_POINT('',(169.82700036437,-125.2649996356,1.585));
#265 = DIRECTION('',(0.,0.,1.));
#266 = DIRECTION('',(-0.997858915621,-6.540324544554E-02,0.));
#267 = ORIENTED_EDGE('',*,*,#268,.T.);
#268 = EDGE_CURVE('',#260,#269,#271,.T.);
#269 = VERTEX_POINT('',#270);
#270 = CARTESIAN_POINT('',(187.093583,-127.12,1.585));
#271 = LINE('',#272,#273);
#272 = CARTESIAN_POINT('',(169.705417,-127.12,1.585));
#273 = VECTOR('',#274,1.);
#274 = DIRECTION('',(1.,0.,0.));
#275 = ORIENTED_EDGE('',*,*,#276,.T.);
#276 = EDGE_CURVE('',#269,#277,#279,.T.);
#277 = VERTEX_POINT('',#278);
#278 = CARTESIAN_POINT('',(188.827,-125.386583,1.585));
#279 = CIRCLE('',#280,1.858980598695);
#280 = AXIS2_PLACEMENT_3D('',#281,#282,#283);
#281 = CARTESIAN_POINT('',(186.97199963562,-125.2649996356,1.585));
#282 = DIRECTION('',(0.,0.,1.));
#283 = DIRECTION('',(6.540324544553E-02,-0.997858915621,0.));
#284 = ORIENTED_EDGE('',*,*,#285,.T.);
#285 = EDGE_CURVE('',#277,#286,#288,.T.);
#286 = VERTEX_POINT('',#287);
#287 = CARTESIAN_POINT('',(188.827,-122.816966,1.585));
#288 = LINE('',#289,#290);
#289 = CARTESIAN_POINT('',(188.827,-125.386583,1.585));
#290 = VECTOR('',#291,1.);
#291 = DIRECTION('',(0.,1.,0.));
#292 = ORIENTED_EDGE('',*,*,#293,.T.);
#293 = EDGE_CURVE('',#286,#294,#296,.T.);
#294 = VERTEX_POINT('',#295);
#295 = CARTESIAN_POINT('',(188.827,-122.751034,1.585));
#296 = CIRCLE('',#297,4.095420803773E-02);
#297 = AXIS2_PLACEMENT_3D('',#298,#299,#300);
#298 = CARTESIAN_POINT('',(188.8513,-122.784,1.585));
#299 = DIRECTION('',(0.,0.,-1.));
#300 = DIRECTION('',(-0.593345620982,-0.804947808284,-0.));
#301 = ORIENTED_EDGE('',*,*,#302,.T.);
#302 = EDGE_CURVE('',#294,#303,#305,.T.);
#303 = VERTEX_POINT('',#304);
#304 = CARTESIAN_POINT('',(188.827,-113.817896,1.585));
#305 = LINE('',#306,#307);
#306 = CARTESIAN_POINT('',(188.827,-122.751034,1.585));
#307 = VECTOR('',#308,1.);
#308 = DIRECTION('',(0.,1.,0.));
#309 = ORIENTED_EDGE('',*,*,#310,.T.);
#310 = EDGE_CURVE('',#303,#311,#313,.T.);
#311 = VERTEX_POINT('',#312);
#312 = CARTESIAN_POINT('',(188.827,-113.751963,1.585));
#313 = CIRCLE('',#314,4.101239004471E-02);
#314 = AXIS2_PLACEMENT_3D('',#315,#316,#317);
#315 = CARTESIAN_POINT('',(188.85139725425,-113.7849295,1.585));
#316 = DIRECTION('',(0.,0.,-1.));
#317 = DIRECTION('',(-0.594875212666,-0.803818064835,-0.));
#318 = ORIENTED_EDGE('',*,*,#319,.T.);
#319 = EDGE_CURVE('',#311,#320,#322,.T.);
#320 = VERTEX_POINT('',#321);
#321 = CARTESIAN_POINT('',(188.827,-111.295,1.585));
#322 = LINE('',#323,#324);
#323 = CARTESIAN_POINT('',(188.827,-113.751963,1.585));
#324 = VECTOR('',#325,1.);
#325 = DIRECTION('',(0.,1.,0.));
#326 = ORIENTED_EDGE('',*,*,#327,.T.);
#327 = EDGE_CURVE('',#320,#328,#330,.T.);
#328 = VERTEX_POINT('',#329);
#329 = CARTESIAN_POINT('',(188.831,-111.275672,1.585));
#330 = LINE('',#331,#332);
#331 = CARTESIAN_POINT('',(188.827,-111.295,1.585));
#332 = VECTOR('',#333,1.);
#333 = DIRECTION('',(0.202659214835,0.979249326087,0.));
#334 = ORIENTED_EDGE('',*,*,#335,.T.);
#335 = EDGE_CURVE('',#328,#216,#336,.T.);
#336 = LINE('',#337,#338);
#337 = CARTESIAN_POINT('',(188.831,-111.275672,1.585));
#338 = VECTOR('',#339,1.);
#339 = DIRECTION('',(0.,1.,0.));
#340 = FACE_BOUND('',#341,.F.);
#341 = EDGE_LOOP('',(#342,#353,#361,#369,#377,#386));
#342 = ORIENTED_EDGE('',*,*,#343,.T.);
#343 = EDGE_CURVE('',#344,#346,#348,.T.);
#344 = VERTEX_POINT('',#345);
#345 = CARTESIAN_POINT('',(190.223477,-114.23128,1.585));
#346 = VERTEX_POINT('',#347);
#347 = CARTESIAN_POINT('',(189.844682,-113.852257,1.585));
#348 = CIRCLE('',#349,0.44023769113);
#349 = AXIS2_PLACEMENT_3D('',#350,#351,#352);
#350 = CARTESIAN_POINT('',(189.78699993004,-114.28869944,1.585));
#351 = DIRECTION('',(0.,0.,1.));
#352 = DIRECTION('',(0.991457748269,0.130428269162,-0.));
#353 = ORIENTED_EDGE('',*,*,#354,.T.);
#354 = EDGE_CURVE('',#346,#355,#357,.T.);
#355 = VERTEX_POINT('',#356);
#356 = CARTESIAN_POINT('',(188.927,-113.848704,1.585));
#357 = LINE('',#358,#359);
#358 = CARTESIAN_POINT('',(189.844682,-113.852257,1.585));
#359 = VECTOR('',#360,1.);
#360 = DIRECTION('',(-0.999992505009,3.871682533049E-03,0.));
#361 = ORIENTED_EDGE('',*,*,#362,.T.);
#362 = EDGE_CURVE('',#355,#363,#365,.T.);
#363 = VERTEX_POINT('',#364);
#364 = CARTESIAN_POINT('',(188.927,-122.7205,1.585));
#365 = LINE('',#366,#367);
#366 = CARTESIAN_POINT('',(188.927,-113.848704,1.585));
#367 = VECTOR('',#368,1.);
#368 = DIRECTION('',(0.,-1.,0.));
#369 = ORIENTED_EDGE('',*,*,#370,.T.);
#370 = EDGE_CURVE('',#363,#371,#373,.T.);
#371 = VERTEX_POINT('',#372);
#372 = CARTESIAN_POINT('',(189.844466,-122.7205,1.585));
#373 = LINE('',#374,#375);
#374 = CARTESIAN_POINT('',(188.927,-122.7205,1.585));
#375 = VECTOR('',#376,1.);
#376 = DIRECTION('',(1.,0.,0.));
#377 = ORIENTED_EDGE('',*,*,#378,.T.);
#378 = EDGE_CURVE('',#371,#379,#381,.T.);
#379 = VERTEX_POINT('',#380);
#380 = CARTESIAN_POINT('',(190.2235,-122.341466,1.585));
#381 = CIRCLE('',#382,0.440264382744);
#382 = AXIS2_PLACEMENT_3D('',#383,#384,#385);
#383 = CARTESIAN_POINT('',(189.78700188722,-122.2840018872,1.585));
#384 = DIRECTION('',(0.,0.,1.));
#385 = DIRECTION('',(0.130521829671,-0.991445435705,0.));
#386 = ORIENTED_EDGE('',*,*,#387,.T.);
#387 = EDGE_CURVE('',#379,#344,#388,.T.);
#388 = LINE('',#389,#390);
#389 = CARTESIAN_POINT('',(190.2235,-122.341466,1.585));
#390 = VECTOR('',#391,1.);
#391 = DIRECTION('',(-2.835939890735E-06,0.999999999996,0.));
#392 = PLANE('',#393);
#393 = AXIS2_PLACEMENT_3D('',#394,#395,#396);
#394 = CARTESIAN_POINT('',(0.,0.,1.585));
#395 = DIRECTION('',(0.,0.,1.));
#396 = DIRECTION('',(1.,0.,-0.));
#397 = SHELL_BASED_SURFACE_MODEL('',(#398));
#398 = OPEN_SHELL('',(#399));
#399 = ADVANCED_FACE('',(#400),#492,.T.);
#400 = FACE_BOUND('',#401,.F.);
#401 = EDGE_LOOP('',(#402,#413,#421,#429,#437,#445,#453,#462,#470,#478,
    #486));
#402 = ORIENTED_EDGE('',*,*,#403,.T.);
#403 = EDGE_CURVE('',#404,#406,#408,.T.);
#404 = VERTEX_POINT('',#405);
#405 = CARTESIAN_POINT('',(124.788078,-122.1967,1.585));
#406 = VERTEX_POINT('',#407);
#407 = CARTESIAN_POINT('',(124.912112,-122.212205,1.585));
#408 = CIRCLE('',#409,6.249967636128E-02);
#409 = AXIS2_PLACEMENT_3D('',#410,#411,#412);
#410 = CARTESIAN_POINT('',(124.85009498501,-122.2044526198,1.585));
#411 = DIRECTION('',(0.,0.,-1.));
#412 = DIRECTION('',(-0.992276898491,0.124042560123,0.));
#413 = ORIENTED_EDGE('',*,*,#414,.T.);
#414 = EDGE_CURVE('',#406,#415,#417,.T.);
#415 = VERTEX_POINT('',#416);
#416 = CARTESIAN_POINT('',(124.800721,-123.082132,1.585));
#417 = LINE('',#418,#419);
#418 = CARTESIAN_POINT('',(124.912112,-122.212205,1.585));
#419 = VECTOR('',#420,1.);
#420 = DIRECTION('',(-0.127009394534,-0.991901514113,0.));
#421 = ORIENTED_EDGE('',*,*,#422,.T.);
#422 = EDGE_CURVE('',#415,#423,#425,.T.);
#423 = VERTEX_POINT('',#424);
#424 = CARTESIAN_POINT('',(124.729656,-123.198895,1.585));
#425 = LINE('',#426,#427);
#426 = CARTESIAN_POINT('',(124.800721,-123.082132,1.585));
#427 = VECTOR('',#428,1.);
#428 = DIRECTION('',(-0.519903545353,-0.854224972434,0.));
#429 = ORIENTED_EDGE('',*,*,#430,.T.);
#430 = EDGE_CURVE('',#423,#431,#433,.T.);
#431 = VERTEX_POINT('',#432);
#432 = CARTESIAN_POINT('',(124.710041,-123.213384,1.585));
#433 = LINE('',#434,#435);
#434 = CARTESIAN_POINT('',(124.729656,-123.198895,1.585));
#435 = VECTOR('',#436,1.);
#436 = DIRECTION('',(-0.804353368472,-0.594151208555,0.));
#437 = ORIENTED_EDGE('',*,*,#438,.T.);
#438 = EDGE_CURVE('',#431,#439,#441,.T.);
#439 = VERTEX_POINT('',#440);
#440 = CARTESIAN_POINT('',(124.595609,-123.264292,1.585));
#441 = LINE('',#442,#443);
#442 = CARTESIAN_POINT('',(124.710041,-123.213384,1.585));
#443 = VECTOR('',#444,1.);
#444 = DIRECTION('',(-0.913665301711,-0.406467362097,0.));
#445 = ORIENTED_EDGE('',*,*,#446,.T.);
#446 = EDGE_CURVE('',#439,#447,#449,.T.);
#447 = VERTEX_POINT('',#448);
#448 = CARTESIAN_POINT('',(124.534619,-123.266952,1.585));
#449 = LINE('',#450,#451);
#450 = CARTESIAN_POINT('',(124.595609,-123.264292,1.585));
#451 = VECTOR('',#452,1.);
#452 = DIRECTION('',(-0.99905027695,-4.357228622221E-02,0.));
#453 = ORIENTED_EDGE('',*,*,#454,.T.);
#454 = EDGE_CURVE('',#447,#455,#457,.T.);
#455 = VERTEX_POINT('',#456);
#456 = CARTESIAN_POINT('',(124.510701,-123.14671,1.585));
#457 = CIRCLE('',#458,6.249988563227E-02);
#458 = AXIS2_PLACEMENT_3D('',#459,#460,#461);
#459 = CARTESIAN_POINT('',(124.53461927611,-123.2044521143,1.585));
#460 = DIRECTION('',(0.,0.,-1.));
#461 = DIRECTION('',(-4.417850403678E-06,-0.99999999999,-0.));
#462 = ORIENTED_EDGE('',*,*,#463,.T.);
#463 = EDGE_CURVE('',#455,#464,#466,.T.);
#464 = VERTEX_POINT('',#465);
#465 = CARTESIAN_POINT('',(124.568268,-123.141952,1.585));
#466 = LINE('',#467,#468);
#467 = CARTESIAN_POINT('',(124.510701,-123.14671,1.585));
#468 = VECTOR('',#469,1.);
#469 = DIRECTION('',(0.996601764027,8.2370649734E-02,0.));
#470 = ORIENTED_EDGE('',*,*,#471,.T.);
#471 = EDGE_CURVE('',#464,#472,#474,.T.);
#472 = VERTEX_POINT('',#473);
#473 = CARTESIAN_POINT('',(124.640174,-123.108113,1.585));
#474 = LINE('',#475,#476);
#475 = CARTESIAN_POINT('',(124.568268,-123.141952,1.585));
#476 = VECTOR('',#477,1.);
#477 = DIRECTION('',(0.904814424548,0.425806126224,0.));
#478 = ORIENTED_EDGE('',*,*,#479,.T.);
#479 = EDGE_CURVE('',#472,#480,#482,.T.);
#480 = VERTEX_POINT('',#481);
#481 = CARTESIAN_POINT('',(124.682645,-123.04016,1.585));
#482 = LINE('',#483,#484);
#483 = CARTESIAN_POINT('',(124.640174,-123.108113,1.585));
#484 = VECTOR('',#485,1.);
#485 = DIRECTION('',(0.530002305165,0.84799620077,0.));
#486 = ORIENTED_EDGE('',*,*,#487,.T.);
#487 = EDGE_CURVE('',#480,#404,#488,.T.);
#488 = LINE('',#489,#490);
#489 = CARTESIAN_POINT('',(124.682645,-123.04016,1.585));
#490 = VECTOR('',#491,1.);
#491 = DIRECTION('',(0.124035313758,0.992277804317,0.));
#492 = PLANE('',#493);
#493 = AXIS2_PLACEMENT_3D('',#494,#495,#496);
#494 = CARTESIAN_POINT('',(0.,0.,1.585));
#495 = DIRECTION('',(0.,0.,1.));
#496 = DIRECTION('',(1.,0.,-0.));
#497 = SHELL_BASED_SURFACE_MODEL('',(#498));
#498 = OPEN_SHELL('',(#499));
#499 = ADVANCED_FACE('',(#500),#610,.T.);
#500 = FACE_BOUND('',#501,.F.);
#501 = EDGE_LOOP('',(#502,#513,#521,#529,#538,#546,#555,#563,#571,#579,
    #587,#596,#604));
#502 = ORIENTED_EDGE('',*,*,#503,.T.);
#503 = EDGE_CURVE('',#504,#506,#508,.T.);
#504 = VERTEX_POINT('',#505);
#505 = CARTESIAN_POINT('',(115.269985,-122.177308,1.585));
#506 = VERTEX_POINT('',#507);
#507 = CARTESIAN_POINT('',(115.382581,-122.231595,1.585));
#508 = CIRCLE('',#509,6.249987517023E-02);
#509 = AXIS2_PLACEMENT_3D('',#510,#511,#512);
#510 = CARTESIAN_POINT('',(115.32628290781,-122.2044516911,1.585));
#511 = DIRECTION('',(0.,0.,-1.));
#512 = DIRECTION('',(-0.900768324177,0.434299926502,0.));
#513 = ORIENTED_EDGE('',*,*,#514,.T.);
#514 = EDGE_CURVE('',#506,#515,#517,.T.);
#515 = VERTEX_POINT('',#516);
#516 = CARTESIAN_POINT('',(115.060192,-122.900171,1.585));
#517 = LINE('',#518,#519);
#518 = CARTESIAN_POINT('',(115.382581,-122.231595,1.585));
#519 = VECTOR('',#520,1.);
#520 = DIRECTION('',(-0.434342754904,-0.900747673471,0.));
#521 = ORIENTED_EDGE('',*,*,#522,.T.);
#522 = EDGE_CURVE('',#515,#523,#525,.T.);
#523 = VERTEX_POINT('',#524);
#524 = CARTESIAN_POINT('',(114.928149,-123.146978,1.585));
#525 = LINE('',#526,#527);
#526 = CARTESIAN_POINT('',(115.060192,-122.900171,1.585));
#527 = VECTOR('',#528,1.);
#528 = DIRECTION('',(-0.471735454421,-0.881740132376,0.));
#529 = ORIENTED_EDGE('',*,*,#530,.T.);
#530 = EDGE_CURVE('',#523,#531,#533,.T.);
#531 = VERTEX_POINT('',#532);
#532 = CARTESIAN_POINT('',(114.728038,-123.266882,1.585));
#533 = CIRCLE('',#534,0.372805574853);
#534 = AXIS2_PLACEMENT_3D('',#535,#536,#537);
#535 = CARTESIAN_POINT('',(114.64609798442,-122.903192805,1.585));
#536 = DIRECTION('',(0.,0.,-1.));
#537 = DIRECTION('',(0.756563298947,-0.653920465107,0.));
#538 = ORIENTED_EDGE('',*,*,#539,.T.);
#539 = EDGE_CURVE('',#531,#540,#542,.T.);
#540 = VERTEX_POINT('',#541);
#541 = CARTESIAN_POINT('',(114.683031,-123.25068,1.585));
#542 = LINE('',#543,#544);
#543 = CARTESIAN_POINT('',(114.728038,-123.266882,1.585));
#544 = VECTOR('',#545,1.);
#545 = DIRECTION('',(-0.940890876318,0.338709844649,0.));
#546 = ORIENTED_EDGE('',*,*,#547,.T.);
#547 = EDGE_CURVE('',#540,#548,#550,.T.);
#548 = VERTEX_POINT('',#549);
#549 = CARTESIAN_POINT('',(114.698481,-123.147901,1.585));
#550 = CIRCLE('',#551,6.250036020283E-02);
#551 = AXIS2_PLACEMENT_3D('',#552,#553,#554);
#552 = CARTESIAN_POINT('',(114.72509395048,-123.2044522678,1.585));
#553 = DIRECTION('',(0.,0.,-1.));
#554 = DIRECTION('',(-0.673003329002,-0.739639452133,-0.));
#555 = ORIENTED_EDGE('',*,*,#556,.T.);
#556 = EDGE_CURVE('',#548,#557,#559,.T.);
#557 = VERTEX_POINT('',#558);
#558 = CARTESIAN_POINT('',(114.791506,-123.104124,1.585));
#559 = LINE('',#560,#561);
#560 = CARTESIAN_POINT('',(114.698481,-123.147901,1.585));
#561 = VECTOR('',#562,1.);
#562 = DIRECTION('',(0.904816718296,0.425801252103,0.));
#563 = ORIENTED_EDGE('',*,*,#564,.T.);
#564 = EDGE_CURVE('',#557,#565,#567,.T.);
#565 = VERTEX_POINT('',#566);
#566 = CARTESIAN_POINT('',(114.829815,-123.07007,1.585));
#567 = LINE('',#568,#569);
#568 = CARTESIAN_POINT('',(114.791506,-123.104124,1.585));
#569 = VECTOR('',#570,1.);
#570 = DIRECTION('',(0.747394248987,0.664380791851,0.));
#571 = ORIENTED_EDGE('',*,*,#572,.T.);
#572 = EDGE_CURVE('',#565,#573,#575,.T.);
#573 = VERTEX_POINT('',#574);
#574 = CARTESIAN_POINT('',(114.938722,-122.862629,1.585));
#575 = LINE('',#576,#577);
#576 = CARTESIAN_POINT('',(114.829815,-123.07007,1.585));
#577 = VECTOR('',#578,1.);
#578 = DIRECTION('',(0.464835488319,0.885397068438,0.));
#579 = ORIENTED_EDGE('',*,*,#580,.T.);
#580 = EDGE_CURVE('',#573,#581,#583,.T.);
#581 = VERTEX_POINT('',#582);
#582 = CARTESIAN_POINT('',(114.789212,-122.218585,1.585));
#583 = LINE('',#584,#585);
#584 = CARTESIAN_POINT('',(114.938722,-122.862629,1.585));
#585 = VECTOR('',#586,1.);
#586 = DIRECTION('',(-0.226129399671,0.974097271634,0.));
#587 = ORIENTED_EDGE('',*,*,#588,.T.);
#588 = EDGE_CURVE('',#581,#589,#591,.T.);
#589 = VERTEX_POINT('',#590);
#590 = CARTESIAN_POINT('',(114.910974,-122.190319,1.585));
#591 = CIRCLE('',#592,6.249990280024E-02);
#592 = AXIS2_PLACEMENT_3D('',#593,#594,#595);
#593 = CARTESIAN_POINT('',(114.85009295471,-122.2044518049,1.585));
#594 = DIRECTION('',(0.,0.,-1.));
#595 = DIRECTION('',(-0.974096790264,-0.226131473256,-0.));
#596 = ORIENTED_EDGE('',*,*,#597,.T.);
#597 = EDGE_CURVE('',#589,#598,#600,.T.);
#598 = VERTEX_POINT('',#599);
#599 = CARTESIAN_POINT('',(115.025613,-122.684152,1.585));
#600 = LINE('',#601,#602);
#601 = CARTESIAN_POINT('',(114.910974,-122.190319,1.585));
#602 = VECTOR('',#603,1.);
#603 = DIRECTION('',(0.226128203187,-0.974097549388,0.));
#604 = ORIENTED_EDGE('',*,*,#605,.T.);
#605 = EDGE_CURVE('',#598,#504,#606,.T.);
#606 = LINE('',#607,#608);
#607 = CARTESIAN_POINT('',(115.025613,-122.684152,1.585));
#608 = VECTOR('',#609,1.);
#609 = DIRECTION('',(0.43430031866,0.9007681351,0.));
#610 = PLANE('',#611);
#611 = AXIS2_PLACEMENT_3D('',#612,#613,#614);
#612 = CARTESIAN_POINT('',(0.,0.,1.585));
#613 = DIRECTION('',(0.,0.,1.));
#614 = DIRECTION('',(1.,0.,-0.));
#615 = SHELL_BASED_SURFACE_MODEL('',(#616));
#616 = OPEN_SHELL('',(#617));
#617 = ADVANCED_FACE('',(#618,#743),#811,.T.);
#618 = FACE_BOUND('',#619,.F.);
#619 = EDGE_LOOP('',(#620,#631,#639,#647,#655,#663,#672,#680,#688,#696,
    #704,#712,#720,#728,#737));
#620 = ORIENTED_EDGE('',*,*,#621,.T.);
#621 = EDGE_CURVE('',#622,#624,#626,.T.);
#622 = VERTEX_POINT('',#623);
#623 = CARTESIAN_POINT('',(115.645219,-122.1967,1.585));
#624 = VERTEX_POINT('',#625);
#625 = CARTESIAN_POINT('',(115.738131,-122.150123,1.585));
#626 = CIRCLE('',#627,6.250018551819E-02);
#627 = AXIS2_PLACEMENT_3D('',#628,#629,#630);
#628 = CARTESIAN_POINT('',(115.70723639571,-122.2044534391,1.585));
#629 = DIRECTION('',(0.,0.,-1.));
#630 = DIRECTION('',(-0.992275386104,0.124054657839,0.));
#631 = ORIENTED_EDGE('',*,*,#632,.T.);
#632 = EDGE_CURVE('',#624,#633,#635,.T.);
#633 = VERTEX_POINT('',#634);
#634 = CARTESIAN_POINT('',(115.746975,-122.161494,1.585));
#635 = LINE('',#636,#637);
#636 = CARTESIAN_POINT('',(115.738131,-122.150123,1.585));
#637 = VECTOR('',#638,1.);
#638 = DIRECTION('',(0.613935807618,-0.789355955272,0.));
#639 = ORIENTED_EDGE('',*,*,#640,.T.);
#640 = EDGE_CURVE('',#633,#641,#643,.T.);
#641 = VERTEX_POINT('',#642);
#642 = CARTESIAN_POINT('',(115.79953,-122.142022,1.585));
#643 = LINE('',#644,#645);
#644 = CARTESIAN_POINT('',(115.746975,-122.161494,1.585));
#645 = VECTOR('',#646,1.);
#646 = DIRECTION('',(0.937706999733,0.347427089693,0.));
#647 = ORIENTED_EDGE('',*,*,#648,.T.);
#648 = EDGE_CURVE('',#641,#649,#651,.T.);
#649 = VERTEX_POINT('',#650);
#650 = CARTESIAN_POINT('',(115.997207,-122.142798,1.585));
#651 = LINE('',#652,#653);
#652 = CARTESIAN_POINT('',(115.79953,-122.142022,1.585));
#653 = VECTOR('',#654,1.);
#654 = DIRECTION('',(0.999992294938,-3.925565548211E-03,0.));
#655 = ORIENTED_EDGE('',*,*,#656,.T.);
#656 = EDGE_CURVE('',#649,#657,#659,.T.);
#657 = VERTEX_POINT('',#658);
#658 = CARTESIAN_POINT('',(116.022362,-122.149305,1.585));
#659 = LINE('',#660,#661);
#660 = CARTESIAN_POINT('',(115.997207,-122.142798,1.585));
#661 = VECTOR('',#662,1.);
#662 = DIRECTION('',(0.968133881216,-0.250433200758,0.));
#663 = ORIENTED_EDGE('',*,*,#664,.T.);
#664 = EDGE_CURVE('',#657,#665,#667,.T.);
#665 = VERTEX_POINT('',#666);
#666 = CARTESIAN_POINT('',(116.220557,-122.387751,1.585));
#667 = CIRCLE('',#668,0.290970862068);
#668 = AXIS2_PLACEMENT_3D('',#669,#670,#671);
#669 = CARTESIAN_POINT('',(115.93210072955,-122.4259219655,1.585));
#670 = DIRECTION('',(0.,0.,-1.));
#671 = DIRECTION('',(0.310207248272,0.950668955588,0.));
#672 = ORIENTED_EDGE('',*,*,#673,.T.);
#673 = EDGE_CURVE('',#665,#674,#676,.T.);
#674 = VERTEX_POINT('',#675);
#675 = CARTESIAN_POINT('',(116.18167,-122.701183,1.585));
#676 = LINE('',#677,#678);
#677 = CARTESIAN_POINT('',(116.220557,-122.387751,1.585));
#678 = VECTOR('',#679,1.);
#679 = DIRECTION('',(-0.123124372926,-0.992391247841,0.));
#680 = ORIENTED_EDGE('',*,*,#681,.T.);
#681 = EDGE_CURVE('',#674,#682,#684,.T.);
#682 = VERTEX_POINT('',#683);
#683 = CARTESIAN_POINT('',(116.105902,-122.822593,1.585));
#684 = LINE('',#685,#686);
#685 = CARTESIAN_POINT('',(116.18167,-122.701183,1.585));
#686 = VECTOR('',#687,1.);
#687 = DIRECTION('',(-0.529429770298,-0.848353769558,0.));
#688 = ORIENTED_EDGE('',*,*,#689,.T.);
#689 = EDGE_CURVE('',#682,#690,#692,.T.);
#690 = VERTEX_POINT('',#691);
#691 = CARTESIAN_POINT('',(116.03742,-122.880051,1.585));
#692 = LINE('',#693,#694);
#693 = CARTESIAN_POINT('',(116.105902,-122.822593,1.585));
#694 = VECTOR('',#695,1.);
#695 = DIRECTION('',(-0.766073200717,-0.642753336158,0.));
#696 = ORIENTED_EDGE('',*,*,#697,.T.);
#697 = EDGE_CURVE('',#690,#698,#700,.T.);
#698 = VERTEX_POINT('',#699);
#699 = CARTESIAN_POINT('',(115.922988,-122.930959,1.585));
#700 = LINE('',#701,#702);
#701 = CARTESIAN_POINT('',(116.03742,-122.880051,1.585));
#702 = VECTOR('',#703,1.);
#703 = DIRECTION('',(-0.913665301711,-0.406467362097,0.));
#704 = ORIENTED_EDGE('',*,*,#705,.T.);
#705 = EDGE_CURVE('',#698,#706,#708,.T.);
#706 = VERTEX_POINT('',#707);
#707 = CARTESIAN_POINT('',(115.704256,-122.930658,1.585));
#708 = LINE('',#709,#710);
#709 = CARTESIAN_POINT('',(115.922988,-122.930959,1.585));
#710 = VECTOR('',#711,1.);
#711 = DIRECTION('',(-0.999999053158,1.376111931532E-03,0.));
#712 = ORIENTED_EDGE('',*,*,#713,.T.);
#713 = EDGE_CURVE('',#706,#714,#716,.T.);
#714 = VERTEX_POINT('',#715);
#715 = CARTESIAN_POINT('',(115.680603,-122.921399,1.585));
#716 = LINE('',#717,#718);
#717 = CARTESIAN_POINT('',(115.704256,-122.930658,1.585));
#718 = VECTOR('',#719,1.);
#719 = DIRECTION('',(-0.931196303739,0.364518098183,0.));
#720 = ORIENTED_EDGE('',*,*,#721,.T.);
#721 = EDGE_CURVE('',#714,#722,#724,.T.);
#722 = VERTEX_POINT('',#723);
#723 = CARTESIAN_POINT('',(115.644253,-123.212204,1.585));
#724 = LINE('',#725,#726);
#725 = CARTESIAN_POINT('',(115.680603,-122.921399,1.585));
#726 = VECTOR('',#727,1.);
#727 = DIRECTION('',(-0.124032634788,-0.992278139187,0.));
#728 = ORIENTED_EDGE('',*,*,#729,.T.);
#729 = EDGE_CURVE('',#722,#730,#732,.T.);
#730 = VERTEX_POINT('',#731);
#731 = CARTESIAN_POINT('',(115.520219,-123.1967,1.585));
#732 = CIRCLE('',#733,6.24996143432E-02);
#733 = AXIS2_PLACEMENT_3D('',#734,#735,#736);
#734 = CARTESIAN_POINT('',(115.5822359727,-123.2044522183,1.585));
#735 = DIRECTION('',(-0.,0.,-1.));
#736 = DIRECTION('',(0.992278559637,-0.124029271077,-0.));
#737 = ORIENTED_EDGE('',*,*,#738,.T.);
#738 = EDGE_CURVE('',#730,#622,#739,.T.);
#739 = LINE('',#740,#741);
#740 = CARTESIAN_POINT('',(115.520219,-123.1967,1.585));
#741 = VECTOR('',#742,1.);
#742 = DIRECTION('',(0.124034734589,0.992277876714,0.));
#743 = FACE_BOUND('',#744,.F.);
#744 = EDGE_LOOP('',(#745,#756,#764,#772,#780,#788,#796,#805));
#745 = ORIENTED_EDGE('',*,*,#746,.T.);
#746 = EDGE_CURVE('',#747,#749,#751,.T.);
#747 = VERTEX_POINT('',#748);
#748 = CARTESIAN_POINT('',(116.095689,-122.402456,1.585));
#749 = VERTEX_POINT('',#750);
#750 = CARTESIAN_POINT('',(115.977325,-122.266952,1.585));
#751 = CIRCLE('',#752,0.160548729222);
#752 = AXIS2_PLACEMENT_3D('',#753,#754,#755);
#753 = CARTESIAN_POINT('',(115.93635717791,-122.4221857978,1.585));
#754 = DIRECTION('',(0.,0.,1.));
#755 = DIRECTION('',(0.992420325344,0.122889779248,-0.));
#756 = ORIENTED_EDGE('',*,*,#757,.T.);
#757 = EDGE_CURVE('',#749,#758,#760,.T.);
#758 = VERTEX_POINT('',#759);
#759 = CARTESIAN_POINT('',(115.816445,-122.266952,1.585));
#760 = LINE('',#761,#762);
#761 = CARTESIAN_POINT('',(115.977325,-122.266952,1.585));
#762 = VECTOR('',#763,1.);
#763 = DIRECTION('',(-1.,0.,0.));
#764 = ORIENTED_EDGE('',*,*,#765,.T.);
#765 = EDGE_CURVE('',#758,#766,#768,.T.);
#766 = VERTEX_POINT('',#767);
#767 = CARTESIAN_POINT('',(115.759032,-122.293969,1.585));
#768 = LINE('',#769,#770);
#769 = CARTESIAN_POINT('',(115.816445,-122.266952,1.585));
#770 = VECTOR('',#771,1.);
#771 = DIRECTION('',(-0.904824059608,-0.425785651654,0.));
#772 = ORIENTED_EDGE('',*,*,#773,.T.);
#773 = EDGE_CURVE('',#766,#774,#776,.T.);
#774 = VERTEX_POINT('',#775);
#775 = CARTESIAN_POINT('',(115.697205,-122.788586,1.585));
#776 = LINE('',#777,#778);
#777 = CARTESIAN_POINT('',(115.759032,-122.293969,1.585));
#778 = VECTOR('',#779,1.);
#779 = DIRECTION('',(-0.124034487678,-0.992277907578,0.));
#780 = ORIENTED_EDGE('',*,*,#781,.T.);
#781 = EDGE_CURVE('',#774,#782,#784,.T.);
#782 = VERTEX_POINT('',#783);
#783 = CARTESIAN_POINT('',(115.734765,-122.808619,1.585));
#784 = LINE('',#785,#786);
#785 = CARTESIAN_POINT('',(115.697205,-122.788586,1.585));
#786 = VECTOR('',#787,1.);
#787 = DIRECTION('',(0.882343186704,-0.470606524474,0.));
#788 = ORIENTED_EDGE('',*,*,#789,.T.);
#789 = EDGE_CURVE('',#782,#790,#792,.T.);
#790 = VERTEX_POINT('',#791);
#791 = CARTESIAN_POINT('',(115.895647,-122.808619,1.585));
#792 = LINE('',#793,#794);
#793 = CARTESIAN_POINT('',(115.734765,-122.808619,1.585));
#794 = VECTOR('',#795,1.);
#795 = DIRECTION('',(1.,0.,0.));
#796 = ORIENTED_EDGE('',*,*,#797,.T.);
#797 = EDGE_CURVE('',#790,#798,#800,.T.);
#798 = VERTEX_POINT('',#799);
#799 = CARTESIAN_POINT('',(116.063595,-122.659207,1.585));
#800 = CIRCLE('',#801,0.25036538347);
#801 = AXIS2_PLACEMENT_3D('',#802,#803,#804);
#802 = CARTESIAN_POINT('',(115.83092074345,-122.566765042,1.585));
#803 = DIRECTION('',(0.,0.,1.));
#804 = DIRECTION('',(0.258527179949,-0.966003984064,0.));
#805 = ORIENTED_EDGE('',*,*,#806,.T.);
#806 = EDGE_CURVE('',#798,#747,#807,.T.);
#807 = LINE('',#808,#809);
#808 = CARTESIAN_POINT('',(116.063595,-122.659207,1.585));
#809 = VECTOR('',#810,1.);
#810 = DIRECTION('',(0.12403521025,0.992277817256,0.));
#811 = PLANE('',#812);
#812 = AXIS2_PLACEMENT_3D('',#813,#814,#815);
#813 = CARTESIAN_POINT('',(0.,0.,1.585));
#814 = DIRECTION('',(0.,0.,1.));
#815 = DIRECTION('',(1.,0.,-0.));
#816 = SHELL_BASED_SURFACE_MODEL('',(#817));
#817 = OPEN_SHELL('',(#818));
#818 = ADVANCED_FACE('',(#819),#985,.T.);
#819 = FACE_BOUND('',#820,.F.);
#820 = EDGE_LOOP('',(#821,#832,#840,#848,#857,#865,#873,#881,#889,#897,
    #906,#914,#922,#930,#938,#946,#954,#962,#971,#979));
#821 = ORIENTED_EDGE('',*,*,#822,.T.);
#822 = EDGE_CURVE('',#823,#825,#827,.T.);
#823 = VERTEX_POINT('',#824);
#824 = CARTESIAN_POINT('',(127.02022,-121.863367,1.585));
#825 = VERTEX_POINT('',#826);
#826 = CARTESIAN_POINT('',(127.144254,-121.878871,1.585));
#827 = CIRCLE('',#828,6.249961434501E-02);
#828 = AXIS2_PLACEMENT_3D('',#829,#830,#831);
#829 = CARTESIAN_POINT('',(127.08223693499,-121.87111952,1.585));
#830 = DIRECTION('',(0.,0.,-1.));
#831 = DIRECTION('',(-0.992277082696,0.124041086569,0.));
#832 = ORIENTED_EDGE('',*,*,#833,.T.);
#833 = EDGE_CURVE('',#825,#834,#836,.T.);
#834 = VERTEX_POINT('',#835);
#835 = CARTESIAN_POINT('',(127.111369,-122.141952,1.585));
#836 = LINE('',#837,#838);
#837 = CARTESIAN_POINT('',(127.144254,-121.878871,1.585));
#838 = VECTOR('',#839,1.);
#839 = DIRECTION('',(-0.124034270373,-0.992277934741,0.));
#840 = ORIENTED_EDGE('',*,*,#841,.T.);
#841 = EDGE_CURVE('',#834,#842,#844,.T.);
#842 = VERTEX_POINT('',#843);
#843 = CARTESIAN_POINT('',(127.278666,-122.141952,1.585));
#844 = LINE('',#845,#846);
#845 = CARTESIAN_POINT('',(127.111369,-122.141952,1.585));
#846 = VECTOR('',#847,1.);
#847 = DIRECTION('',(1.,0.,0.));
#848 = ORIENTED_EDGE('',*,*,#849,.T.);
#849 = EDGE_CURVE('',#842,#850,#852,.T.);
#850 = VERTEX_POINT('',#851);
#851 = CARTESIAN_POINT('',(127.278666,-122.266952,1.585));
#852 = CIRCLE('',#853,6.2500000001E-02);
#853 = AXIS2_PLACEMENT_3D('',#854,#855,#856);
#854 = CARTESIAN_POINT('',(127.27866564746,-122.204452,1.585));
#855 = DIRECTION('',(0.,0.,-1.));
#856 = DIRECTION('',(5.640539029538E-06,0.999999999984,0.));
#857 = ORIENTED_EDGE('',*,*,#858,.T.);
#858 = EDGE_CURVE('',#850,#859,#861,.T.);
#859 = VERTEX_POINT('',#860);
#860 = CARTESIAN_POINT('',(127.095744,-122.266952,1.585));
#861 = LINE('',#862,#863);
#862 = CARTESIAN_POINT('',(127.278666,-122.266952,1.585));
#863 = VECTOR('',#864,1.);
#864 = DIRECTION('',(-1.,0.,0.));
#865 = ORIENTED_EDGE('',*,*,#866,.T.);
#866 = EDGE_CURVE('',#859,#867,#869,.T.);
#867 = VERTEX_POINT('',#868);
#868 = CARTESIAN_POINT('',(127.039022,-122.720732,1.585));
#869 = LINE('',#870,#871);
#870 = CARTESIAN_POINT('',(127.095744,-122.266952,1.585));
#871 = VECTOR('',#872,1.);
#872 = DIRECTION('',(-0.124033658063,-0.992278011279,0.));
#873 = ORIENTED_EDGE('',*,*,#874,.T.);
#874 = EDGE_CURVE('',#867,#875,#877,.T.);
#875 = VERTEX_POINT('',#876);
#876 = CARTESIAN_POINT('',(127.061043,-122.779458,1.585));
#877 = LINE('',#878,#879);
#878 = CARTESIAN_POINT('',(127.039022,-122.720732,1.585));
#879 = VECTOR('',#880,1.);
#880 = DIRECTION('',(0.351105968494,-0.936335729793,0.));
#881 = ORIENTED_EDGE('',*,*,#882,.T.);
#882 = EDGE_CURVE('',#875,#883,#885,.T.);
#883 = VERTEX_POINT('',#884);
#884 = CARTESIAN_POINT('',(127.11572,-122.808619,1.585));
#885 = LINE('',#886,#887);
#886 = CARTESIAN_POINT('',(127.061043,-122.779458,1.585));
#887 = VECTOR('',#888,1.);
#888 = DIRECTION('',(0.882353387891,-0.470587397704,0.));
#889 = ORIENTED_EDGE('',*,*,#890,.T.);
#890 = EDGE_CURVE('',#883,#891,#893,.T.);
#891 = VERTEX_POINT('',#892);
#892 = CARTESIAN_POINT('',(127.195333,-122.808619,1.585));
#893 = LINE('',#894,#895);
#894 = CARTESIAN_POINT('',(127.11572,-122.808619,1.585));
#895 = VECTOR('',#896,1.);
#896 = DIRECTION('',(1.,0.,0.));
#897 = ORIENTED_EDGE('',*,*,#898,.T.);
#898 = EDGE_CURVE('',#891,#899,#901,.T.);
#899 = VERTEX_POINT('',#900);
#900 = CARTESIAN_POINT('',(127.195333,-122.933619,1.585));
#901 = CIRCLE('',#902,6.250000000099E-02);
#902 = AXIS2_PLACEMENT_3D('',#903,#904,#905);
#903 = CARTESIAN_POINT('',(127.19533264746,-122.871119,1.585));
#904 = DIRECTION('',(0.,0.,-1.));
#905 = DIRECTION('',(5.640539029538E-06,0.999999999984,0.));
#906 = ORIENTED_EDGE('',*,*,#907,.T.);
#907 = EDGE_CURVE('',#899,#908,#910,.T.);
#908 = VERTEX_POINT('',#909);
#909 = CARTESIAN_POINT('',(127.085208,-122.930657,1.585));
#910 = LINE('',#911,#912);
#911 = CARTESIAN_POINT('',(127.195333,-122.933619,1.585));
#912 = VECTOR('',#913,1.);
#913 = DIRECTION('',(-0.999638479682,2.688698457946E-02,0.));
#914 = ORIENTED_EDGE('',*,*,#915,.T.);
#915 = EDGE_CURVE('',#908,#916,#918,.T.);
#916 = VERTEX_POINT('',#917);
#917 = CARTESIAN_POINT('',(126.981397,-122.878647,1.585));
#918 = LINE('',#919,#920);
#919 = CARTESIAN_POINT('',(127.085208,-122.930657,1.585));
#920 = VECTOR('',#921,1.);
#921 = DIRECTION('',(-0.894066900854,0.447933451305,0.));
#922 = ORIENTED_EDGE('',*,*,#923,.T.);
#923 = EDGE_CURVE('',#916,#924,#926,.T.);
#924 = VERTEX_POINT('',#925);
#925 = CARTESIAN_POINT('',(126.961796,-122.860776,1.585));
#926 = LINE('',#927,#928);
#927 = CARTESIAN_POINT('',(126.981397,-122.878647,1.585));
#928 = VECTOR('',#929,1.);
#929 = DIRECTION('',(-0.738965228869,0.673743564365,0.));
#930 = ORIENTED_EDGE('',*,*,#931,.T.);
#931 = EDGE_CURVE('',#924,#932,#934,.T.);
#932 = VERTEX_POINT('',#933);
#933 = CARTESIAN_POINT('',(126.916574,-122.750206,1.585));
#934 = LINE('',#935,#936);
#935 = CARTESIAN_POINT('',(126.961796,-122.860776,1.585));
#936 = VECTOR('',#937,1.);
#937 = DIRECTION('',(-0.378552660639,0.925579755139,0.));
#938 = ORIENTED_EDGE('',*,*,#939,.T.);
#939 = EDGE_CURVE('',#932,#940,#942,.T.);
#940 = VERTEX_POINT('',#941);
#941 = CARTESIAN_POINT('',(126.913078,-122.720509,1.585));
#942 = LINE('',#943,#944);
#943 = CARTESIAN_POINT('',(126.916574,-122.750206,1.585));
#944 = VECTOR('',#945,1.);
#945 = DIRECTION('',(-0.116914980539,0.993141927081,0.));
#946 = ORIENTED_EDGE('',*,*,#947,.T.);
#947 = EDGE_CURVE('',#940,#948,#950,.T.);
#948 = VERTEX_POINT('',#949);
#949 = CARTESIAN_POINT('',(126.969772,-122.266952,1.585));
#950 = LINE('',#951,#952);
#951 = CARTESIAN_POINT('',(126.913078,-122.720509,1.585));
#952 = VECTOR('',#953,1.);
#953 = DIRECTION('',(0.12403338827,0.992278045003,0.));
#954 = ORIENTED_EDGE('',*,*,#955,.T.);
#955 = EDGE_CURVE('',#948,#956,#958,.T.);
#956 = VERTEX_POINT('',#957);
#957 = CARTESIAN_POINT('',(126.897714,-122.266952,1.585));
#958 = LINE('',#959,#960);
#959 = CARTESIAN_POINT('',(126.969772,-122.266952,1.585));
#960 = VECTOR('',#961,1.);
#961 = DIRECTION('',(-1.,0.,0.));
#962 = ORIENTED_EDGE('',*,*,#963,.T.);
#963 = EDGE_CURVE('',#956,#964,#966,.T.);
#964 = VERTEX_POINT('',#965);
#965 = CARTESIAN_POINT('',(126.897714,-122.141952,1.585));
#966 = CIRCLE('',#967,6.250000000099E-02);
#967 = AXIS2_PLACEMENT_3D('',#968,#969,#970);
#968 = CARTESIAN_POINT('',(126.89771435253,-122.204452,1.585));
#969 = DIRECTION('',(0.,0.,-1.));
#970 = DIRECTION('',(-5.640539029538E-06,-0.999999999984,-0.));
#971 = ORIENTED_EDGE('',*,*,#972,.T.);
#972 = EDGE_CURVE('',#964,#973,#975,.T.);
#973 = VERTEX_POINT('',#974);
#974 = CARTESIAN_POINT('',(126.985397,-122.141952,1.585));
#975 = LINE('',#976,#977);
#976 = CARTESIAN_POINT('',(126.897714,-122.141952,1.585));
#977 = VECTOR('',#978,1.);
#978 = DIRECTION('',(1.,0.,0.));
#979 = ORIENTED_EDGE('',*,*,#980,.T.);
#980 = EDGE_CURVE('',#973,#823,#981,.T.);
#981 = LINE('',#982,#983);
#982 = CARTESIAN_POINT('',(126.985397,-122.141952,1.585));
#983 = VECTOR('',#984,1.);
#984 = DIRECTION('',(0.124034296208,0.992277931511,0.));
#985 = PLANE('',#986);
#986 = AXIS2_PLACEMENT_3D('',#987,#988,#989);
#987 = CARTESIAN_POINT('',(0.,0.,1.585));
#988 = DIRECTION('',(0.,0.,1.));
#989 = DIRECTION('',(1.,0.,-0.));
#990 = SHELL_BASED_SURFACE_MODEL('',(#991));
#991 = OPEN_SHELL('',(#992));
#992 = ADVANCED_FACE('',(#993,#1198),#1280,.T.);
#993 = FACE_BOUND('',#994,.F.);
#994 = EDGE_LOOP('',(#995,#1006,#1014,#1022,#1030,#1038,#1047,#1055,
    #1063,#1071,#1079,#1087,#1095,#1103,#1111,#1119,#1127,#1135,#1143,
    #1151,#1159,#1167,#1175,#1183,#1191));
#995 = ORIENTED_EDGE('',*,*,#996,.T.);
#996 = EDGE_CURVE('',#997,#999,#1001,.T.);
#997 = VERTEX_POINT('',#998);
#998 = CARTESIAN_POINT('',(120.627053,-122.19552,1.585));
#999 = VERTEX_POINT('',#1000);
#1000 = CARTESIAN_POINT('',(120.974744,-122.149305,1.585));
#1001 = CIRCLE('',#1002,0.434813943798);
#1002 = AXIS2_PLACEMENT_3D('',#1003,#1004,#1005);
#1003 = CARTESIAN_POINT('',(120.85332326764,-122.566821672,1.585));
#1004 = DIRECTION('',(0.,0.,-1.));
#1005 = DIRECTION('',(-0.520384111125,0.853932302287,0.));
#1006 = ORIENTED_EDGE('',*,*,#1007,.T.);
#1007 = EDGE_CURVE('',#999,#1008,#1010,.T.);
#1008 = VERTEX_POINT('',#1009);
#1009 = CARTESIAN_POINT('',(121.080285,-122.209401,1.585));
#1010 = LINE('',#1011,#1012);
#1011 = CARTESIAN_POINT('',(120.974744,-122.149305,1.585));
#1012 = VECTOR('',#1013,1.);
#1013 = DIRECTION('',(0.868998119038,-0.494815388917,0.));
#1014 = ORIENTED_EDGE('',*,*,#1015,.T.);
#1015 = EDGE_CURVE('',#1008,#1016,#1018,.T.);
#1016 = VERTEX_POINT('',#1017);
#1017 = CARTESIAN_POINT('',(121.093139,-122.230126,1.585));
#1018 = LINE('',#1019,#1020);
#1019 = CARTESIAN_POINT('',(121.080285,-122.209401,1.585));
#1020 = VECTOR('',#1021,1.);
#1021 = DIRECTION('',(0.527072948019,-0.849820044166,0.));
#1022 = ORIENTED_EDGE('',*,*,#1023,.T.);
#1023 = EDGE_CURVE('',#1016,#1024,#1026,.T.);
#1024 = VERTEX_POINT('',#1025);
#1025 = CARTESIAN_POINT('',(121.131272,-122.340129,1.585));
#1026 = LINE('',#1027,#1028);
#1027 = CARTESIAN_POINT('',(121.093139,-122.230126,1.585));
#1028 = VECTOR('',#1029,1.);
#1029 = DIRECTION('',(0.327532685112,-0.94483984896,0.));
#1030 = ORIENTED_EDGE('',*,*,#1031,.T.);
#1031 = EDGE_CURVE('',#1024,#1032,#1034,.T.);
#1032 = VERTEX_POINT('',#1033);
#1033 = CARTESIAN_POINT('',(121.066873,-122.878871,1.585));
#1034 = LINE('',#1035,#1036);
#1035 = CARTESIAN_POINT('',(121.131272,-122.340129,1.585));
#1036 = VECTOR('',#1037,1.);
#1037 = DIRECTION('',(-0.118690912479,-0.992931250034,0.));
#1038 = ORIENTED_EDGE('',*,*,#1039,.T.);
#1039 = EDGE_CURVE('',#1032,#1040,#1042,.T.);
#1040 = VERTEX_POINT('',#1041);
#1041 = CARTESIAN_POINT('',(120.973961,-122.925448,1.585));
#1042 = CIRCLE('',#1043,6.25001855182E-02);
#1043 = AXIS2_PLACEMENT_3D('',#1044,#1045,#1046);
#1044 = CARTESIAN_POINT('',(121.00485560428,-122.8711175608,1.585));
#1045 = DIRECTION('',(0.,0.,-1.));
#1046 = DIRECTION('',(0.992275386104,-0.124054657839,0.));
#1047 = ORIENTED_EDGE('',*,*,#1048,.T.);
#1048 = EDGE_CURVE('',#1040,#1049,#1051,.T.);
#1049 = VERTEX_POINT('',#1050);
#1050 = CARTESIAN_POINT('',(120.965116,-122.914076,1.585));
#1051 = LINE('',#1052,#1053);
#1052 = CARTESIAN_POINT('',(120.973961,-122.925448,1.585));
#1053 = VECTOR('',#1054,1.);
#1054 = DIRECTION('',(-0.613945418921,0.789348479815,0.));
#1055 = ORIENTED_EDGE('',*,*,#1056,.T.);
#1056 = EDGE_CURVE('',#1049,#1057,#1059,.T.);
#1057 = VERTEX_POINT('',#1058);
#1058 = CARTESIAN_POINT('',(120.912563,-122.933549,1.585));
#1059 = LINE('',#1060,#1061);
#1060 = CARTESIAN_POINT('',(120.965116,-122.914076,1.585));
#1061 = VECTOR('',#1062,1.);
#1062 = DIRECTION('',(-0.937696878925,-0.347454404569,0.));
#1063 = ORIENTED_EDGE('',*,*,#1064,.T.);
#1064 = EDGE_CURVE('',#1057,#1065,#1067,.T.);
#1065 = VERTEX_POINT('',#1066);
#1066 = CARTESIAN_POINT('',(120.656638,-122.930658,1.585));
#1067 = LINE('',#1068,#1069);
#1068 = CARTESIAN_POINT('',(120.912563,-122.933549,1.585));
#1069 = VECTOR('',#1070,1.);
#1070 = DIRECTION('',(-0.999936203155,1.129555753962E-02,0.));
#1071 = ORIENTED_EDGE('',*,*,#1072,.T.);
#1072 = EDGE_CURVE('',#1065,#1073,#1075,.T.);
#1073 = VERTEX_POINT('',#1074);
#1074 = CARTESIAN_POINT('',(120.552825,-122.878647,1.585));
#1075 = LINE('',#1076,#1077);
#1076 = CARTESIAN_POINT('',(120.656638,-122.930658,1.585));
#1077 = VECTOR('',#1078,1.);
#1078 = DIRECTION('',(-0.894066907798,0.447933437445,0.));
#1079 = ORIENTED_EDGE('',*,*,#1080,.T.);
#1080 = EDGE_CURVE('',#1073,#1081,#1083,.T.);
#1081 = VERTEX_POINT('',#1082);
#1082 = CARTESIAN_POINT('',(120.533223,-122.860774,1.585));
#1083 = LINE('',#1084,#1085);
#1084 = CARTESIAN_POINT('',(120.552825,-122.878647,1.585));
#1085 = VECTOR('',#1086,1.);
#1086 = DIRECTION('',(-0.738944803474,0.673765966355,0.));
#1087 = ORIENTED_EDGE('',*,*,#1088,.T.);
#1088 = EDGE_CURVE('',#1081,#1089,#1091,.T.);
#1089 = VERTEX_POINT('',#1090);
#1090 = CARTESIAN_POINT('',(120.488002,-122.750206,1.585));
#1091 = LINE('',#1092,#1093);
#1092 = CARTESIAN_POINT('',(120.533223,-122.860774,1.585));
#1093 = VECTOR('',#1094,1.);
#1094 = DIRECTION('',(-0.378551355272,0.925580289019,0.));
#1095 = ORIENTED_EDGE('',*,*,#1096,.T.);
#1096 = EDGE_CURVE('',#1089,#1097,#1099,.T.);
#1097 = VERTEX_POINT('',#1098);
#1098 = CARTESIAN_POINT('',(120.484505,-122.720509,1.585));
#1099 = LINE('',#1100,#1101);
#1100 = CARTESIAN_POINT('',(120.488002,-122.750206,1.585));
#1101 = VECTOR('',#1102,1.);
#1102 = DIRECTION('',(-0.116947965716,0.993138043433,0.));
#1103 = ORIENTED_EDGE('',*,*,#1104,.T.);
#1104 = EDGE_CURVE('',#1097,#1105,#1107,.T.);
#1105 = VERTEX_POINT('',#1106);
#1106 = CARTESIAN_POINT('',(120.500661,-122.612473,1.585));
#1107 = LINE('',#1108,#1109);
#1108 = CARTESIAN_POINT('',(120.484505,-122.720509,1.585));
#1109 = VECTOR('',#1110,1.);
#1110 = DIRECTION('',(0.147898162916,0.989002595247,0.));
#1111 = ORIENTED_EDGE('',*,*,#1112,.T.);
#1112 = EDGE_CURVE('',#1105,#1113,#1115,.T.);
#1113 = VERTEX_POINT('',#1114);
#1114 = CARTESIAN_POINT('',(120.571723,-122.495723,1.585));
#1115 = LINE('',#1116,#1117);
#1116 = CARTESIAN_POINT('',(120.500661,-122.612473,1.585));
#1117 = VECTOR('',#1118,1.);
#1118 = DIRECTION('',(0.519929770523,0.854209010561,0.));
#1119 = ORIENTED_EDGE('',*,*,#1120,.T.);
#1120 = EDGE_CURVE('',#1113,#1121,#1123,.T.);
#1121 = VERTEX_POINT('',#1122);
#1122 = CARTESIAN_POINT('',(120.591339,-122.481234,1.585));
#1123 = LINE('',#1124,#1125);
#1124 = CARTESIAN_POINT('',(120.571723,-122.495723,1.585));
#1125 = VECTOR('',#1126,1.);
#1126 = DIRECTION('',(0.804367843889,0.594131611445,0.));
#1127 = ORIENTED_EDGE('',*,*,#1128,.T.);
#1128 = EDGE_CURVE('',#1121,#1129,#1131,.T.);
#1129 = VERTEX_POINT('',#1130);
#1130 = CARTESIAN_POINT('',(120.705773,-122.430325,1.585));
#1131 = LINE('',#1132,#1133);
#1132 = CARTESIAN_POINT('',(120.591339,-122.481234,1.585));
#1133 = VECTOR('',#1134,1.);
#1134 = DIRECTION('',(0.913664974807,0.406468096916,0.));
#1135 = ORIENTED_EDGE('',*,*,#1136,.T.);
#1136 = EDGE_CURVE('',#1129,#1137,#1139,.T.);
#1137 = VERTEX_POINT('',#1138);
#1138 = CARTESIAN_POINT('',(120.943267,-122.427666,1.585));
#1139 = LINE('',#1140,#1141);
#1140 = CARTESIAN_POINT('',(120.705773,-122.430325,1.585));
#1141 = VECTOR('',#1142,1.);
#1142 = DIRECTION('',(0.999937329874,1.119537066254E-02,0.));
#1143 = ORIENTED_EDGE('',*,*,#1144,.T.);
#1144 = EDGE_CURVE('',#1137,#1145,#1147,.T.);
#1145 = VERTEX_POINT('',#1146);
#1146 = CARTESIAN_POINT('',(121.000678,-122.400648,1.585));
#1147 = LINE('',#1148,#1149);
#1148 = CARTESIAN_POINT('',(120.943267,-122.427666,1.585));
#1149 = VECTOR('',#1150,1.);
#1150 = DIRECTION('',(0.904812272983,0.42581069815,0.));
#1151 = ORIENTED_EDGE('',*,*,#1152,.T.);
#1152 = EDGE_CURVE('',#1145,#1153,#1155,.T.);
#1153 = VERTEX_POINT('',#1154);
#1154 = CARTESIAN_POINT('',(121.006404,-122.354837,1.585));
#1155 = LINE('',#1156,#1157);
#1156 = CARTESIAN_POINT('',(121.000678,-122.400648,1.585));
#1157 = VECTOR('',#1158,1.);
#1158 = DIRECTION('',(0.124026736945,0.992278876386,0.));
#1159 = ORIENTED_EDGE('',*,*,#1160,.T.);
#1160 = EDGE_CURVE('',#1153,#1161,#1163,.T.);
#1161 = VERTEX_POINT('',#1162);
#1162 = CARTESIAN_POINT('',(120.984382,-122.296112,1.585));
#1163 = LINE('',#1164,#1165);
#1164 = CARTESIAN_POINT('',(121.006404,-122.354837,1.585));
#1165 = VECTOR('',#1166,1.);
#1166 = DIRECTION('',(-0.351125188907,0.936328522323,0.));
#1167 = ORIENTED_EDGE('',*,*,#1168,.T.);
#1168 = EDGE_CURVE('',#1161,#1169,#1171,.T.);
#1169 = VERTEX_POINT('',#1170);
#1170 = CARTESIAN_POINT('',(120.929707,-122.266952,1.585));
#1171 = LINE('',#1172,#1173);
#1172 = CARTESIAN_POINT('',(120.984382,-122.296112,1.585));
#1173 = VECTOR('',#1174,1.);
#1174 = DIRECTION('',(-0.882352941177,0.470588235294,0.));
#1175 = ORIENTED_EDGE('',*,*,#1176,.T.);
#1176 = EDGE_CURVE('',#1169,#1177,#1179,.T.);
#1177 = VERTEX_POINT('',#1178);
#1178 = CARTESIAN_POINT('',(120.768827,-122.266952,1.585));
#1179 = LINE('',#1180,#1181);
#1180 = CARTESIAN_POINT('',(120.929707,-122.266952,1.585));
#1181 = VECTOR('',#1182,1.);
#1182 = DIRECTION('',(-1.,0.,0.));
#1183 = ORIENTED_EDGE('',*,*,#1184,.T.);
#1184 = EDGE_CURVE('',#1177,#1185,#1187,.T.);
#1185 = VERTEX_POINT('',#1186);
#1186 = CARTESIAN_POINT('',(120.680277,-122.308622,1.585));
#1187 = LINE('',#1188,#1189);
#1188 = CARTESIAN_POINT('',(120.768827,-122.266952,1.585));
#1189 = VECTOR('',#1190,1.);
#1190 = DIRECTION('',(-0.904821017925,-0.425792115381,0.));
#1191 = ORIENTED_EDGE('',*,*,#1192,.T.);
#1192 = EDGE_CURVE('',#1185,#997,#1193,.T.);
#1193 = CIRCLE('',#1194,6.249971315973E-02);
#1194 = AXIS2_PLACEMENT_3D('',#1195,#1196,#1197);
#1195 = CARTESIAN_POINT('',(120.65366479877,-122.2520710946,1.585));
#1196 = DIRECTION('',(0.,0.,-1.));
#1197 = DIRECTION('',(0.425797173796,-0.904818637511,0.));
#1198 = FACE_BOUND('',#1199,.F.);
#1199 = EDGE_LOOP('',(#1200,#1210,#1218,#1226,#1234,#1242,#1250,#1258,
    #1266,#1274));
#1200 = ORIENTED_EDGE('',*,*,#1201,.T.);
#1201 = EDGE_CURVE('',#1202,#1204,#1206,.T.);
#1202 = VERTEX_POINT('',#1203);
#1203 = CARTESIAN_POINT('',(120.895648,-122.808619,1.585));
#1204 = VERTEX_POINT('',#1205);
#1205 = CARTESIAN_POINT('',(120.953059,-122.781601,1.585));
#1206 = LINE('',#1207,#1208);
#1207 = CARTESIAN_POINT('',(120.895648,-122.808619,1.585));
#1208 = VECTOR('',#1209,1.);
#1209 = DIRECTION('',(0.904812272983,0.42581069815,0.));
#1210 = ORIENTED_EDGE('',*,*,#1211,.T.);
#1211 = EDGE_CURVE('',#1204,#1212,#1214,.T.);
#1212 = VERTEX_POINT('',#1213);
#1213 = CARTESIAN_POINT('',(120.981849,-122.547213,1.585));
#1214 = LINE('',#1215,#1216);
#1215 = CARTESIAN_POINT('',(120.953059,-122.781601,1.585));
#1216 = VECTOR('',#1217,1.);
#1217 = DIRECTION('',(0.121914282379,0.992540632796,0.));
#1218 = ORIENTED_EDGE('',*,*,#1219,.T.);
#1219 = EDGE_CURVE('',#1212,#1220,#1222,.T.);
#1220 = VERTEX_POINT('',#1221);
#1221 = CARTESIAN_POINT('',(120.957237,-122.552666,1.585));
#1222 = LINE('',#1223,#1224);
#1223 = CARTESIAN_POINT('',(120.981849,-122.547213,1.585));
#1224 = VECTOR('',#1225,1.);
#1225 = DIRECTION('',(-0.97632407168,-0.216312984027,0.));
#1226 = ORIENTED_EDGE('',*,*,#1227,.T.);
#1227 = EDGE_CURVE('',#1220,#1228,#1230,.T.);
#1228 = VERTEX_POINT('',#1229);
#1229 = CARTESIAN_POINT('',(120.733113,-122.552666,1.585));
#1230 = LINE('',#1231,#1232);
#1231 = CARTESIAN_POINT('',(120.957237,-122.552666,1.585));
#1232 = VECTOR('',#1233,1.);
#1233 = DIRECTION('',(-1.,0.,0.));
#1234 = ORIENTED_EDGE('',*,*,#1235,.T.);
#1235 = EDGE_CURVE('',#1228,#1236,#1238,.T.);
#1236 = VERTEX_POINT('',#1237);
#1237 = CARTESIAN_POINT('',(120.661204,-122.586505,1.585));
#1238 = LINE('',#1239,#1240);
#1239 = CARTESIAN_POINT('',(120.733113,-122.552666,1.585));
#1240 = VECTOR('',#1241,1.);
#1241 = DIRECTION('',(-0.904821268661,-0.425791582559,0.));
#1242 = ORIENTED_EDGE('',*,*,#1243,.T.);
#1243 = EDGE_CURVE('',#1236,#1244,#1246,.T.);
#1244 = VERTEX_POINT('',#1245);
#1245 = CARTESIAN_POINT('',(120.618733,-122.654457,1.585));
#1246 = LINE('',#1247,#1248);
#1247 = CARTESIAN_POINT('',(120.661204,-122.586505,1.585));
#1248 = VECTOR('',#1249,1.);
#1249 = DIRECTION('',(-0.530007913845,-0.847992695288,0.));
#1250 = ORIENTED_EDGE('',*,*,#1251,.T.);
#1251 = EDGE_CURVE('',#1244,#1252,#1254,.T.);
#1252 = VERTEX_POINT('',#1253);
#1253 = CARTESIAN_POINT('',(120.610448,-122.720734,1.585));
#1254 = LINE('',#1255,#1256);
#1255 = CARTESIAN_POINT('',(120.618733,-122.654457,1.585));
#1256 = VECTOR('',#1257,1.);
#1257 = DIRECTION('',(-0.124040262587,-0.992277185698,0.));
#1258 = ORIENTED_EDGE('',*,*,#1259,.T.);
#1259 = EDGE_CURVE('',#1252,#1260,#1262,.T.);
#1260 = VERTEX_POINT('',#1261);
#1261 = CARTESIAN_POINT('',(120.63247,-122.779458,1.585));
#1262 = LINE('',#1263,#1264);
#1263 = CARTESIAN_POINT('',(120.610448,-122.720734,1.585));
#1264 = VECTOR('',#1265,1.);
#1265 = DIRECTION('',(0.351130430961,-0.936326556524,0.));
#1266 = ORIENTED_EDGE('',*,*,#1267,.T.);
#1267 = EDGE_CURVE('',#1260,#1268,#1270,.T.);
#1268 = VERTEX_POINT('',#1269);
#1269 = CARTESIAN_POINT('',(120.687147,-122.808619,1.585));
#1270 = LINE('',#1271,#1272);
#1271 = CARTESIAN_POINT('',(120.63247,-122.779458,1.585));
#1272 = VECTOR('',#1273,1.);
#1273 = DIRECTION('',(0.882353387891,-0.470587397704,0.));
#1274 = ORIENTED_EDGE('',*,*,#1275,.T.);
#1275 = EDGE_CURVE('',#1268,#1202,#1276,.T.);
#1276 = LINE('',#1277,#1278);
#1277 = CARTESIAN_POINT('',(120.687147,-122.808619,1.585));
#1278 = VECTOR('',#1279,1.);
#1279 = DIRECTION('',(1.,0.,0.));
#1280 = PLANE('',#1281);
#1281 = AXIS2_PLACEMENT_3D('',#1282,#1283,#1284);
#1282 = CARTESIAN_POINT('',(0.,0.,1.585));
#1283 = DIRECTION('',(0.,0.,1.));
#1284 = DIRECTION('',(1.,0.,-0.));
#1285 = SHELL_BASED_SURFACE_MODEL('',(#1286));
#1286 = OPEN_SHELL('',(#1287));
#1287 = ADVANCED_FACE('',(#1288),#1349,.T.);
#1288 = FACE_BOUND('',#1289,.F.);
#1289 = EDGE_LOOP('',(#1290,#1301,#1309,#1318,#1326,#1335,#1343));
#1290 = ORIENTED_EDGE('',*,*,#1291,.T.);
#1291 = EDGE_CURVE('',#1292,#1294,#1296,.T.);
#1292 = VERTEX_POINT('',#1293);
#1293 = CARTESIAN_POINT('',(120.222367,-122.177308,1.585));
#1294 = VERTEX_POINT('',#1295);
#1295 = CARTESIAN_POINT('',(120.334963,-122.231595,1.585));
#1296 = CIRCLE('',#1297,6.249987517023E-02);
#1297 = AXIS2_PLACEMENT_3D('',#1298,#1299,#1300);
#1298 = CARTESIAN_POINT('',(120.27866490781,-122.2044516911,1.585));
#1299 = DIRECTION('',(0.,0.,-1.));
#1300 = DIRECTION('',(-0.900768324177,0.434299926502,0.));
#1301 = ORIENTED_EDGE('',*,*,#1302,.T.);
#1302 = EDGE_CURVE('',#1294,#1303,#1305,.T.);
#1303 = VERTEX_POINT('',#1304);
#1304 = CARTESIAN_POINT('',(120.013535,-122.898263,1.585));
#1305 = LINE('',#1306,#1307);
#1306 = CARTESIAN_POINT('',(120.334963,-122.231595,1.585));
#1307 = VECTOR('',#1308,1.);
#1308 = DIRECTION('',(-0.434297854435,-0.900769323208,0.));
#1309 = ORIENTED_EDGE('',*,*,#1310,.T.);
#1310 = EDGE_CURVE('',#1303,#1311,#1313,.T.);
#1311 = VERTEX_POINT('',#1312);
#1312 = CARTESIAN_POINT('',(119.896356,-122.885252,1.585));
#1313 = CIRCLE('',#1314,6.250012485962E-02);
#1314 = AXIS2_PLACEMENT_3D('',#1315,#1316,#1317);
#1315 = CARTESIAN_POINT('',(119.95723714213,-122.8711186302,1.585));
#1316 = DIRECTION('',(-0.,0.,-1.));
#1317 = DIRECTION('',(0.900763926311,-0.434309047864,-0.));
#1318 = ORIENTED_EDGE('',*,*,#1319,.T.);
#1319 = EDGE_CURVE('',#1311,#1320,#1322,.T.);
#1320 = VERTEX_POINT('',#1321);
#1321 = CARTESIAN_POINT('',(119.741594,-122.218585,1.585));
#1322 = LINE('',#1323,#1324);
#1323 = CARTESIAN_POINT('',(119.896356,-122.885252,1.585));
#1324 = VECTOR('',#1325,1.);
#1325 = DIRECTION('',(-0.226129731957,0.974097194496,0.));
#1326 = ORIENTED_EDGE('',*,*,#1327,.T.);
#1327 = EDGE_CURVE('',#1320,#1328,#1330,.T.);
#1328 = VERTEX_POINT('',#1329);
#1329 = CARTESIAN_POINT('',(119.863356,-122.190319,1.585));
#1330 = CIRCLE('',#1331,6.249990280024E-02);
#1331 = AXIS2_PLACEMENT_3D('',#1332,#1333,#1334);
#1332 = CARTESIAN_POINT('',(119.80247495471,-122.2044518049,1.585));
#1333 = DIRECTION('',(0.,0.,-1.));
#1334 = DIRECTION('',(-0.974096790264,-0.226131473256,-0.));
#1335 = ORIENTED_EDGE('',*,*,#1336,.T.);
#1336 = EDGE_CURVE('',#1328,#1337,#1339,.T.);
#1337 = VERTEX_POINT('',#1338);
#1338 = CARTESIAN_POINT('',(119.977995,-122.684152,1.585));
#1339 = LINE('',#1340,#1341);
#1340 = CARTESIAN_POINT('',(119.863356,-122.190319,1.585));
#1341 = VECTOR('',#1342,1.);
#1342 = DIRECTION('',(0.226128203187,-0.974097549388,0.));
#1343 = ORIENTED_EDGE('',*,*,#1344,.T.);
#1344 = EDGE_CURVE('',#1337,#1292,#1345,.T.);
#1345 = LINE('',#1346,#1347);
#1346 = CARTESIAN_POINT('',(119.977995,-122.684152,1.585));
#1347 = VECTOR('',#1348,1.);
#1348 = DIRECTION('',(0.43430031866,0.9007681351,0.));
#1349 = PLANE('',#1350);
#1350 = AXIS2_PLACEMENT_3D('',#1351,#1352,#1353);
#1351 = CARTESIAN_POINT('',(0.,0.,1.585));
#1352 = DIRECTION('',(0.,0.,1.));
#1353 = DIRECTION('',(1.,0.,-0.));
#1354 = SHELL_BASED_SURFACE_MODEL('',(#1355));
#1355 = OPEN_SHELL('',(#1356));
#1356 = ADVANCED_FACE('',(#1357),#1459,.T.);
#1357 = FACE_BOUND('',#1358,.F.);
#1358 = EDGE_LOOP('',(#1359,#1370,#1378,#1387,#1395,#1403,#1411,#1420,
    #1428,#1437,#1445,#1453));
#1359 = ORIENTED_EDGE('',*,*,#1360,.T.);
#1360 = EDGE_CURVE('',#1361,#1363,#1365,.T.);
#1361 = VERTEX_POINT('',#1362);
#1362 = CARTESIAN_POINT('',(114.44879,-121.863367,1.585));
#1363 = VERTEX_POINT('',#1364);
#1364 = CARTESIAN_POINT('',(114.572824,-121.878871,1.585));
#1365 = CIRCLE('',#1366,6.249961434501E-02);
#1366 = AXIS2_PLACEMENT_3D('',#1367,#1368,#1369);
#1367 = CARTESIAN_POINT('',(114.51080693499,-121.87111952,1.585));
#1368 = DIRECTION('',(0.,0.,-1.));
#1369 = DIRECTION('',(-0.992277082696,0.124041086569,0.));
#1370 = ORIENTED_EDGE('',*,*,#1371,.T.);
#1371 = EDGE_CURVE('',#1363,#1372,#1374,.T.);
#1372 = VERTEX_POINT('',#1373);
#1373 = CARTESIAN_POINT('',(114.447824,-122.878871,1.585));
#1374 = LINE('',#1375,#1376);
#1375 = CARTESIAN_POINT('',(114.572824,-121.878871,1.585));
#1376 = VECTOR('',#1377,1.);
#1377 = DIRECTION('',(-0.124034734589,-0.992277876714,0.));
#1378 = ORIENTED_EDGE('',*,*,#1379,.T.);
#1379 = EDGE_CURVE('',#1372,#1380,#1382,.T.);
#1380 = VERTEX_POINT('',#1381);
#1381 = CARTESIAN_POINT('',(114.32379,-122.863367,1.585));
#1382 = CIRCLE('',#1383,6.24996143432E-02);
#1383 = AXIS2_PLACEMENT_3D('',#1384,#1385,#1386);
#1384 = CARTESIAN_POINT('',(114.3858069727,-122.8711192183,1.585));
#1385 = DIRECTION('',(-0.,0.,-1.));
#1386 = DIRECTION('',(0.992278559637,-0.124029271077,-0.));
#1387 = ORIENTED_EDGE('',*,*,#1388,.T.);
#1388 = EDGE_CURVE('',#1380,#1389,#1391,.T.);
#1389 = VERTEX_POINT('',#1390);
#1390 = CARTESIAN_POINT('',(114.380485,-122.409809,1.585));
#1391 = LINE('',#1392,#1393);
#1392 = CARTESIAN_POINT('',(114.32379,-122.863367,1.585));
#1393 = VECTOR('',#1394,1.);
#1394 = DIRECTION('',(0.124035273116,0.992277809398,0.));
#1395 = ORIENTED_EDGE('',*,*,#1396,.T.);
#1396 = EDGE_CURVE('',#1389,#1397,#1399,.T.);
#1397 = VERTEX_POINT('',#1398);
#1398 = CARTESIAN_POINT('',(113.935028,-122.409809,1.585));
#1399 = LINE('',#1400,#1401);
#1400 = CARTESIAN_POINT('',(114.380485,-122.409809,1.585));
#1401 = VECTOR('',#1402,1.);
#1402 = DIRECTION('',(-1.,0.,0.));
#1403 = ORIENTED_EDGE('',*,*,#1404,.T.);
#1404 = EDGE_CURVE('',#1397,#1405,#1407,.T.);
#1405 = VERTEX_POINT('',#1406);
#1406 = CARTESIAN_POINT('',(113.876395,-122.878871,1.585));
#1407 = LINE('',#1408,#1409);
#1408 = CARTESIAN_POINT('',(113.935028,-122.409809,1.585));
#1409 = VECTOR('',#1410,1.);
#1410 = DIRECTION('',(-0.124035255316,-0.992277811623,0.));
#1411 = ORIENTED_EDGE('',*,*,#1412,.T.);
#1412 = EDGE_CURVE('',#1405,#1413,#1415,.T.);
#1413 = VERTEX_POINT('',#1414);
#1414 = CARTESIAN_POINT('',(113.752361,-122.863367,1.585));
#1415 = CIRCLE('',#1416,6.249961434321E-02);
#1416 = AXIS2_PLACEMENT_3D('',#1417,#1418,#1419);
#1417 = CARTESIAN_POINT('',(113.8143779727,-122.8711192183,1.585));
#1418 = DIRECTION('',(-0.,0.,-1.));
#1419 = DIRECTION('',(0.992278559637,-0.124029271078,-0.));
#1420 = ORIENTED_EDGE('',*,*,#1421,.T.);
#1421 = EDGE_CURVE('',#1413,#1422,#1424,.T.);
#1422 = VERTEX_POINT('',#1423);
#1423 = CARTESIAN_POINT('',(113.877361,-121.863367,1.585));
#1424 = LINE('',#1425,#1426);
#1425 = CARTESIAN_POINT('',(113.752361,-122.863367,1.585));
#1426 = VECTOR('',#1427,1.);
#1427 = DIRECTION('',(0.124034734589,0.992277876714,0.));
#1428 = ORIENTED_EDGE('',*,*,#1429,.T.);
#1429 = EDGE_CURVE('',#1422,#1430,#1432,.T.);
#1430 = VERTEX_POINT('',#1431);
#1431 = CARTESIAN_POINT('',(114.001395,-121.878871,1.585));
#1432 = CIRCLE('',#1433,6.24996143432E-02);
#1433 = AXIS2_PLACEMENT_3D('',#1434,#1435,#1436);
#1434 = CARTESIAN_POINT('',(113.93937802729,-121.8711187816,1.585));
#1435 = DIRECTION('',(0.,0.,-1.));
#1436 = DIRECTION('',(-0.992278559637,0.124029271077,0.));
#1437 = ORIENTED_EDGE('',*,*,#1438,.T.);
#1438 = EDGE_CURVE('',#1430,#1439,#1441,.T.);
#1439 = VERTEX_POINT('',#1440);
#1440 = CARTESIAN_POINT('',(113.950653,-122.284809,1.585));
#1441 = LINE('',#1442,#1443);
#1442 = CARTESIAN_POINT('',(114.001395,-121.878871,1.585));
#1443 = VECTOR('',#1444,1.);
#1444 = DIRECTION('',(-0.124034132889,-0.992277951926,0.));
#1445 = ORIENTED_EDGE('',*,*,#1446,.T.);
#1446 = EDGE_CURVE('',#1439,#1447,#1449,.T.);
#1447 = VERTEX_POINT('',#1448);
#1448 = CARTESIAN_POINT('',(114.39611,-122.284809,1.585));
#1449 = LINE('',#1450,#1451);
#1450 = CARTESIAN_POINT('',(113.950653,-122.284809,1.585));
#1451 = VECTOR('',#1452,1.);
#1452 = DIRECTION('',(1.,0.,0.));
#1453 = ORIENTED_EDGE('',*,*,#1454,.T.);
#1454 = EDGE_CURVE('',#1447,#1361,#1455,.T.);
#1455 = LINE('',#1456,#1457);
#1456 = CARTESIAN_POINT('',(114.39611,-122.284809,1.585));
#1457 = VECTOR('',#1458,1.);
#1458 = DIRECTION('',(0.124034155024,0.992277949159,0.));
#1459 = PLANE('',#1460);
#1460 = AXIS2_PLACEMENT_3D('',#1461,#1462,#1463);
#1461 = CARTESIAN_POINT('',(0.,0.,1.585));
#1462 = DIRECTION('',(0.,0.,1.));
#1463 = DIRECTION('',(1.,0.,-0.));
#1464 = SHELL_BASED_SURFACE_MODEL('',(#1465));
#1465 = OPEN_SHELL('',(#1466));
#1466 = ADVANCED_FACE('',(#1467),#1545,.T.);
#1467 = FACE_BOUND('',#1468,.F.);
#1468 = EDGE_LOOP('',(#1469,#1480,#1488,#1496,#1505,#1513,#1522,#1530,
    #1539));
#1469 = ORIENTED_EDGE('',*,*,#1470,.T.);
#1470 = EDGE_CURVE('',#1471,#1473,#1475,.T.);
#1471 = VERTEX_POINT('',#1472);
#1472 = CARTESIAN_POINT('',(117.407124,-122.1967,1.585));
#1473 = VERTEX_POINT('',#1474);
#1474 = CARTESIAN_POINT('',(117.531814,-122.19552,1.585));
#1475 = CIRCLE('',#1476,6.295148306799E-02);
#1476 = AXIS2_PLACEMENT_3D('',#1477,#1478,#1479);
#1477 = CARTESIAN_POINT('',(117.46955130244,-122.204806857,1.585));
#1478 = DIRECTION('',(0.,0.,-1.));
#1479 = DIRECTION('',(-0.991673260069,0.128779444264,0.));
#1480 = ORIENTED_EDGE('',*,*,#1481,.T.);
#1481 = EDGE_CURVE('',#1473,#1482,#1484,.T.);
#1482 = VERTEX_POINT('',#1483);
#1483 = CARTESIAN_POINT('',(117.646248,-122.144611,1.585));
#1484 = LINE('',#1485,#1486);
#1485 = CARTESIAN_POINT('',(117.531814,-122.19552,1.585));
#1486 = VECTOR('',#1487,1.);
#1487 = DIRECTION('',(0.913664974807,0.406468096916,0.));
#1488 = ORIENTED_EDGE('',*,*,#1489,.T.);
#1489 = EDGE_CURVE('',#1482,#1490,#1492,.T.);
#1490 = VERTEX_POINT('',#1491);
#1491 = CARTESIAN_POINT('',(117.754855,-122.141952,1.585));
#1492 = LINE('',#1493,#1494);
#1493 = CARTESIAN_POINT('',(117.646248,-122.144611,1.585));
#1494 = VECTOR('',#1495,1.);
#1495 = DIRECTION('',(0.999700431698,2.447543388435E-02,0.));
#1496 = ORIENTED_EDGE('',*,*,#1497,.T.);
#1497 = EDGE_CURVE('',#1490,#1498,#1500,.T.);
#1498 = VERTEX_POINT('',#1499);
#1499 = CARTESIAN_POINT('',(117.754855,-122.266952,1.585));
#1500 = CIRCLE('',#1501,6.250000000099E-02);
#1501 = AXIS2_PLACEMENT_3D('',#1502,#1503,#1504);
#1502 = CARTESIAN_POINT('',(117.75485464746,-122.204452,1.585));
#1503 = DIRECTION('',(0.,0.,-1.));
#1504 = DIRECTION('',(5.640539029538E-06,0.999999999984,0.));
#1505 = ORIENTED_EDGE('',*,*,#1506,.T.);
#1506 = EDGE_CURVE('',#1498,#1507,#1509,.T.);
#1507 = VERTEX_POINT('',#1508);
#1508 = CARTESIAN_POINT('',(117.673588,-122.266952,1.585));
#1509 = LINE('',#1510,#1511);
#1510 = CARTESIAN_POINT('',(117.754855,-122.266952,1.585));
#1511 = VECTOR('',#1512,1.);
#1512 = DIRECTION('',(-1.,0.,0.));
#1513 = ORIENTED_EDGE('',*,*,#1514,.T.);
#1514 = EDGE_CURVE('',#1507,#1515,#1517,.T.);
#1515 = VERTEX_POINT('',#1516);
#1516 = CARTESIAN_POINT('',(117.505638,-122.416361,1.585));
#1517 = CIRCLE('',#1518,0.250349008362);
#1518 = AXIS2_PLACEMENT_3D('',#1519,#1520,#1521);
#1519 = CARTESIAN_POINT('',(117.73829850448,-122.5087932218,1.585));
#1520 = DIRECTION('',(0.,0.,1.));
#1521 = DIRECTION('',(-0.258481169584,0.966016296431,0.));
#1522 = ORIENTED_EDGE('',*,*,#1523,.T.);
#1523 = EDGE_CURVE('',#1515,#1524,#1526,.T.);
#1524 = VERTEX_POINT('',#1525);
#1525 = CARTESIAN_POINT('',(117.447824,-122.878871,1.585));
#1526 = LINE('',#1527,#1528);
#1527 = CARTESIAN_POINT('',(117.505638,-122.416361,1.585));
#1528 = VECTOR('',#1529,1.);
#1529 = DIRECTION('',(-0.124035262692,-0.992277810701,0.));
#1530 = ORIENTED_EDGE('',*,*,#1531,.T.);
#1531 = EDGE_CURVE('',#1524,#1532,#1534,.T.);
#1532 = VERTEX_POINT('',#1533);
#1533 = CARTESIAN_POINT('',(117.32379,-122.863367,1.585));
#1534 = CIRCLE('',#1535,6.24996143432E-02);
#1535 = AXIS2_PLACEMENT_3D('',#1536,#1537,#1538);
#1536 = CARTESIAN_POINT('',(117.3858069727,-122.8711192183,1.585));
#1537 = DIRECTION('',(-0.,0.,-1.));
#1538 = DIRECTION('',(0.992278559637,-0.124029271077,-0.));
#1539 = ORIENTED_EDGE('',*,*,#1540,.T.);
#1540 = EDGE_CURVE('',#1532,#1471,#1541,.T.);
#1541 = LINE('',#1542,#1543);
#1542 = CARTESIAN_POINT('',(117.32379,-122.863367,1.585));
#1543 = VECTOR('',#1544,1.);
#1544 = DIRECTION('',(0.124035650537,0.99227776222,0.));
#1545 = PLANE('',#1546);
#1546 = AXIS2_PLACEMENT_3D('',#1547,#1548,#1549);
#1547 = CARTESIAN_POINT('',(0.,0.,1.585));
#1548 = DIRECTION('',(0.,0.,1.));
#1549 = DIRECTION('',(1.,0.,-0.));
#1550 = SHELL_BASED_SURFACE_MODEL('',(#1551));
#1551 = OPEN_SHELL('',(#1552));
#1552 = ADVANCED_FACE('',(#1553),#1695,.T.);
#1553 = FACE_BOUND('',#1554,.F.);
#1554 = EDGE_LOOP('',(#1555,#1565,#1573,#1581,#1589,#1597,#1605,#1613,
    #1622,#1630,#1638,#1646,#1655,#1663,#1672,#1680,#1689));
#1555 = ORIENTED_EDGE('',*,*,#1556,.T.);
#1556 = EDGE_CURVE('',#1557,#1559,#1561,.T.);
#1557 = VERTEX_POINT('',#1558);
#1558 = CARTESIAN_POINT('',(118.140687,-122.177898,1.585));
#1559 = VERTEX_POINT('',#1560);
#1560 = CARTESIAN_POINT('',(118.217677,-122.144611,1.585));
#1561 = LINE('',#1562,#1563);
#1562 = CARTESIAN_POINT('',(118.140687,-122.177898,1.585));
#1563 = VECTOR('',#1564,1.);
#1564 = DIRECTION('',(0.917882976503,0.396851157798,0.));
#1565 = ORIENTED_EDGE('',*,*,#1566,.T.);
#1566 = EDGE_CURVE('',#1559,#1567,#1569,.T.);
#1567 = VERTEX_POINT('',#1568);
#1568 = CARTESIAN_POINT('',(118.37816,-122.142798,1.585));
#1569 = LINE('',#1570,#1571);
#1570 = CARTESIAN_POINT('',(118.217677,-122.144611,1.585));
#1571 = VECTOR('',#1572,1.);
#1572 = DIRECTION('',(0.999936193345,1.129642590513E-02,0.));
#1573 = ORIENTED_EDGE('',*,*,#1574,.T.);
#1574 = EDGE_CURVE('',#1567,#1575,#1577,.T.);
#1575 = VERTEX_POINT('',#1576);
#1576 = CARTESIAN_POINT('',(118.403315,-122.149305,1.585));
#1577 = LINE('',#1578,#1579);
#1578 = CARTESIAN_POINT('',(118.37816,-122.142798,1.585));
#1579 = VECTOR('',#1580,1.);
#1580 = DIRECTION('',(0.968133881216,-0.250433200758,0.));
#1581 = ORIENTED_EDGE('',*,*,#1582,.T.);
#1582 = EDGE_CURVE('',#1575,#1583,#1585,.T.);
#1583 = VERTEX_POINT('',#1584);
#1584 = CARTESIAN_POINT('',(118.508856,-122.209401,1.585));
#1585 = LINE('',#1586,#1587);
#1586 = CARTESIAN_POINT('',(118.403315,-122.149305,1.585));
#1587 = VECTOR('',#1588,1.);
#1588 = DIRECTION('',(0.868998119038,-0.494815388917,0.));
#1589 = ORIENTED_EDGE('',*,*,#1590,.T.);
#1590 = EDGE_CURVE('',#1583,#1591,#1593,.T.);
#1591 = VERTEX_POINT('',#1592);
#1592 = CARTESIAN_POINT('',(118.52171,-122.230126,1.585));
#1593 = LINE('',#1594,#1595);
#1594 = CARTESIAN_POINT('',(118.508856,-122.209401,1.585));
#1595 = VECTOR('',#1596,1.);
#1596 = DIRECTION('',(0.52707294802,-0.849820044166,0.));
#1597 = ORIENTED_EDGE('',*,*,#1598,.T.);
#1598 = EDGE_CURVE('',#1591,#1599,#1601,.T.);
#1599 = VERTEX_POINT('',#1600);
#1600 = CARTESIAN_POINT('',(118.559843,-122.340129,1.585));
#1601 = LINE('',#1602,#1603);
#1602 = CARTESIAN_POINT('',(118.52171,-122.230126,1.585));
#1603 = VECTOR('',#1604,1.);
#1604 = DIRECTION('',(0.327532685112,-0.94483984896,0.));
#1605 = ORIENTED_EDGE('',*,*,#1606,.T.);
#1606 = EDGE_CURVE('',#1599,#1607,#1609,.T.);
#1607 = VERTEX_POINT('',#1608);
#1608 = CARTESIAN_POINT('',(118.495444,-122.878871,1.585));
#1609 = LINE('',#1610,#1611);
#1610 = CARTESIAN_POINT('',(118.559843,-122.340129,1.585));
#1611 = VECTOR('',#1612,1.);
#1612 = DIRECTION('',(-0.118690912479,-0.992931250034,0.));
#1613 = ORIENTED_EDGE('',*,*,#1614,.T.);
#1614 = EDGE_CURVE('',#1607,#1615,#1617,.T.);
#1615 = VERTEX_POINT('',#1616);
#1616 = CARTESIAN_POINT('',(118.37141,-122.863367,1.585));
#1617 = CIRCLE('',#1618,6.24996143432E-02);
#1618 = AXIS2_PLACEMENT_3D('',#1619,#1620,#1621);
#1619 = CARTESIAN_POINT('',(118.4334269727,-122.8711192183,1.585));
#1620 = DIRECTION('',(-0.,0.,-1.));
#1621 = DIRECTION('',(0.992278559637,-0.124029271078,-0.));
#1622 = ORIENTED_EDGE('',*,*,#1623,.T.);
#1623 = EDGE_CURVE('',#1615,#1624,#1626,.T.);
#1624 = VERTEX_POINT('',#1625);
#1625 = CARTESIAN_POINT('',(118.434975,-122.354837,1.585));
#1626 = LINE('',#1627,#1628);
#1627 = CARTESIAN_POINT('',(118.37141,-122.863367,1.585));
#1628 = VECTOR('',#1629,1.);
#1629 = DIRECTION('',(0.124032333029,0.992278176906,0.));
#1630 = ORIENTED_EDGE('',*,*,#1631,.T.);
#1631 = EDGE_CURVE('',#1624,#1632,#1634,.T.);
#1632 = VERTEX_POINT('',#1633);
#1633 = CARTESIAN_POINT('',(118.412953,-122.296112,1.585));
#1634 = LINE('',#1635,#1636);
#1635 = CARTESIAN_POINT('',(118.434975,-122.354837,1.585));
#1636 = VECTOR('',#1637,1.);
#1637 = DIRECTION('',(-0.351125188907,0.936328522323,0.));
#1638 = ORIENTED_EDGE('',*,*,#1639,.T.);
#1639 = EDGE_CURVE('',#1632,#1640,#1642,.T.);
#1640 = VERTEX_POINT('',#1641);
#1641 = CARTESIAN_POINT('',(118.358278,-122.266952,1.585));
#1642 = LINE('',#1643,#1644);
#1643 = CARTESIAN_POINT('',(118.412953,-122.296112,1.585));
#1644 = VECTOR('',#1645,1.);
#1645 = DIRECTION('',(-0.882352941177,0.470588235294,0.));
#1646 = ORIENTED_EDGE('',*,*,#1647,.T.);
#1647 = EDGE_CURVE('',#1640,#1648,#1650,.T.);
#1648 = VERTEX_POINT('',#1649);
#1649 = CARTESIAN_POINT('',(118.135384,-122.330778,1.585));
#1650 = CIRCLE('',#1651,0.230411617524);
#1651 = AXIS2_PLACEMENT_3D('',#1652,#1653,#1654);
#1652 = CARTESIAN_POINT('',(118.3016475,-122.4902959051,1.585));
#1653 = DIRECTION('',(0.,0.,1.));
#1654 = DIRECTION('',(0.245779707675,0.969325711665,-0.));
#1655 = ORIENTED_EDGE('',*,*,#1656,.T.);
#1656 = EDGE_CURVE('',#1648,#1657,#1659,.T.);
#1657 = VERTEX_POINT('',#1658);
#1658 = CARTESIAN_POINT('',(118.066872,-122.878871,1.585));
#1659 = LINE('',#1660,#1661);
#1660 = CARTESIAN_POINT('',(118.135384,-122.330778,1.585));
#1661 = VECTOR('',#1662,1.);
#1662 = DIRECTION('',(-0.124035403051,-0.992277793156,0.));
#1663 = ORIENTED_EDGE('',*,*,#1664,.T.);
#1664 = EDGE_CURVE('',#1657,#1665,#1667,.T.);
#1665 = VERTEX_POINT('',#1666);
#1666 = CARTESIAN_POINT('',(117.942838,-122.863367,1.585));
#1667 = CIRCLE('',#1668,6.24996143432E-02);
#1668 = AXIS2_PLACEMENT_3D('',#1669,#1670,#1671);
#1669 = CARTESIAN_POINT('',(118.0048549727,-122.8711192183,1.585));
#1670 = DIRECTION('',(-0.,0.,-1.));
#1671 = DIRECTION('',(0.992278559637,-0.124029271077,-0.));
#1672 = ORIENTED_EDGE('',*,*,#1673,.T.);
#1673 = EDGE_CURVE('',#1665,#1674,#1676,.T.);
#1674 = VERTEX_POINT('',#1675);
#1675 = CARTESIAN_POINT('',(118.026172,-122.1967,1.585));
#1676 = LINE('',#1677,#1678);
#1677 = CARTESIAN_POINT('',(117.942838,-122.863367,1.585));
#1678 = VECTOR('',#1679,1.);
#1679 = DIRECTION('',(0.124035650537,0.99227776222,0.));
#1680 = ORIENTED_EDGE('',*,*,#1681,.T.);
#1681 = EDGE_CURVE('',#1674,#1682,#1684,.T.);
#1682 = VERTEX_POINT('',#1683);
#1683 = CARTESIAN_POINT('',(118.119084,-122.150123,1.585));
#1684 = CIRCLE('',#1685,6.250018551819E-02);
#1685 = AXIS2_PLACEMENT_3D('',#1686,#1687,#1688);
#1686 = CARTESIAN_POINT('',(118.08818939571,-122.2044534391,1.585));
#1687 = DIRECTION('',(0.,0.,-1.));
#1688 = DIRECTION('',(-0.992275386104,0.124054657839,0.));
#1689 = ORIENTED_EDGE('',*,*,#1690,.T.);
#1690 = EDGE_CURVE('',#1682,#1557,#1691,.T.);
#1691 = LINE('',#1692,#1693);
#1692 = CARTESIAN_POINT('',(118.119084,-122.150123,1.585));
#1693 = VECTOR('',#1694,1.);
#1694 = DIRECTION('',(0.613944548503,-0.789349156815,0.));
#1695 = PLANE('',#1696);
#1696 = AXIS2_PLACEMENT_3D('',#1697,#1698,#1699);
#1697 = CARTESIAN_POINT('',(0.,0.,1.585));
#1698 = DIRECTION('',(0.,0.,1.));
#1699 = DIRECTION('',(1.,0.,-0.));
#1700 = SHELL_BASED_SURFACE_MODEL('',(#1701));
#1701 = OPEN_SHELL('',(#1702));
#1702 = ADVANCED_FACE('',(#1703,#1803),#1855,.T.);
#1703 = FACE_BOUND('',#1704,.F.);
#1704 = EDGE_LOOP('',(#1705,#1715,#1723,#1731,#1740,#1748,#1756,#1764,
    #1772,#1780,#1788,#1797));
#1705 = ORIENTED_EDGE('',*,*,#1706,.T.);
#1706 = EDGE_CURVE('',#1707,#1709,#1711,.T.);
#1707 = VERTEX_POINT('',#1708);
#1708 = CARTESIAN_POINT('',(122.310209,-121.847201,1.585));
#1709 = VERTEX_POINT('',#1710);
#1710 = CARTESIAN_POINT('',(122.35138,-121.810856,1.585));
#1711 = LINE('',#1712,#1713);
#1712 = CARTESIAN_POINT('',(122.310209,-121.847201,1.585));
#1713 = VECTOR('',#1714,1.);
#1714 = DIRECTION('',(0.749678417203,0.661802289797,0.));
#1715 = ORIENTED_EDGE('',*,*,#1716,.T.);
#1716 = EDGE_CURVE('',#1709,#1717,#1719,.T.);
#1717 = VERTEX_POINT('',#1718);
#1718 = CARTESIAN_POINT('',(122.753162,-121.809466,1.585));
#1719 = LINE('',#1720,#1721);
#1720 = CARTESIAN_POINT('',(122.35138,-121.810856,1.585));
#1721 = VECTOR('',#1722,1.);
#1722 = DIRECTION('',(0.999994015681,3.459566834246E-03,0.));
#1723 = ORIENTED_EDGE('',*,*,#1724,.T.);
#1724 = EDGE_CURVE('',#1717,#1725,#1727,.T.);
#1725 = VERTEX_POINT('',#1726);
#1726 = CARTESIAN_POINT('',(122.778316,-121.815972,1.585));
#1727 = LINE('',#1728,#1729);
#1728 = CARTESIAN_POINT('',(122.753162,-121.809466,1.585));
#1729 = VECTOR('',#1730,1.);
#1730 = DIRECTION('',(0.968140798626,-0.250406457655,0.));
#1731 = ORIENTED_EDGE('',*,*,#1732,.T.);
#1732 = EDGE_CURVE('',#1725,#1733,#1735,.T.);
#1733 = VERTEX_POINT('',#1734);
#1734 = CARTESIAN_POINT('',(122.97651,-122.054416,1.585));
#1735 = CIRCLE('',#1736,0.290977734986);
#1736 = AXIS2_PLACEMENT_3D('',#1737,#1738,#1739);
#1737 = CARTESIAN_POINT('',(122.68804771523,-122.0925939062,1.585));
#1738 = DIRECTION('',(0.,0.,-1.));
#1739 = DIRECTION('',(0.310224027169,0.9506634804,0.));
#1740 = ORIENTED_EDGE('',*,*,#1741,.T.);
#1741 = EDGE_CURVE('',#1733,#1742,#1744,.T.);
#1742 = VERTEX_POINT('',#1743);
#1743 = CARTESIAN_POINT('',(122.955482,-122.224989,1.585));
#1744 = LINE('',#1745,#1746);
#1745 = CARTESIAN_POINT('',(122.97651,-122.054416,1.585));
#1746 = VECTOR('',#1747,1.);
#1747 = DIRECTION('',(-0.122352370155,-0.992486724101,0.));
#1748 = ORIENTED_EDGE('',*,*,#1749,.T.);
#1749 = EDGE_CURVE('',#1742,#1750,#1752,.T.);
#1750 = VERTEX_POINT('',#1751);
#1751 = CARTESIAN_POINT('',(122.879712,-122.346403,1.585));
#1752 = LINE('',#1753,#1754);
#1753 = CARTESIAN_POINT('',(122.955482,-122.224989,1.585));
#1754 = VECTOR('',#1755,1.);
#1755 = DIRECTION('',(-0.529427274666,-0.848355326994,0.));
#1756 = ORIENTED_EDGE('',*,*,#1757,.T.);
#1757 = EDGE_CURVE('',#1750,#1758,#1760,.T.);
#1758 = VERTEX_POINT('',#1759);
#1759 = CARTESIAN_POINT('',(122.811231,-122.40386,1.585));
#1760 = LINE('',#1761,#1762);
#1761 = CARTESIAN_POINT('',(122.879712,-122.346403,1.585));
#1762 = VECTOR('',#1763,1.);
#1763 = DIRECTION('',(-0.766074087419,-0.642752279331,0.));
#1764 = ORIENTED_EDGE('',*,*,#1765,.T.);
#1765 = EDGE_CURVE('',#1758,#1766,#1768,.T.);
#1766 = VERTEX_POINT('',#1767);
#1767 = CARTESIAN_POINT('',(122.696799,-122.454768,1.585));
#1768 = LINE('',#1769,#1770);
#1769 = CARTESIAN_POINT('',(122.811231,-122.40386,1.585));
#1770 = VECTOR('',#1771,1.);
#1771 = DIRECTION('',(-0.913665301711,-0.406467362097,0.));
#1772 = ORIENTED_EDGE('',*,*,#1773,.T.);
#1773 = EDGE_CURVE('',#1766,#1774,#1776,.T.);
#1774 = VERTEX_POINT('',#1775);
#1775 = CARTESIAN_POINT('',(122.357648,-122.457428,1.585));
#1776 = LINE('',#1777,#1778);
#1777 = CARTESIAN_POINT('',(122.696799,-122.454768,1.585));
#1778 = VECTOR('',#1779,1.);
#1779 = DIRECTION('',(-0.999969244199,-7.842872907825E-03,0.));
#1780 = ORIENTED_EDGE('',*,*,#1781,.T.);
#1781 = EDGE_CURVE('',#1774,#1782,#1784,.T.);
#1782 = VERTEX_POINT('',#1783);
#1783 = CARTESIAN_POINT('',(122.304968,-122.878871,1.585));
#1784 = LINE('',#1785,#1786);
#1785 = CARTESIAN_POINT('',(122.357648,-122.457428,1.585));
#1786 = VECTOR('',#1787,1.);
#1787 = DIRECTION('',(-0.124033865244,-0.992277985381,0.));
#1788 = ORIENTED_EDGE('',*,*,#1789,.T.);
#1789 = EDGE_CURVE('',#1782,#1790,#1792,.T.);
#1790 = VERTEX_POINT('',#1791);
#1791 = CARTESIAN_POINT('',(122.180934,-122.863367,1.585));
#1792 = CIRCLE('',#1793,6.249961434321E-02);
#1793 = AXIS2_PLACEMENT_3D('',#1794,#1795,#1796);
#1794 = CARTESIAN_POINT('',(122.2429509727,-122.8711192183,1.585));
#1795 = DIRECTION('',(-0.,0.,-1.));
#1796 = DIRECTION('',(0.992278559637,-0.124029271078,-0.));
#1797 = ORIENTED_EDGE('',*,*,#1798,.T.);
#1798 = EDGE_CURVE('',#1790,#1707,#1799,.T.);
#1799 = LINE('',#1800,#1801);
#1800 = CARTESIAN_POINT('',(122.180934,-122.863367,1.585));
#1801 = VECTOR('',#1802,1.);
#1802 = DIRECTION('',(0.12620123349,0.992004661615,0.));
#1803 = FACE_BOUND('',#1804,.F.);
#1804 = EDGE_LOOP('',(#1805,#1816,#1824,#1832,#1840,#1849));
#1805 = ORIENTED_EDGE('',*,*,#1806,.T.);
#1806 = EDGE_CURVE('',#1807,#1809,#1811,.T.);
#1807 = VERTEX_POINT('',#1808);
#1808 = CARTESIAN_POINT('',(122.851642,-122.069123,1.585));
#1809 = VERTEX_POINT('',#1810);
#1810 = CARTESIAN_POINT('',(122.733279,-121.933619,1.585));
#1811 = CIRCLE('',#1812,0.160548003462);
#1812 = AXIS2_PLACEMENT_3D('',#1813,#1814,#1815);
#1813 = CARTESIAN_POINT('',(122.69231080405,-122.0888519486,1.585));
#1814 = DIRECTION('',(0.,0.,1.));
#1815 = DIRECTION('',(0.992420911577,0.122885044919,-0.));
#1816 = ORIENTED_EDGE('',*,*,#1817,.T.);
#1817 = EDGE_CURVE('',#1809,#1818,#1820,.T.);
#1818 = VERTEX_POINT('',#1819);
#1819 = CARTESIAN_POINT('',(122.423124,-121.933619,1.585));
#1820 = LINE('',#1821,#1822);
#1821 = CARTESIAN_POINT('',(122.733279,-121.933619,1.585));
#1822 = VECTOR('',#1823,1.);
#1823 = DIRECTION('',(-1.,0.,0.));
#1824 = ORIENTED_EDGE('',*,*,#1825,.T.);
#1825 = EDGE_CURVE('',#1818,#1826,#1828,.T.);
#1826 = VERTEX_POINT('',#1827);
#1827 = CARTESIAN_POINT('',(122.373273,-122.332428,1.585));
#1828 = LINE('',#1829,#1830);
#1829 = CARTESIAN_POINT('',(122.423124,-121.933619,1.585));
#1830 = VECTOR('',#1831,1.);
#1831 = DIRECTION('',(-0.124034428361,-0.992277914992,0.));
#1832 = ORIENTED_EDGE('',*,*,#1833,.T.);
#1833 = EDGE_CURVE('',#1826,#1834,#1836,.T.);
#1834 = VERTEX_POINT('',#1835);
#1835 = CARTESIAN_POINT('',(122.669458,-122.332428,1.585));
#1836 = LINE('',#1837,#1838);
#1837 = CARTESIAN_POINT('',(122.373273,-122.332428,1.585));
#1838 = VECTOR('',#1839,1.);
#1839 = DIRECTION('',(1.,0.,0.));
#1840 = ORIENTED_EDGE('',*,*,#1841,.T.);
#1841 = EDGE_CURVE('',#1834,#1842,#1844,.T.);
#1842 = VERTEX_POINT('',#1843);
#1843 = CARTESIAN_POINT('',(122.837406,-122.183017,1.585));
#1844 = CIRCLE('',#1845,0.250366812211);
#1845 = AXIS2_PLACEMENT_3D('',#1846,#1847,#1848);
#1846 = CARTESIAN_POINT('',(122.60473112528,-122.0905727285,1.585));
#1847 = DIRECTION('',(0.,0.,1.));
#1848 = DIRECTION('',(0.258528173716,-0.966003718106,0.));
#1849 = ORIENTED_EDGE('',*,*,#1850,.T.);
#1850 = EDGE_CURVE('',#1842,#1807,#1851,.T.);
#1851 = LINE('',#1852,#1853);
#1852 = CARTESIAN_POINT('',(122.837406,-122.183017,1.585));
#1853 = VECTOR('',#1854,1.);
#1854 = DIRECTION('',(0.124028300888,0.992278680905,0.));
#1855 = PLANE('',#1856);
#1856 = AXIS2_PLACEMENT_3D('',#1857,#1858,#1859);
#1857 = CARTESIAN_POINT('',(0.,0.,1.585));
#1858 = DIRECTION('',(0.,0.,1.));
#1859 = DIRECTION('',(1.,0.,-0.));
#1860 = SHELL_BASED_SURFACE_MODEL('',(#1861));
#1861 = OPEN_SHELL('',(#1862));
#1862 = ADVANCED_FACE('',(#1863),#1941,.T.);
#1863 = FACE_BOUND('',#1864,.F.);
#1864 = EDGE_LOOP('',(#1865,#1876,#1884,#1892,#1901,#1909,#1918,#1926,
    #1935));
#1865 = ORIENTED_EDGE('',*,*,#1866,.T.);
#1866 = EDGE_CURVE('',#1867,#1869,#1871,.T.);
#1867 = VERTEX_POINT('',#1868);
#1868 = CARTESIAN_POINT('',(123.264268,-122.1967,1.585));
#1869 = VERTEX_POINT('',#1870);
#1870 = CARTESIAN_POINT('',(123.388958,-122.19552,1.585));
#1871 = CIRCLE('',#1872,6.295148306799E-02);
#1872 = AXIS2_PLACEMENT_3D('',#1873,#1874,#1875);
#1873 = CARTESIAN_POINT('',(123.32669530244,-122.204806857,1.585));
#1874 = DIRECTION('',(0.,0.,-1.));
#1875 = DIRECTION('',(-0.991673260069,0.128779444264,0.));
#1876 = ORIENTED_EDGE('',*,*,#1877,.T.);
#1877 = EDGE_CURVE('',#1869,#1878,#1880,.T.);
#1878 = VERTEX_POINT('',#1879);
#1879 = CARTESIAN_POINT('',(123.503392,-122.144611,1.585));
#1880 = LINE('',#1881,#1882);
#1881 = CARTESIAN_POINT('',(123.388958,-122.19552,1.585));
#1882 = VECTOR('',#1883,1.);
#1883 = DIRECTION('',(0.913664974807,0.406468096916,0.));
#1884 = ORIENTED_EDGE('',*,*,#1885,.T.);
#1885 = EDGE_CURVE('',#1878,#1886,#1888,.T.);
#1886 = VERTEX_POINT('',#1887);
#1887 = CARTESIAN_POINT('',(123.611999,-122.141952,1.585));
#1888 = LINE('',#1889,#1890);
#1889 = CARTESIAN_POINT('',(123.503392,-122.144611,1.585));
#1890 = VECTOR('',#1891,1.);
#1891 = DIRECTION('',(0.999700431698,2.447543388435E-02,0.));
#1892 = ORIENTED_EDGE('',*,*,#1893,.T.);
#1893 = EDGE_CURVE('',#1886,#1894,#1896,.T.);
#1894 = VERTEX_POINT('',#1895);
#1895 = CARTESIAN_POINT('',(123.611999,-122.266952,1.585));
#1896 = CIRCLE('',#1897,6.250000000099E-02);
#1897 = AXIS2_PLACEMENT_3D('',#1898,#1899,#1900);
#1898 = CARTESIAN_POINT('',(123.61199864746,-122.204452,1.585));
#1899 = DIRECTION('',(0.,0.,-1.));
#1900 = DIRECTION('',(5.640538802164E-06,0.999999999984,0.));
#1901 = ORIENTED_EDGE('',*,*,#1902,.T.);
#1902 = EDGE_CURVE('',#1894,#1903,#1905,.T.);
#1903 = VERTEX_POINT('',#1904);
#1904 = CARTESIAN_POINT('',(123.530732,-122.266952,1.585));
#1905 = LINE('',#1906,#1907);
#1906 = CARTESIAN_POINT('',(123.611999,-122.266952,1.585));
#1907 = VECTOR('',#1908,1.);
#1908 = DIRECTION('',(-1.,0.,0.));
#1909 = ORIENTED_EDGE('',*,*,#1910,.T.);
#1910 = EDGE_CURVE('',#1903,#1911,#1913,.T.);
#1911 = VERTEX_POINT('',#1912);
#1912 = CARTESIAN_POINT('',(123.362782,-122.416361,1.585));
#1913 = CIRCLE('',#1914,0.250349008362);
#1914 = AXIS2_PLACEMENT_3D('',#1915,#1916,#1917);
#1915 = CARTESIAN_POINT('',(123.59544250448,-122.5087932218,1.585));
#1916 = DIRECTION('',(0.,0.,1.));
#1917 = DIRECTION('',(-0.258481169584,0.966016296431,0.));
#1918 = ORIENTED_EDGE('',*,*,#1919,.T.);
#1919 = EDGE_CURVE('',#1911,#1920,#1922,.T.);
#1920 = VERTEX_POINT('',#1921);
#1921 = CARTESIAN_POINT('',(123.304968,-122.878871,1.585));
#1922 = LINE('',#1923,#1924);
#1923 = CARTESIAN_POINT('',(123.362782,-122.416361,1.585));
#1924 = VECTOR('',#1925,1.);
#1925 = DIRECTION('',(-0.124035262692,-0.992277810701,0.));
#1926 = ORIENTED_EDGE('',*,*,#1927,.T.);
#1927 = EDGE_CURVE('',#1920,#1928,#1930,.T.);
#1928 = VERTEX_POINT('',#1929);
#1929 = CARTESIAN_POINT('',(123.180934,-122.863367,1.585));
#1930 = CIRCLE('',#1931,6.249961434321E-02);
#1931 = AXIS2_PLACEMENT_3D('',#1932,#1933,#1934);
#1932 = CARTESIAN_POINT('',(123.2429509727,-122.8711192183,1.585));
#1933 = DIRECTION('',(-0.,0.,-1.));
#1934 = DIRECTION('',(0.992278559637,-0.124029271078,-0.));
#1935 = ORIENTED_EDGE('',*,*,#1936,.T.);
#1936 = EDGE_CURVE('',#1928,#1867,#1937,.T.);
#1937 = LINE('',#1938,#1939);
#1938 = CARTESIAN_POINT('',(123.180934,-122.863367,1.585));
#1939 = VECTOR('',#1940,1.);
#1940 = DIRECTION('',(0.124035650537,0.99227776222,0.));
#1941 = PLANE('',#1942);
#1942 = AXIS2_PLACEMENT_3D('',#1943,#1944,#1945);
#1943 = CARTESIAN_POINT('',(0.,0.,1.585));
#1944 = DIRECTION('',(0.,0.,1.));
#1945 = DIRECTION('',(1.,0.,-0.));
#1946 = SHELL_BASED_SURFACE_MODEL('',(#1947));
#1947 = OPEN_SHELL('',(#1948));
#1948 = ADVANCED_FACE('',(#1949,#2145),#2211,.T.);
#1949 = FACE_BOUND('',#1950,.F.);
#1950 = EDGE_LOOP('',(#1951,#1962,#1970,#1978,#1986,#1994,#2002,#2010,
    #2018,#2026,#2034,#2042,#2050,#2058,#2066,#2075,#2083,#2091,#2099,
    #2107,#2115,#2123,#2131,#2139));
#1951 = ORIENTED_EDGE('',*,*,#1952,.T.);
#1952 = EDGE_CURVE('',#1953,#1955,#1957,.T.);
#1953 = VERTEX_POINT('',#1954);
#1954 = CARTESIAN_POINT('',(116.579433,-122.19552,1.585));
#1955 = VERTEX_POINT('',#1956);
#1956 = CARTESIAN_POINT('',(116.927124,-122.149305,1.585));
#1957 = CIRCLE('',#1958,0.434813943798);
#1958 = AXIS2_PLACEMENT_3D('',#1959,#1960,#1961);
#1959 = CARTESIAN_POINT('',(116.80570326764,-122.566821672,1.585));
#1960 = DIRECTION('',(0.,0.,-1.));
#1961 = DIRECTION('',(-0.520384111125,0.853932302287,0.));
#1962 = ORIENTED_EDGE('',*,*,#1963,.T.);
#1963 = EDGE_CURVE('',#1955,#1964,#1966,.T.);
#1964 = VERTEX_POINT('',#1965);
#1965 = CARTESIAN_POINT('',(117.032665,-122.209401,1.585));
#1966 = LINE('',#1967,#1968);
#1967 = CARTESIAN_POINT('',(116.927124,-122.149305,1.585));
#1968 = VECTOR('',#1969,1.);
#1969 = DIRECTION('',(0.868998119038,-0.494815388917,0.));
#1970 = ORIENTED_EDGE('',*,*,#1971,.T.);
#1971 = EDGE_CURVE('',#1964,#1972,#1974,.T.);
#1972 = VERTEX_POINT('',#1973);
#1973 = CARTESIAN_POINT('',(117.045519,-122.230126,1.585));
#1974 = LINE('',#1975,#1976);
#1975 = CARTESIAN_POINT('',(117.032665,-122.209401,1.585));
#1976 = VECTOR('',#1977,1.);
#1977 = DIRECTION('',(0.52707294802,-0.849820044166,0.));
#1978 = ORIENTED_EDGE('',*,*,#1979,.T.);
#1979 = EDGE_CURVE('',#1972,#1980,#1982,.T.);
#1980 = VERTEX_POINT('',#1981);
#1981 = CARTESIAN_POINT('',(117.083652,-122.340129,1.585));
#1982 = LINE('',#1983,#1984);
#1983 = CARTESIAN_POINT('',(117.045519,-122.230126,1.585));
#1984 = VECTOR('',#1985,1.);
#1985 = DIRECTION('',(0.327532685112,-0.94483984896,0.));
#1986 = ORIENTED_EDGE('',*,*,#1987,.T.);
#1987 = EDGE_CURVE('',#1980,#1988,#1990,.T.);
#1988 = VERTEX_POINT('',#1989);
#1989 = CARTESIAN_POINT('',(117.070508,-122.457269,1.585));
#1990 = LINE('',#1991,#1992);
#1991 = CARTESIAN_POINT('',(117.083652,-122.340129,1.585));
#1992 = VECTOR('',#1993,1.);
#1993 = DIRECTION('',(-0.111507838133,-0.993763554391,0.));
#1994 = ORIENTED_EDGE('',*,*,#1995,.T.);
#1995 = EDGE_CURVE('',#1988,#1996,#1998,.T.);
#1996 = VERTEX_POINT('',#1997);
#1997 = CARTESIAN_POINT('',(117.065136,-122.473442,1.585));
#1998 = LINE('',#1999,#2000);
#1999 = CARTESIAN_POINT('',(117.070508,-122.457269,1.585));
#2000 = VECTOR('',#2001,1.);
#2001 = DIRECTION('',(-0.315224176361,-0.949017238325,0.));
#2002 = ORIENTED_EDGE('',*,*,#2003,.T.);
#2003 = EDGE_CURVE('',#1996,#2004,#2006,.T.);
#2004 = VERTEX_POINT('',#2005);
#2005 = CARTESIAN_POINT('',(117.045341,-122.49464,1.585));
#2006 = LINE('',#2007,#2008);
#2007 = CARTESIAN_POINT('',(117.065136,-122.473442,1.585));
#2008 = VECTOR('',#2009,1.);
#2009 = DIRECTION('',(-0.682506181855,-0.730879820306,0.));
#2010 = ORIENTED_EDGE('',*,*,#2011,.T.);
#2011 = EDGE_CURVE('',#2004,#2012,#2014,.T.);
#2012 = VERTEX_POINT('',#2013);
#2013 = CARTESIAN_POINT('',(117.022777,-122.50389,1.585));
#2014 = LINE('',#2015,#2016);
#2015 = CARTESIAN_POINT('',(117.045341,-122.49464,1.585));
#2016 = VECTOR('',#2017,1.);
#2017 = DIRECTION('',(-0.925269751701,-0.379309750188,0.));
#2018 = ORIENTED_EDGE('',*,*,#2019,.T.);
#2019 = EDGE_CURVE('',#2012,#2020,#2022,.T.);
#2020 = VERTEX_POINT('',#2021);
#2021 = CARTESIAN_POINT('',(116.579113,-122.590458,1.585));
#2022 = LINE('',#2023,#2024);
#2023 = CARTESIAN_POINT('',(117.022777,-122.50389,1.585));
#2024 = VECTOR('',#2025,1.);
#2025 = DIRECTION('',(-0.981490835435,-0.191509111945,0.));
#2026 = ORIENTED_EDGE('',*,*,#2027,.T.);
#2027 = EDGE_CURVE('',#2020,#2028,#2030,.T.);
#2028 = VERTEX_POINT('',#2029);
#2029 = CARTESIAN_POINT('',(116.562828,-122.720734,1.585));
#2030 = LINE('',#2031,#2032);
#2031 = CARTESIAN_POINT('',(116.579113,-122.590458,1.585));
#2032 = VECTOR('',#2033,1.);
#2033 = DIRECTION('',(-0.124038484364,-0.992277407985,0.));
#2034 = ORIENTED_EDGE('',*,*,#2035,.T.);
#2035 = EDGE_CURVE('',#2028,#2036,#2038,.T.);
#2036 = VERTEX_POINT('',#2037);
#2037 = CARTESIAN_POINT('',(116.58485,-122.779458,1.585));
#2038 = LINE('',#2039,#2040);
#2039 = CARTESIAN_POINT('',(116.562828,-122.720734,1.585));
#2040 = VECTOR('',#2041,1.);
#2041 = DIRECTION('',(0.351130430961,-0.936326556524,0.));
#2042 = ORIENTED_EDGE('',*,*,#2043,.T.);
#2043 = EDGE_CURVE('',#2036,#2044,#2046,.T.);
#2044 = VERTEX_POINT('',#2045);
#2045 = CARTESIAN_POINT('',(116.639527,-122.808619,1.585));
#2046 = LINE('',#2047,#2048);
#2047 = CARTESIAN_POINT('',(116.58485,-122.779458,1.585));
#2048 = VECTOR('',#2049,1.);
#2049 = DIRECTION('',(0.882353387891,-0.470587397704,0.));
#2050 = ORIENTED_EDGE('',*,*,#2051,.T.);
#2051 = EDGE_CURVE('',#2044,#2052,#2054,.T.);
#2052 = VERTEX_POINT('',#2053);
#2053 = CARTESIAN_POINT('',(116.800409,-122.808619,1.585));
#2054 = LINE('',#2055,#2056);
#2055 = CARTESIAN_POINT('',(116.639527,-122.808619,1.585));
#2056 = VECTOR('',#2057,1.);
#2057 = DIRECTION('',(1.,0.,0.));
#2058 = ORIENTED_EDGE('',*,*,#2059,.T.);
#2059 = EDGE_CURVE('',#2052,#2060,#2062,.T.);
#2060 = VERTEX_POINT('',#2061);
#2061 = CARTESIAN_POINT('',(116.888957,-122.766949,1.585));
#2062 = LINE('',#2063,#2064);
#2063 = CARTESIAN_POINT('',(116.800409,-122.808619,1.585));
#2064 = VECTOR('',#2065,1.);
#2065 = DIRECTION('',(0.904817312728,0.425799988948,0.));
#2066 = ORIENTED_EDGE('',*,*,#2067,.T.);
#2067 = EDGE_CURVE('',#2060,#2068,#2070,.T.);
#2068 = VERTEX_POINT('',#2069);
#2069 = CARTESIAN_POINT('',(116.942182,-122.880051,1.585));
#2070 = CIRCLE('',#2071,6.249992605906E-02);
#2071 = AXIS2_PLACEMENT_3D('',#2072,#2073,#2074);
#2072 = CARTESIAN_POINT('',(116.91556916316,-122.8235001585,1.585));
#2073 = DIRECTION('',(0.,0.,-1.));
#2074 = DIRECTION('',(-0.425795114375,0.904819606648,-0.));
#2075 = ORIENTED_EDGE('',*,*,#2076,.T.);
#2076 = EDGE_CURVE('',#2068,#2077,#2079,.T.);
#2077 = VERTEX_POINT('',#2078);
#2078 = CARTESIAN_POINT('',(116.82775,-122.930959,1.585));
#2079 = LINE('',#2080,#2081);
#2080 = CARTESIAN_POINT('',(116.942182,-122.880051,1.585));
#2081 = VECTOR('',#2082,1.);
#2082 = DIRECTION('',(-0.913665301711,-0.406467362097,0.));
#2083 = ORIENTED_EDGE('',*,*,#2084,.T.);
#2084 = EDGE_CURVE('',#2077,#2085,#2087,.T.);
#2085 = VERTEX_POINT('',#2086);
#2086 = CARTESIAN_POINT('',(116.609018,-122.930658,1.585));
#2087 = LINE('',#2088,#2089);
#2088 = CARTESIAN_POINT('',(116.82775,-122.930959,1.585));
#2089 = VECTOR('',#2090,1.);
#2090 = DIRECTION('',(-0.999999053158,1.376111931532E-03,0.));
#2091 = ORIENTED_EDGE('',*,*,#2092,.T.);
#2092 = EDGE_CURVE('',#2085,#2093,#2095,.T.);
#2093 = VERTEX_POINT('',#2094);
#2094 = CARTESIAN_POINT('',(116.505205,-122.878647,1.585));
#2095 = LINE('',#2096,#2097);
#2096 = CARTESIAN_POINT('',(116.609018,-122.930658,1.585));
#2097 = VECTOR('',#2098,1.);
#2098 = DIRECTION('',(-0.894066907798,0.447933437445,0.));
#2099 = ORIENTED_EDGE('',*,*,#2100,.T.);
#2100 = EDGE_CURVE('',#2093,#2101,#2103,.T.);
#2101 = VERTEX_POINT('',#2102);
#2102 = CARTESIAN_POINT('',(116.485603,-122.860774,1.585));
#2103 = LINE('',#2104,#2105);
#2104 = CARTESIAN_POINT('',(116.505205,-122.878647,1.585));
#2105 = VECTOR('',#2106,1.);
#2106 = DIRECTION('',(-0.738944803474,0.673765966355,0.));
#2107 = ORIENTED_EDGE('',*,*,#2108,.T.);
#2108 = EDGE_CURVE('',#2101,#2109,#2111,.T.);
#2109 = VERTEX_POINT('',#2110);
#2110 = CARTESIAN_POINT('',(116.440382,-122.750206,1.585));
#2111 = LINE('',#2112,#2113);
#2112 = CARTESIAN_POINT('',(116.485603,-122.860774,1.585));
#2113 = VECTOR('',#2114,1.);
#2114 = DIRECTION('',(-0.378551355272,0.92558028902,0.));
#2115 = ORIENTED_EDGE('',*,*,#2116,.T.);
#2116 = EDGE_CURVE('',#2109,#2117,#2119,.T.);
#2117 = VERTEX_POINT('',#2118);
#2118 = CARTESIAN_POINT('',(116.436885,-122.720509,1.585));
#2119 = LINE('',#2120,#2121);
#2120 = CARTESIAN_POINT('',(116.440382,-122.750206,1.585));
#2121 = VECTOR('',#2122,1.);
#2122 = DIRECTION('',(-0.116947965716,0.993138043433,0.));
#2123 = ORIENTED_EDGE('',*,*,#2124,.T.);
#2124 = EDGE_CURVE('',#2117,#2125,#2127,.T.);
#2125 = VERTEX_POINT('',#2126);
#2126 = CARTESIAN_POINT('',(116.488752,-122.326771,1.585));
#2127 = LINE('',#2128,#2129);
#2128 = CARTESIAN_POINT('',(116.436885,-122.720509,1.585));
#2129 = VECTOR('',#2130,1.);
#2130 = DIRECTION('',(0.130601457146,0.991434949652,0.));
#2131 = ORIENTED_EDGE('',*,*,#2132,.T.);
#2132 = EDGE_CURVE('',#2125,#2133,#2135,.T.);
#2133 = VERTEX_POINT('',#2134);
#2134 = CARTESIAN_POINT('',(116.559817,-122.210009,1.585));
#2135 = LINE('',#2136,#2137);
#2136 = CARTESIAN_POINT('',(116.488752,-122.326771,1.585));
#2137 = VECTOR('',#2138,1.);
#2138 = DIRECTION('',(0.519906794462,0.854222994933,0.));
#2139 = ORIENTED_EDGE('',*,*,#2140,.T.);
#2140 = EDGE_CURVE('',#2133,#1953,#2141,.T.);
#2141 = LINE('',#2142,#2143);
#2142 = CARTESIAN_POINT('',(116.559817,-122.210009,1.585));
#2143 = VECTOR('',#2144,1.);
#2144 = DIRECTION('',(0.804367843889,0.594131611445,0.));
#2145 = FACE_BOUND('',#2146,.F.);
#2146 = EDGE_LOOP('',(#2147,#2157,#2165,#2173,#2181,#2189,#2197,#2205));
#2147 = ORIENTED_EDGE('',*,*,#2148,.T.);
#2148 = EDGE_CURVE('',#2149,#2151,#2153,.T.);
#2149 = VERTEX_POINT('',#2150);
#2150 = CARTESIAN_POINT('',(116.936762,-122.296112,1.585));
#2151 = VERTEX_POINT('',#2152);
#2152 = CARTESIAN_POINT('',(116.882087,-122.266952,1.585));
#2153 = LINE('',#2154,#2155);
#2154 = CARTESIAN_POINT('',(116.936762,-122.296112,1.585));
#2155 = VECTOR('',#2156,1.);
#2156 = DIRECTION('',(-0.882352941177,0.470588235294,0.));
#2157 = ORIENTED_EDGE('',*,*,#2158,.T.);
#2158 = EDGE_CURVE('',#2151,#2159,#2161,.T.);
#2159 = VERTEX_POINT('',#2160);
#2160 = CARTESIAN_POINT('',(116.721207,-122.266952,1.585));
#2161 = LINE('',#2162,#2163);
#2162 = CARTESIAN_POINT('',(116.882087,-122.266952,1.585));
#2163 = VECTOR('',#2164,1.);
#2164 = DIRECTION('',(-1.,0.,0.));
#2165 = ORIENTED_EDGE('',*,*,#2166,.T.);
#2166 = EDGE_CURVE('',#2159,#2167,#2169,.T.);
#2167 = VERTEX_POINT('',#2168);
#2168 = CARTESIAN_POINT('',(116.649297,-122.300791,1.585));
#2169 = LINE('',#2170,#2171);
#2170 = CARTESIAN_POINT('',(116.721207,-122.266952,1.585));
#2171 = VECTOR('',#2172,1.);
#2172 = DIRECTION('',(-0.904823549877,-0.425786734867,0.));
#2173 = ORIENTED_EDGE('',*,*,#2174,.T.);
#2174 = EDGE_CURVE('',#2167,#2175,#2177,.T.);
#2175 = VERTEX_POINT('',#2176);
#2176 = CARTESIAN_POINT('',(116.606828,-122.368742,1.585));
#2177 = LINE('',#2178,#2179);
#2178 = CARTESIAN_POINT('',(116.649297,-122.300791,1.585));
#2179 = VECTOR('',#2180,1.);
#2180 = DIRECTION('',(-0.529995574717,-0.848000407299,0.));
#2181 = ORIENTED_EDGE('',*,*,#2182,.T.);
#2182 = EDGE_CURVE('',#2175,#2183,#2185,.T.);
#2183 = VERTEX_POINT('',#2184);
#2184 = CARTESIAN_POINT('',(116.595431,-122.459917,1.585));
#2185 = LINE('',#2186,#2187);
#2186 = CARTESIAN_POINT('',(116.606828,-122.368742,1.585));
#2187 = VECTOR('',#2188,1.);
#2188 = DIRECTION('',(-0.124036074062,-0.992277709279,0.));
#2189 = ORIENTED_EDGE('',*,*,#2190,.T.);
#2190 = EDGE_CURVE('',#2183,#2191,#2193,.T.);
#2191 = VERTEX_POINT('',#2192);
#2192 = CARTESIAN_POINT('',(116.954405,-122.389873,1.585));
#2193 = LINE('',#2194,#2195);
#2194 = CARTESIAN_POINT('',(116.595431,-122.459917,1.585));
#2195 = VECTOR('',#2196,1.);
#2196 = DIRECTION('',(0.981490441608,0.19151113031,0.));
#2197 = ORIENTED_EDGE('',*,*,#2198,.T.);
#2198 = EDGE_CURVE('',#2191,#2199,#2201,.T.);
#2199 = VERTEX_POINT('',#2200);
#2200 = CARTESIAN_POINT('',(116.958784,-122.354837,1.585));
#2201 = LINE('',#2202,#2203);
#2202 = CARTESIAN_POINT('',(116.954405,-122.389873,1.585));
#2203 = VECTOR('',#2204,1.);
#2204 = DIRECTION('',(0.124020791579,0.99227961949,0.));
#2205 = ORIENTED_EDGE('',*,*,#2206,.T.);
#2206 = EDGE_CURVE('',#2199,#2149,#2207,.T.);
#2207 = LINE('',#2208,#2209);
#2208 = CARTESIAN_POINT('',(116.958784,-122.354837,1.585));
#2209 = VECTOR('',#2210,1.);
#2210 = DIRECTION('',(-0.351125188907,0.936328522323,0.));
#2211 = PLANE('',#2212);
#2212 = AXIS2_PLACEMENT_3D('',#2213,#2214,#2215);
#2213 = CARTESIAN_POINT('',(0.,0.,1.585));
#2214 = DIRECTION('',(0.,0.,1.));
#2215 = DIRECTION('',(1.,0.,-0.));
#2216 = SHELL_BASED_SURFACE_MODEL('',(#2217));
#2217 = OPEN_SHELL('',(#2218));
#2218 = ADVANCED_FACE('',(#2219,#2327),#2397,.T.);
#2219 = FACE_BOUND('',#2220,.F.);
#2220 = EDGE_LOOP('',(#2221,#2232,#2240,#2248,#2256,#2264,#2272,#2280,
    #2288,#2296,#2305,#2313,#2321));
#2221 = ORIENTED_EDGE('',*,*,#2222,.T.);
#2222 = EDGE_CURVE('',#2223,#2225,#2227,.T.);
#2223 = VERTEX_POINT('',#2224);
#2224 = CARTESIAN_POINT('',(119.008005,-122.19552,1.585));
#2225 = VERTEX_POINT('',#2226);
#2226 = CARTESIAN_POINT('',(119.308077,-122.149305,1.585));
#2227 = CIRCLE('',#2228,0.354442981355);
#2228 = AXIS2_PLACEMENT_3D('',#2229,#2230,#2231);
#2229 = CARTESIAN_POINT('',(119.20679485541,-122.4889691785,1.585));
#2230 = DIRECTION('',(0.,0.,-1.));
#2231 = DIRECTION('',(-0.560851436956,0.827916460559,0.));
#2232 = ORIENTED_EDGE('',*,*,#2233,.T.);
#2233 = EDGE_CURVE('',#2225,#2234,#2236,.T.);
#2234 = VERTEX_POINT('',#2235);
#2235 = CARTESIAN_POINT('',(119.406072,-122.204058,1.585));
#2236 = LINE('',#2237,#2238);
#2237 = CARTESIAN_POINT('',(119.308077,-122.149305,1.585));
#2238 = VECTOR('',#2239,1.);
#2239 = DIRECTION('',(0.872977287278,-0.487760859333,0.));
#2240 = ORIENTED_EDGE('',*,*,#2241,.T.);
#2241 = EDGE_CURVE('',#2234,#2242,#2244,.T.);
#2242 = VERTEX_POINT('',#2243);
#2243 = CARTESIAN_POINT('',(119.462233,-122.268225,1.585));
#2244 = LINE('',#2245,#2246);
#2245 = CARTESIAN_POINT('',(119.406072,-122.204058,1.585));
#2246 = VECTOR('',#2247,1.);
#2247 = DIRECTION('',(0.658603400078,-0.752490240074,0.));
#2248 = ORIENTED_EDGE('',*,*,#2249,.T.);
#2249 = EDGE_CURVE('',#2242,#2250,#2252,.T.);
#2250 = VERTEX_POINT('',#2251);
#2251 = CARTESIAN_POINT('',(119.506272,-122.387751,1.585));
#2252 = LINE('',#2253,#2254);
#2253 = CARTESIAN_POINT('',(119.462233,-122.268225,1.585));
#2254 = VECTOR('',#2255,1.);
#2255 = DIRECTION('',(0.345726823069,-0.93833520866,0.));
#2256 = ORIENTED_EDGE('',*,*,#2257,.T.);
#2257 = EDGE_CURVE('',#2250,#2258,#2260,.T.);
#2258 = VERTEX_POINT('',#2259);
#2259 = CARTESIAN_POINT('',(119.467385,-122.701183,1.585));
#2260 = LINE('',#2261,#2262);
#2261 = CARTESIAN_POINT('',(119.506272,-122.387751,1.585));
#2262 = VECTOR('',#2263,1.);
#2263 = DIRECTION('',(-0.123124372926,-0.992391247841,0.));
#2264 = ORIENTED_EDGE('',*,*,#2265,.T.);
#2265 = EDGE_CURVE('',#2258,#2266,#2268,.T.);
#2266 = VERTEX_POINT('',#2267);
#2267 = CARTESIAN_POINT('',(119.391617,-122.822593,1.585));
#2268 = LINE('',#2269,#2270);
#2269 = CARTESIAN_POINT('',(119.467385,-122.701183,1.585));
#2270 = VECTOR('',#2271,1.);
#2271 = DIRECTION('',(-0.529429770298,-0.848353769558,0.));
#2272 = ORIENTED_EDGE('',*,*,#2273,.T.);
#2273 = EDGE_CURVE('',#2266,#2274,#2276,.T.);
#2274 = VERTEX_POINT('',#2275);
#2275 = CARTESIAN_POINT('',(119.323135,-122.880051,1.585));
#2276 = LINE('',#2277,#2278);
#2277 = CARTESIAN_POINT('',(119.391617,-122.822593,1.585));
#2278 = VECTOR('',#2279,1.);
#2279 = DIRECTION('',(-0.766073200717,-0.642753336158,0.));
#2280 = ORIENTED_EDGE('',*,*,#2281,.T.);
#2281 = EDGE_CURVE('',#2274,#2282,#2284,.T.);
#2282 = VERTEX_POINT('',#2283);
#2283 = CARTESIAN_POINT('',(119.208703,-122.930959,1.585));
#2284 = LINE('',#2285,#2286);
#2285 = CARTESIAN_POINT('',(119.323135,-122.880051,1.585));
#2286 = VECTOR('',#2287,1.);
#2287 = DIRECTION('',(-0.913665301711,-0.406467362097,0.));
#2288 = ORIENTED_EDGE('',*,*,#2289,.T.);
#2289 = EDGE_CURVE('',#2282,#2290,#2292,.T.);
#2290 = VERTEX_POINT('',#2291);
#2291 = CARTESIAN_POINT('',(119.037588,-122.930657,1.585));
#2292 = LINE('',#2293,#2294);
#2293 = CARTESIAN_POINT('',(119.208703,-122.930959,1.585));
#2294 = VECTOR('',#2295,1.);
#2295 = DIRECTION('',(-0.999998442577,1.764892205026E-03,0.));
#2296 = ORIENTED_EDGE('',*,*,#2297,.T.);
#2297 = EDGE_CURVE('',#2290,#2298,#2300,.T.);
#2298 = VERTEX_POINT('',#2299);
#2299 = CARTESIAN_POINT('',(118.824867,-122.68782,1.585));
#2300 = CIRCLE('',#2301,0.29122588373);
#2301 = AXIS2_PLACEMENT_3D('',#2302,#2303,#2304);
#2302 = CARTESIAN_POINT('',(119.11356287663,-122.6495158726,1.585));
#2303 = DIRECTION('',(0.,0.,-1.));
#2304 = DIRECTION('',(-0.260879547031,-0.965371359603,-0.));
#2305 = ORIENTED_EDGE('',*,*,#2306,.T.);
#2306 = EDGE_CURVE('',#2298,#2307,#2309,.T.);
#2307 = VERTEX_POINT('',#2308);
#2308 = CARTESIAN_POINT('',(118.863751,-122.37439,1.585));
#2309 = LINE('',#2310,#2311);
#2310 = CARTESIAN_POINT('',(118.824867,-122.68782,1.585));
#2311 = VECTOR('',#2312,1.);
#2312 = DIRECTION('',(0.123115791968,0.992392312429,0.));
#2313 = ORIENTED_EDGE('',*,*,#2314,.T.);
#2314 = EDGE_CURVE('',#2307,#2315,#2317,.T.);
#2315 = VERTEX_POINT('',#2316);
#2316 = CARTESIAN_POINT('',(118.939523,-122.252977,1.585));
#2317 = LINE('',#2318,#2319);
#2318 = CARTESIAN_POINT('',(118.863751,-122.37439,1.585));
#2319 = VECTOR('',#2320,1.);
#2320 = DIRECTION('',(0.529440470479,0.848347091832,0.));
#2321 = ORIENTED_EDGE('',*,*,#2322,.T.);
#2322 = EDGE_CURVE('',#2315,#2223,#2323,.T.);
#2323 = LINE('',#2324,#2325);
#2324 = CARTESIAN_POINT('',(118.939523,-122.252977,1.585));
#2325 = VECTOR('',#2326,1.);
#2326 = DIRECTION('',(0.766078708913,0.642746771093,0.));
#2327 = FACE_BOUND('',#2328,.F.);
#2328 = EDGE_LOOP('',(#2329,#2340,#2348,#2357,#2365,#2374,#2382,#2391));
#2329 = ORIENTED_EDGE('',*,*,#2330,.T.);
#2330 = EDGE_CURVE('',#2331,#2333,#2335,.T.);
#2331 = VERTEX_POINT('',#2332);
#2332 = CARTESIAN_POINT('',(119.381404,-122.402456,1.585));
#2333 = VERTEX_POINT('',#2334);
#2334 = CARTESIAN_POINT('',(119.26304,-122.266952,1.585));
#2335 = CIRCLE('',#2336,0.160548729222);
#2336 = AXIS2_PLACEMENT_3D('',#2337,#2338,#2339);
#2337 = CARTESIAN_POINT('',(119.22207217791,-122.4221857978,1.585));
#2338 = DIRECTION('',(0.,0.,1.));
#2339 = DIRECTION('',(0.992420325344,0.122889779248,-0.));
#2340 = ORIENTED_EDGE('',*,*,#2341,.T.);
#2341 = EDGE_CURVE('',#2333,#2342,#2344,.T.);
#2342 = VERTEX_POINT('',#2343);
#2343 = CARTESIAN_POINT('',(119.149779,-122.266952,1.585));
#2344 = LINE('',#2345,#2346);
#2345 = CARTESIAN_POINT('',(119.26304,-122.266952,1.585));
#2346 = VECTOR('',#2347,1.);
#2347 = DIRECTION('',(-1.,0.,0.));
#2348 = ORIENTED_EDGE('',*,*,#2349,.T.);
#2349 = EDGE_CURVE('',#2342,#2350,#2352,.T.);
#2350 = VERTEX_POINT('',#2351);
#2351 = CARTESIAN_POINT('',(118.981828,-122.416362,1.585));
#2352 = CIRCLE('',#2353,0.250351175523);
#2353 = AXIS2_PLACEMENT_3D('',#2354,#2355,#2356);
#2354 = CARTESIAN_POINT('',(119.21449044209,-122.5087952143,1.585));
#2355 = DIRECTION('',(0.,0.,1.));
#2356 = DIRECTION('',(-0.258482677233,0.966015893022,0.));
#2357 = ORIENTED_EDGE('',*,*,#2358,.T.);
#2358 = EDGE_CURVE('',#2350,#2359,#2361,.T.);
#2359 = VERTEX_POINT('',#2360);
#2360 = CARTESIAN_POINT('',(118.949735,-122.673113,1.585));
#2361 = LINE('',#2362,#2363);
#2362 = CARTESIAN_POINT('',(118.981828,-122.416362,1.585));
#2363 = VECTOR('',#2364,1.);
#2364 = DIRECTION('',(-0.124031404958,-0.992278292912,0.));
#2365 = ORIENTED_EDGE('',*,*,#2366,.T.);
#2366 = EDGE_CURVE('',#2359,#2367,#2369,.T.);
#2367 = VERTEX_POINT('',#2368);
#2368 = CARTESIAN_POINT('',(119.0681,-122.808619,1.585));
#2369 = CIRCLE('',#2370,0.160550046077);
#2370 = AXIS2_PLACEMENT_3D('',#2371,#2372,#2373);
#2371 = CARTESIAN_POINT('',(119.10906824172,-122.6533839509,1.585));
#2372 = DIRECTION('',(0.,0.,1.));
#2373 = DIRECTION('',(-0.992421027676,-0.122884107297,0.));
#2374 = ORIENTED_EDGE('',*,*,#2375,.T.);
#2375 = EDGE_CURVE('',#2367,#2376,#2378,.T.);
#2376 = VERTEX_POINT('',#2377);
#2377 = CARTESIAN_POINT('',(119.181362,-122.808619,1.585));
#2378 = LINE('',#2379,#2380);
#2379 = CARTESIAN_POINT('',(119.0681,-122.808619,1.585));
#2380 = VECTOR('',#2381,1.);
#2381 = DIRECTION('',(1.,0.,0.));
#2382 = ORIENTED_EDGE('',*,*,#2383,.T.);
#2383 = EDGE_CURVE('',#2376,#2384,#2386,.T.);
#2384 = VERTEX_POINT('',#2385);
#2385 = CARTESIAN_POINT('',(119.34931,-122.659207,1.585));
#2386 = CIRCLE('',#2387,0.25036538347);
#2387 = AXIS2_PLACEMENT_3D('',#2388,#2389,#2390);
#2388 = CARTESIAN_POINT('',(119.11663574345,-122.566765042,1.585));
#2389 = DIRECTION('',(0.,0.,1.));
#2390 = DIRECTION('',(0.258527179949,-0.966003984064,0.));
#2391 = ORIENTED_EDGE('',*,*,#2392,.T.);
#2392 = EDGE_CURVE('',#2384,#2331,#2393,.T.);
#2393 = LINE('',#2394,#2395);
#2394 = CARTESIAN_POINT('',(119.34931,-122.659207,1.585));
#2395 = VECTOR('',#2396,1.);
#2396 = DIRECTION('',(0.12403521025,0.992277817256,0.));
#2397 = PLANE('',#2398);
#2398 = AXIS2_PLACEMENT_3D('',#2399,#2400,#2401);
#2399 = CARTESIAN_POINT('',(0.,0.,1.585));
#2400 = DIRECTION('',(0.,0.,1.));
#2401 = DIRECTION('',(1.,0.,-0.));
#2402 = SHELL_BASED_SURFACE_MODEL('',(#2403));
#2403 = OPEN_SHELL('',(#2404));
#2404 = ADVANCED_FACE('',(#2405,#2513),#2583,.T.);
#2405 = FACE_BOUND('',#2406,.F.);
#2406 = EDGE_LOOP('',(#2407,#2418,#2426,#2434,#2442,#2450,#2458,#2466,
    #2474,#2482,#2491,#2499,#2507));
#2407 = ORIENTED_EDGE('',*,*,#2408,.T.);
#2408 = EDGE_CURVE('',#2409,#2411,#2413,.T.);
#2409 = VERTEX_POINT('',#2410);
#2410 = CARTESIAN_POINT('',(123.960387,-122.19552,1.585));
#2411 = VERTEX_POINT('',#2412);
#2412 = CARTESIAN_POINT('',(124.260459,-122.149305,1.585));
#2413 = CIRCLE('',#2414,0.354442981355);
#2414 = AXIS2_PLACEMENT_3D('',#2415,#2416,#2417);
#2415 = CARTESIAN_POINT('',(124.15917685541,-122.4889691785,1.585));
#2416 = DIRECTION('',(0.,0.,-1.));
#2417 = DIRECTION('',(-0.560851436956,0.827916460559,0.));
#2418 = ORIENTED_EDGE('',*,*,#2419,.T.);
#2419 = EDGE_CURVE('',#2411,#2420,#2422,.T.);
#2420 = VERTEX_POINT('',#2421);
#2421 = CARTESIAN_POINT('',(124.358454,-122.204058,1.585));
#2422 = LINE('',#2423,#2424);
#2423 = CARTESIAN_POINT('',(124.260459,-122.149305,1.585));
#2424 = VECTOR('',#2425,1.);
#2425 = DIRECTION('',(0.872977287278,-0.487760859333,0.));
#2426 = ORIENTED_EDGE('',*,*,#2427,.T.);
#2427 = EDGE_CURVE('',#2420,#2428,#2430,.T.);
#2428 = VERTEX_POINT('',#2429);
#2429 = CARTESIAN_POINT('',(124.414615,-122.268225,1.585));
#2430 = LINE('',#2431,#2432);
#2431 = CARTESIAN_POINT('',(124.358454,-122.204058,1.585));
#2432 = VECTOR('',#2433,1.);
#2433 = DIRECTION('',(0.658603400078,-0.752490240074,0.));
#2434 = ORIENTED_EDGE('',*,*,#2435,.T.);
#2435 = EDGE_CURVE('',#2428,#2436,#2438,.T.);
#2436 = VERTEX_POINT('',#2437);
#2437 = CARTESIAN_POINT('',(124.458654,-122.387751,1.585));
#2438 = LINE('',#2439,#2440);
#2439 = CARTESIAN_POINT('',(124.414615,-122.268225,1.585));
#2440 = VECTOR('',#2441,1.);
#2441 = DIRECTION('',(0.345726823069,-0.93833520866,0.));
#2442 = ORIENTED_EDGE('',*,*,#2443,.T.);
#2443 = EDGE_CURVE('',#2436,#2444,#2446,.T.);
#2444 = VERTEX_POINT('',#2445);
#2445 = CARTESIAN_POINT('',(124.419767,-122.701183,1.585));
#2446 = LINE('',#2447,#2448);
#2447 = CARTESIAN_POINT('',(124.458654,-122.387751,1.585));
#2448 = VECTOR('',#2449,1.);
#2449 = DIRECTION('',(-0.123124372926,-0.992391247841,0.));
#2450 = ORIENTED_EDGE('',*,*,#2451,.T.);
#2451 = EDGE_CURVE('',#2444,#2452,#2454,.T.);
#2452 = VERTEX_POINT('',#2453);
#2453 = CARTESIAN_POINT('',(124.343999,-122.822593,1.585));
#2454 = LINE('',#2455,#2456);
#2455 = CARTESIAN_POINT('',(124.419767,-122.701183,1.585));
#2456 = VECTOR('',#2457,1.);
#2457 = DIRECTION('',(-0.529429770298,-0.848353769558,0.));
#2458 = ORIENTED_EDGE('',*,*,#2459,.T.);
#2459 = EDGE_CURVE('',#2452,#2460,#2462,.T.);
#2460 = VERTEX_POINT('',#2461);
#2461 = CARTESIAN_POINT('',(124.275517,-122.880051,1.585));
#2462 = LINE('',#2463,#2464);
#2463 = CARTESIAN_POINT('',(124.343999,-122.822593,1.585));
#2464 = VECTOR('',#2465,1.);
#2465 = DIRECTION('',(-0.766073200717,-0.642753336158,0.));
#2466 = ORIENTED_EDGE('',*,*,#2467,.T.);
#2467 = EDGE_CURVE('',#2460,#2468,#2470,.T.);
#2468 = VERTEX_POINT('',#2469);
#2469 = CARTESIAN_POINT('',(124.161085,-122.930959,1.585));
#2470 = LINE('',#2471,#2472);
#2471 = CARTESIAN_POINT('',(124.275517,-122.880051,1.585));
#2472 = VECTOR('',#2473,1.);
#2473 = DIRECTION('',(-0.913665301711,-0.406467362097,0.));
#2474 = ORIENTED_EDGE('',*,*,#2475,.T.);
#2475 = EDGE_CURVE('',#2468,#2476,#2478,.T.);
#2476 = VERTEX_POINT('',#2477);
#2477 = CARTESIAN_POINT('',(123.98997,-122.930657,1.585));
#2478 = LINE('',#2479,#2480);
#2479 = CARTESIAN_POINT('',(124.161085,-122.930959,1.585));
#2480 = VECTOR('',#2481,1.);
#2481 = DIRECTION('',(-0.999998442577,1.764892205026E-03,0.));
#2482 = ORIENTED_EDGE('',*,*,#2483,.T.);
#2483 = EDGE_CURVE('',#2476,#2484,#2486,.T.);
#2484 = VERTEX_POINT('',#2485);
#2485 = CARTESIAN_POINT('',(123.777249,-122.68782,1.585));
#2486 = CIRCLE('',#2487,0.29122588373);
#2487 = AXIS2_PLACEMENT_3D('',#2488,#2489,#2490);
#2488 = CARTESIAN_POINT('',(124.06594487663,-122.6495158726,1.585));
#2489 = DIRECTION('',(0.,0.,-1.));
#2490 = DIRECTION('',(-0.260879547031,-0.965371359603,-0.));
#2491 = ORIENTED_EDGE('',*,*,#2492,.T.);
#2492 = EDGE_CURVE('',#2484,#2493,#2495,.T.);
#2493 = VERTEX_POINT('',#2494);
#2494 = CARTESIAN_POINT('',(123.816133,-122.37439,1.585));
#2495 = LINE('',#2496,#2497);
#2496 = CARTESIAN_POINT('',(123.777249,-122.68782,1.585));
#2497 = VECTOR('',#2498,1.);
#2498 = DIRECTION('',(0.123115791968,0.992392312429,0.));
#2499 = ORIENTED_EDGE('',*,*,#2500,.T.);
#2500 = EDGE_CURVE('',#2493,#2501,#2503,.T.);
#2501 = VERTEX_POINT('',#2502);
#2502 = CARTESIAN_POINT('',(123.891905,-122.252977,1.585));
#2503 = LINE('',#2504,#2505);
#2504 = CARTESIAN_POINT('',(123.816133,-122.37439,1.585));
#2505 = VECTOR('',#2506,1.);
#2506 = DIRECTION('',(0.529440470479,0.848347091832,0.));
#2507 = ORIENTED_EDGE('',*,*,#2508,.T.);
#2508 = EDGE_CURVE('',#2501,#2409,#2509,.T.);
#2509 = LINE('',#2510,#2511);
#2510 = CARTESIAN_POINT('',(123.891905,-122.252977,1.585));
#2511 = VECTOR('',#2512,1.);
#2512 = DIRECTION('',(0.766078708913,0.642746771093,0.));
#2513 = FACE_BOUND('',#2514,.F.);
#2514 = EDGE_LOOP('',(#2515,#2526,#2534,#2543,#2551,#2560,#2568,#2577));
#2515 = ORIENTED_EDGE('',*,*,#2516,.T.);
#2516 = EDGE_CURVE('',#2517,#2519,#2521,.T.);
#2517 = VERTEX_POINT('',#2518);
#2518 = CARTESIAN_POINT('',(124.333786,-122.402456,1.585));
#2519 = VERTEX_POINT('',#2520);
#2520 = CARTESIAN_POINT('',(124.215422,-122.266952,1.585));
#2521 = CIRCLE('',#2522,0.160548729222);
#2522 = AXIS2_PLACEMENT_3D('',#2523,#2524,#2525);
#2523 = CARTESIAN_POINT('',(124.17445417791,-122.4221857978,1.585));
#2524 = DIRECTION('',(0.,0.,1.));
#2525 = DIRECTION('',(0.992420325344,0.122889779248,-0.));
#2526 = ORIENTED_EDGE('',*,*,#2527,.T.);
#2527 = EDGE_CURVE('',#2519,#2528,#2530,.T.);
#2528 = VERTEX_POINT('',#2529);
#2529 = CARTESIAN_POINT('',(124.102161,-122.266952,1.585));
#2530 = LINE('',#2531,#2532);
#2531 = CARTESIAN_POINT('',(124.215422,-122.266952,1.585));
#2532 = VECTOR('',#2533,1.);
#2533 = DIRECTION('',(-1.,0.,0.));
#2534 = ORIENTED_EDGE('',*,*,#2535,.T.);
#2535 = EDGE_CURVE('',#2528,#2536,#2538,.T.);
#2536 = VERTEX_POINT('',#2537);
#2537 = CARTESIAN_POINT('',(123.93421,-122.416362,1.585));
#2538 = CIRCLE('',#2539,0.250351175523);
#2539 = AXIS2_PLACEMENT_3D('',#2540,#2541,#2542);
#2540 = CARTESIAN_POINT('',(124.16687244209,-122.5087952143,1.585));
#2541 = DIRECTION('',(0.,0.,1.));
#2542 = DIRECTION('',(-0.258482677233,0.966015893022,0.));
#2543 = ORIENTED_EDGE('',*,*,#2544,.T.);
#2544 = EDGE_CURVE('',#2536,#2545,#2547,.T.);
#2545 = VERTEX_POINT('',#2546);
#2546 = CARTESIAN_POINT('',(123.902117,-122.673113,1.585));
#2547 = LINE('',#2548,#2549);
#2548 = CARTESIAN_POINT('',(123.93421,-122.416362,1.585));
#2549 = VECTOR('',#2550,1.);
#2550 = DIRECTION('',(-0.124031404958,-0.992278292912,0.));
#2551 = ORIENTED_EDGE('',*,*,#2552,.T.);
#2552 = EDGE_CURVE('',#2545,#2553,#2555,.T.);
#2553 = VERTEX_POINT('',#2554);
#2554 = CARTESIAN_POINT('',(124.020482,-122.808619,1.585));
#2555 = CIRCLE('',#2556,0.160550046077);
#2556 = AXIS2_PLACEMENT_3D('',#2557,#2558,#2559);
#2557 = CARTESIAN_POINT('',(124.06145024172,-122.6533839509,1.585));
#2558 = DIRECTION('',(0.,0.,1.));
#2559 = DIRECTION('',(-0.992421027676,-0.122884107297,0.));
#2560 = ORIENTED_EDGE('',*,*,#2561,.T.);
#2561 = EDGE_CURVE('',#2553,#2562,#2564,.T.);
#2562 = VERTEX_POINT('',#2563);
#2563 = CARTESIAN_POINT('',(124.133744,-122.808619,1.585));
#2564 = LINE('',#2565,#2566);
#2565 = CARTESIAN_POINT('',(124.020482,-122.808619,1.585));
#2566 = VECTOR('',#2567,1.);
#2567 = DIRECTION('',(1.,0.,0.));
#2568 = ORIENTED_EDGE('',*,*,#2569,.T.);
#2569 = EDGE_CURVE('',#2562,#2570,#2572,.T.);
#2570 = VERTEX_POINT('',#2571);
#2571 = CARTESIAN_POINT('',(124.301692,-122.659207,1.585));
#2572 = CIRCLE('',#2573,0.25036538347);
#2573 = AXIS2_PLACEMENT_3D('',#2574,#2575,#2576);
#2574 = CARTESIAN_POINT('',(124.06901774345,-122.566765042,1.585));
#2575 = DIRECTION('',(0.,0.,1.));
#2576 = DIRECTION('',(0.258527179949,-0.966003984064,0.));
#2577 = ORIENTED_EDGE('',*,*,#2578,.T.);
#2578 = EDGE_CURVE('',#2570,#2517,#2579,.T.);
#2579 = LINE('',#2580,#2581);
#2580 = CARTESIAN_POINT('',(124.301692,-122.659207,1.585));
#2581 = VECTOR('',#2582,1.);
#2582 = DIRECTION('',(0.12403521025,0.992277817256,0.));
#2583 = PLANE('',#2584);
#2584 = AXIS2_PLACEMENT_3D('',#2585,#2586,#2587);
#2585 = CARTESIAN_POINT('',(0.,0.,1.585));
#2586 = DIRECTION('',(0.,0.,1.));
#2587 = DIRECTION('',(1.,0.,-0.));
#2588 = SHELL_BASED_SURFACE_MODEL('',(#2589));
#2589 = OPEN_SHELL('',(#2590));
#2590 = ADVANCED_FACE('',(#2591,#2787),#2853,.T.);
#2591 = FACE_BOUND('',#2592,.F.);
#2592 = EDGE_LOOP('',(#2593,#2604,#2612,#2620,#2628,#2636,#2644,#2652,
    #2660,#2668,#2676,#2684,#2692,#2700,#2708,#2717,#2725,#2733,#2741,
    #2749,#2757,#2765,#2773,#2781));
#2593 = ORIENTED_EDGE('',*,*,#2594,.T.);
#2594 = EDGE_CURVE('',#2595,#2597,#2599,.T.);
#2595 = VERTEX_POINT('',#2596);
#2596 = CARTESIAN_POINT('',(125.29372,-122.19552,1.585));
#2597 = VERTEX_POINT('',#2598);
#2598 = CARTESIAN_POINT('',(125.641411,-122.149305,1.585));
#2599 = CIRCLE('',#2600,0.434813943798);
#2600 = AXIS2_PLACEMENT_3D('',#2601,#2602,#2603);
#2601 = CARTESIAN_POINT('',(125.51999026764,-122.566821672,1.585));
#2602 = DIRECTION('',(0.,0.,-1.));
#2603 = DIRECTION('',(-0.520384111125,0.853932302287,0.));
#2604 = ORIENTED_EDGE('',*,*,#2605,.T.);
#2605 = EDGE_CURVE('',#2597,#2606,#2608,.T.);
#2606 = VERTEX_POINT('',#2607);
#2607 = CARTESIAN_POINT('',(125.746952,-122.209401,1.585));
#2608 = LINE('',#2609,#2610);
#2609 = CARTESIAN_POINT('',(125.641411,-122.149305,1.585));
#2610 = VECTOR('',#2611,1.);
#2611 = DIRECTION('',(0.868998119038,-0.494815388917,0.));
#2612 = ORIENTED_EDGE('',*,*,#2613,.T.);
#2613 = EDGE_CURVE('',#2606,#2614,#2616,.T.);
#2614 = VERTEX_POINT('',#2615);
#2615 = CARTESIAN_POINT('',(125.759806,-122.230126,1.585));
#2616 = LINE('',#2617,#2618);
#2617 = CARTESIAN_POINT('',(125.746952,-122.209401,1.585));
#2618 = VECTOR('',#2619,1.);
#2619 = DIRECTION('',(0.52707294802,-0.849820044166,0.));
#2620 = ORIENTED_EDGE('',*,*,#2621,.T.);
#2621 = EDGE_CURVE('',#2614,#2622,#2624,.T.);
#2622 = VERTEX_POINT('',#2623);
#2623 = CARTESIAN_POINT('',(125.797939,-122.340129,1.585));
#2624 = LINE('',#2625,#2626);
#2625 = CARTESIAN_POINT('',(125.759806,-122.230126,1.585));
#2626 = VECTOR('',#2627,1.);
#2627 = DIRECTION('',(0.327532685112,-0.94483984896,0.));
#2628 = ORIENTED_EDGE('',*,*,#2629,.T.);
#2629 = EDGE_CURVE('',#2622,#2630,#2632,.T.);
#2630 = VERTEX_POINT('',#2631);
#2631 = CARTESIAN_POINT('',(125.784795,-122.457269,1.585));
#2632 = LINE('',#2633,#2634);
#2633 = CARTESIAN_POINT('',(125.797939,-122.340129,1.585));
#2634 = VECTOR('',#2635,1.);
#2635 = DIRECTION('',(-0.111507838133,-0.993763554391,0.));
#2636 = ORIENTED_EDGE('',*,*,#2637,.T.);
#2637 = EDGE_CURVE('',#2630,#2638,#2640,.T.);
#2638 = VERTEX_POINT('',#2639);
#2639 = CARTESIAN_POINT('',(125.779423,-122.473442,1.585));
#2640 = LINE('',#2641,#2642);
#2641 = CARTESIAN_POINT('',(125.784795,-122.457269,1.585));
#2642 = VECTOR('',#2643,1.);
#2643 = DIRECTION('',(-0.315224176361,-0.949017238325,0.));
#2644 = ORIENTED_EDGE('',*,*,#2645,.T.);
#2645 = EDGE_CURVE('',#2638,#2646,#2648,.T.);
#2646 = VERTEX_POINT('',#2647);
#2647 = CARTESIAN_POINT('',(125.759628,-122.49464,1.585));
#2648 = LINE('',#2649,#2650);
#2649 = CARTESIAN_POINT('',(125.779423,-122.473442,1.585));
#2650 = VECTOR('',#2651,1.);
#2651 = DIRECTION('',(-0.682506181854,-0.730879820306,0.));
#2652 = ORIENTED_EDGE('',*,*,#2653,.T.);
#2653 = EDGE_CURVE('',#2646,#2654,#2656,.T.);
#2654 = VERTEX_POINT('',#2655);
#2655 = CARTESIAN_POINT('',(125.737064,-122.50389,1.585));
#2656 = LINE('',#2657,#2658);
#2657 = CARTESIAN_POINT('',(125.759628,-122.49464,1.585));
#2658 = VECTOR('',#2659,1.);
#2659 = DIRECTION('',(-0.925269751701,-0.379309750187,0.));
#2660 = ORIENTED_EDGE('',*,*,#2661,.T.);
#2661 = EDGE_CURVE('',#2654,#2662,#2664,.T.);
#2662 = VERTEX_POINT('',#2663);
#2663 = CARTESIAN_POINT('',(125.2934,-122.590458,1.585));
#2664 = LINE('',#2665,#2666);
#2665 = CARTESIAN_POINT('',(125.737064,-122.50389,1.585));
#2666 = VECTOR('',#2667,1.);
#2667 = DIRECTION('',(-0.981490835435,-0.191509111945,0.));
#2668 = ORIENTED_EDGE('',*,*,#2669,.T.);
#2669 = EDGE_CURVE('',#2662,#2670,#2672,.T.);
#2670 = VERTEX_POINT('',#2671);
#2671 = CARTESIAN_POINT('',(125.277115,-122.720734,1.585));
#2672 = LINE('',#2673,#2674);
#2673 = CARTESIAN_POINT('',(125.2934,-122.590458,1.585));
#2674 = VECTOR('',#2675,1.);
#2675 = DIRECTION('',(-0.124038484364,-0.992277407985,0.));
#2676 = ORIENTED_EDGE('',*,*,#2677,.T.);
#2677 = EDGE_CURVE('',#2670,#2678,#2680,.T.);
#2678 = VERTEX_POINT('',#2679);
#2679 = CARTESIAN_POINT('',(125.299137,-122.779458,1.585));
#2680 = LINE('',#2681,#2682);
#2681 = CARTESIAN_POINT('',(125.277115,-122.720734,1.585));
#2682 = VECTOR('',#2683,1.);
#2683 = DIRECTION('',(0.351130430961,-0.936326556524,0.));
#2684 = ORIENTED_EDGE('',*,*,#2685,.T.);
#2685 = EDGE_CURVE('',#2678,#2686,#2688,.T.);
#2686 = VERTEX_POINT('',#2687);
#2687 = CARTESIAN_POINT('',(125.353814,-122.808619,1.585));
#2688 = LINE('',#2689,#2690);
#2689 = CARTESIAN_POINT('',(125.299137,-122.779458,1.585));
#2690 = VECTOR('',#2691,1.);
#2691 = DIRECTION('',(0.882353387891,-0.470587397704,0.));
#2692 = ORIENTED_EDGE('',*,*,#2693,.T.);
#2693 = EDGE_CURVE('',#2686,#2694,#2696,.T.);
#2694 = VERTEX_POINT('',#2695);
#2695 = CARTESIAN_POINT('',(125.514696,-122.808619,1.585));
#2696 = LINE('',#2697,#2698);
#2697 = CARTESIAN_POINT('',(125.353814,-122.808619,1.585));
#2698 = VECTOR('',#2699,1.);
#2699 = DIRECTION('',(1.,0.,0.));
#2700 = ORIENTED_EDGE('',*,*,#2701,.T.);
#2701 = EDGE_CURVE('',#2694,#2702,#2704,.T.);
#2702 = VERTEX_POINT('',#2703);
#2703 = CARTESIAN_POINT('',(125.603244,-122.766949,1.585));
#2704 = LINE('',#2705,#2706);
#2705 = CARTESIAN_POINT('',(125.514696,-122.808619,1.585));
#2706 = VECTOR('',#2707,1.);
#2707 = DIRECTION('',(0.904817312728,0.425799988948,0.));
#2708 = ORIENTED_EDGE('',*,*,#2709,.T.);
#2709 = EDGE_CURVE('',#2702,#2710,#2712,.T.);
#2710 = VERTEX_POINT('',#2711);
#2711 = CARTESIAN_POINT('',(125.656469,-122.880051,1.585));
#2712 = CIRCLE('',#2713,6.249992605906E-02);
#2713 = AXIS2_PLACEMENT_3D('',#2714,#2715,#2716);
#2714 = CARTESIAN_POINT('',(125.62985616316,-122.8235001585,1.585));
#2715 = DIRECTION('',(0.,0.,-1.));
#2716 = DIRECTION('',(-0.425795114376,0.904819606648,-0.));
#2717 = ORIENTED_EDGE('',*,*,#2718,.T.);
#2718 = EDGE_CURVE('',#2710,#2719,#2721,.T.);
#2719 = VERTEX_POINT('',#2720);
#2720 = CARTESIAN_POINT('',(125.542037,-122.930959,1.585));
#2721 = LINE('',#2722,#2723);
#2722 = CARTESIAN_POINT('',(125.656469,-122.880051,1.585));
#2723 = VECTOR('',#2724,1.);
#2724 = DIRECTION('',(-0.913665301711,-0.406467362097,0.));
#2725 = ORIENTED_EDGE('',*,*,#2726,.T.);
#2726 = EDGE_CURVE('',#2719,#2727,#2729,.T.);
#2727 = VERTEX_POINT('',#2728);
#2728 = CARTESIAN_POINT('',(125.323305,-122.930658,1.585));
#2729 = LINE('',#2730,#2731);
#2730 = CARTESIAN_POINT('',(125.542037,-122.930959,1.585));
#2731 = VECTOR('',#2732,1.);
#2732 = DIRECTION('',(-0.999999053158,1.376111931532E-03,0.));
#2733 = ORIENTED_EDGE('',*,*,#2734,.T.);
#2734 = EDGE_CURVE('',#2727,#2735,#2737,.T.);
#2735 = VERTEX_POINT('',#2736);
#2736 = CARTESIAN_POINT('',(125.219492,-122.878647,1.585));
#2737 = LINE('',#2738,#2739);
#2738 = CARTESIAN_POINT('',(125.323305,-122.930658,1.585));
#2739 = VECTOR('',#2740,1.);
#2740 = DIRECTION('',(-0.894066907798,0.447933437445,0.));
#2741 = ORIENTED_EDGE('',*,*,#2742,.T.);
#2742 = EDGE_CURVE('',#2735,#2743,#2745,.T.);
#2743 = VERTEX_POINT('',#2744);
#2744 = CARTESIAN_POINT('',(125.19989,-122.860774,1.585));
#2745 = LINE('',#2746,#2747);
#2746 = CARTESIAN_POINT('',(125.219492,-122.878647,1.585));
#2747 = VECTOR('',#2748,1.);
#2748 = DIRECTION('',(-0.738944803474,0.673765966355,0.));
#2749 = ORIENTED_EDGE('',*,*,#2750,.T.);
#2750 = EDGE_CURVE('',#2743,#2751,#2753,.T.);
#2751 = VERTEX_POINT('',#2752);
#2752 = CARTESIAN_POINT('',(125.154669,-122.750206,1.585));
#2753 = LINE('',#2754,#2755);
#2754 = CARTESIAN_POINT('',(125.19989,-122.860774,1.585));
#2755 = VECTOR('',#2756,1.);
#2756 = DIRECTION('',(-0.378551355272,0.92558028902,0.));
#2757 = ORIENTED_EDGE('',*,*,#2758,.T.);
#2758 = EDGE_CURVE('',#2751,#2759,#2761,.T.);
#2759 = VERTEX_POINT('',#2760);
#2760 = CARTESIAN_POINT('',(125.151172,-122.720509,1.585));
#2761 = LINE('',#2762,#2763);
#2762 = CARTESIAN_POINT('',(125.154669,-122.750206,1.585));
#2763 = VECTOR('',#2764,1.);
#2764 = DIRECTION('',(-0.116947965716,0.993138043433,0.));
#2765 = ORIENTED_EDGE('',*,*,#2766,.T.);
#2766 = EDGE_CURVE('',#2759,#2767,#2769,.T.);
#2767 = VERTEX_POINT('',#2768);
#2768 = CARTESIAN_POINT('',(125.203039,-122.326771,1.585));
#2769 = LINE('',#2770,#2771);
#2770 = CARTESIAN_POINT('',(125.151172,-122.720509,1.585));
#2771 = VECTOR('',#2772,1.);
#2772 = DIRECTION('',(0.130601457146,0.991434949652,0.));
#2773 = ORIENTED_EDGE('',*,*,#2774,.T.);
#2774 = EDGE_CURVE('',#2767,#2775,#2777,.T.);
#2775 = VERTEX_POINT('',#2776);
#2776 = CARTESIAN_POINT('',(125.274104,-122.210009,1.585));
#2777 = LINE('',#2778,#2779);
#2778 = CARTESIAN_POINT('',(125.203039,-122.326771,1.585));
#2779 = VECTOR('',#2780,1.);
#2780 = DIRECTION('',(0.519906794462,0.854222994933,0.));
#2781 = ORIENTED_EDGE('',*,*,#2782,.T.);
#2782 = EDGE_CURVE('',#2775,#2595,#2783,.T.);
#2783 = LINE('',#2784,#2785);
#2784 = CARTESIAN_POINT('',(125.274104,-122.210009,1.585));
#2785 = VECTOR('',#2786,1.);
#2786 = DIRECTION('',(0.804367843889,0.594131611445,0.));
#2787 = FACE_BOUND('',#2788,.F.);
#2788 = EDGE_LOOP('',(#2789,#2799,#2807,#2815,#2823,#2831,#2839,#2847));
#2789 = ORIENTED_EDGE('',*,*,#2790,.T.);
#2790 = EDGE_CURVE('',#2791,#2793,#2795,.T.);
#2791 = VERTEX_POINT('',#2792);
#2792 = CARTESIAN_POINT('',(125.651049,-122.296112,1.585));
#2793 = VERTEX_POINT('',#2794);
#2794 = CARTESIAN_POINT('',(125.596374,-122.266952,1.585));
#2795 = LINE('',#2796,#2797);
#2796 = CARTESIAN_POINT('',(125.651049,-122.296112,1.585));
#2797 = VECTOR('',#2798,1.);
#2798 = DIRECTION('',(-0.882352941177,0.470588235294,0.));
#2799 = ORIENTED_EDGE('',*,*,#2800,.T.);
#2800 = EDGE_CURVE('',#2793,#2801,#2803,.T.);
#2801 = VERTEX_POINT('',#2802);
#2802 = CARTESIAN_POINT('',(125.435494,-122.266952,1.585));
#2803 = LINE('',#2804,#2805);
#2804 = CARTESIAN_POINT('',(125.596374,-122.266952,1.585));
#2805 = VECTOR('',#2806,1.);
#2806 = DIRECTION('',(-1.,0.,0.));
#2807 = ORIENTED_EDGE('',*,*,#2808,.T.);
#2808 = EDGE_CURVE('',#2801,#2809,#2811,.T.);
#2809 = VERTEX_POINT('',#2810);
#2810 = CARTESIAN_POINT('',(125.363584,-122.300791,1.585));
#2811 = LINE('',#2812,#2813);
#2812 = CARTESIAN_POINT('',(125.435494,-122.266952,1.585));
#2813 = VECTOR('',#2814,1.);
#2814 = DIRECTION('',(-0.904823549877,-0.425786734867,0.));
#2815 = ORIENTED_EDGE('',*,*,#2816,.T.);
#2816 = EDGE_CURVE('',#2809,#2817,#2819,.T.);
#2817 = VERTEX_POINT('',#2818);
#2818 = CARTESIAN_POINT('',(125.321115,-122.368742,1.585));
#2819 = LINE('',#2820,#2821);
#2820 = CARTESIAN_POINT('',(125.363584,-122.300791,1.585));
#2821 = VECTOR('',#2822,1.);
#2822 = DIRECTION('',(-0.529995574717,-0.8480004073,0.));
#2823 = ORIENTED_EDGE('',*,*,#2824,.T.);
#2824 = EDGE_CURVE('',#2817,#2825,#2827,.T.);
#2825 = VERTEX_POINT('',#2826);
#2826 = CARTESIAN_POINT('',(125.309718,-122.459917,1.585));
#2827 = LINE('',#2828,#2829);
#2828 = CARTESIAN_POINT('',(125.321115,-122.368742,1.585));
#2829 = VECTOR('',#2830,1.);
#2830 = DIRECTION('',(-0.124036074063,-0.992277709279,0.));
#2831 = ORIENTED_EDGE('',*,*,#2832,.T.);
#2832 = EDGE_CURVE('',#2825,#2833,#2835,.T.);
#2833 = VERTEX_POINT('',#2834);
#2834 = CARTESIAN_POINT('',(125.668692,-122.389873,1.585));
#2835 = LINE('',#2836,#2837);
#2836 = CARTESIAN_POINT('',(125.309718,-122.459917,1.585));
#2837 = VECTOR('',#2838,1.);
#2838 = DIRECTION('',(0.981490441608,0.19151113031,0.));
#2839 = ORIENTED_EDGE('',*,*,#2840,.T.);
#2840 = EDGE_CURVE('',#2833,#2841,#2843,.T.);
#2841 = VERTEX_POINT('',#2842);
#2842 = CARTESIAN_POINT('',(125.673071,-122.354837,1.585));
#2843 = LINE('',#2844,#2845);
#2844 = CARTESIAN_POINT('',(125.668692,-122.389873,1.585));
#2845 = VECTOR('',#2846,1.);
#2846 = DIRECTION('',(0.124020791579,0.99227961949,0.));
#2847 = ORIENTED_EDGE('',*,*,#2848,.T.);
#2848 = EDGE_CURVE('',#2841,#2791,#2849,.T.);
#2849 = LINE('',#2850,#2851);
#2850 = CARTESIAN_POINT('',(125.673071,-122.354837,1.585));
#2851 = VECTOR('',#2852,1.);
#2852 = DIRECTION('',(-0.351125188907,0.936328522323,0.));
#2853 = PLANE('',#2854);
#2854 = AXIS2_PLACEMENT_3D('',#2855,#2856,#2857);
#2855 = CARTESIAN_POINT('',(0.,0.,1.585));
#2856 = DIRECTION('',(0.,0.,1.));
#2857 = DIRECTION('',(1.,0.,-0.));
#2858 = SHELL_BASED_SURFACE_MODEL('',(#2859));
#2859 = OPEN_SHELL('',(#2860));
#2860 = ADVANCED_FACE('',(#2861),#3005,.T.);
#2861 = FACE_BOUND('',#2862,.F.);
#2862 = EDGE_LOOP('',(#2863,#2874,#2882,#2891,#2899,#2907,#2916,#2924,
    #2933,#2941,#2949,#2958,#2966,#2974,#2983,#2991,#2999));
#2863 = ORIENTED_EDGE('',*,*,#2864,.T.);
#2864 = EDGE_CURVE('',#2865,#2867,#2869,.T.);
#2865 = VERTEX_POINT('',#2866);
#2866 = CARTESIAN_POINT('',(126.198482,-122.19552,1.585));
#2867 = VERTEX_POINT('',#2868);
#2868 = CARTESIAN_POINT('',(126.546173,-122.149305,1.585));
#2869 = CIRCLE('',#2870,0.434813943798);
#2870 = AXIS2_PLACEMENT_3D('',#2871,#2872,#2873);
#2871 = CARTESIAN_POINT('',(126.42475226764,-122.566821672,1.585));
#2872 = DIRECTION('',(0.,0.,-1.));
#2873 = DIRECTION('',(-0.520384111125,0.853932302287,0.));
#2874 = ORIENTED_EDGE('',*,*,#2875,.T.);
#2875 = EDGE_CURVE('',#2867,#2876,#2878,.T.);
#2876 = VERTEX_POINT('',#2877);
#2877 = CARTESIAN_POINT('',(126.635459,-122.196924,1.585));
#2878 = LINE('',#2879,#2880);
#2879 = CARTESIAN_POINT('',(126.546173,-122.149305,1.585));
#2880 = VECTOR('',#2881,1.);
#2881 = DIRECTION('',(0.882353761853,-0.470586696522,0.));
#2882 = ORIENTED_EDGE('',*,*,#2883,.T.);
#2883 = EDGE_CURVE('',#2876,#2884,#2886,.T.);
#2884 = VERTEX_POINT('',#2885);
#2885 = CARTESIAN_POINT('',(126.576636,-122.307218,1.585));
#2886 = CIRCLE('',#2887,6.249982352977E-02);
#2887 = AXIS2_PLACEMENT_3D('',#2888,#2889,#2890);
#2888 = CARTESIAN_POINT('',(126.60604753545,-122.2520710189,1.585));
#2889 = DIRECTION('',(0.,0.,-1.));
#2890 = DIRECTION('',(0.470584761481,0.882354793868,0.));
#2891 = ORIENTED_EDGE('',*,*,#2892,.T.);
#2892 = EDGE_CURVE('',#2884,#2893,#2895,.T.);
#2893 = VERTEX_POINT('',#2894);
#2894 = CARTESIAN_POINT('',(126.501136,-122.266952,1.585));
#2895 = LINE('',#2896,#2897);
#2896 = CARTESIAN_POINT('',(126.576636,-122.307218,1.585));
#2897 = VECTOR('',#2898,1.);
#2898 = DIRECTION('',(-0.882356176266,0.470582169451,0.));
#2899 = ORIENTED_EDGE('',*,*,#2900,.T.);
#2900 = EDGE_CURVE('',#2893,#2901,#2903,.T.);
#2901 = VERTEX_POINT('',#2902);
#2902 = CARTESIAN_POINT('',(126.340256,-122.266952,1.585));
#2903 = LINE('',#2904,#2905);
#2904 = CARTESIAN_POINT('',(126.501136,-122.266952,1.585));
#2905 = VECTOR('',#2906,1.);
#2906 = DIRECTION('',(-1.,0.,0.));
#2907 = ORIENTED_EDGE('',*,*,#2908,.T.);
#2908 = EDGE_CURVE('',#2901,#2909,#2911,.T.);
#2909 = VERTEX_POINT('',#2910);
#2910 = CARTESIAN_POINT('',(126.172305,-122.416362,1.585));
#2911 = CIRCLE('',#2912,0.250351175523);
#2912 = AXIS2_PLACEMENT_3D('',#2913,#2914,#2915);
#2913 = CARTESIAN_POINT('',(126.40496744209,-122.5087952143,1.585));
#2914 = DIRECTION('',(0.,0.,1.));
#2915 = DIRECTION('',(-0.258482677233,0.966015893022,0.));
#2916 = ORIENTED_EDGE('',*,*,#2917,.T.);
#2917 = EDGE_CURVE('',#2909,#2918,#2920,.T.);
#2918 = VERTEX_POINT('',#2919);
#2919 = CARTESIAN_POINT('',(126.140212,-122.673113,1.585));
#2920 = LINE('',#2921,#2922);
#2921 = CARTESIAN_POINT('',(126.172305,-122.416362,1.585));
#2922 = VECTOR('',#2923,1.);
#2923 = DIRECTION('',(-0.124031404958,-0.992278292912,0.));
#2924 = ORIENTED_EDGE('',*,*,#2925,.T.);
#2925 = EDGE_CURVE('',#2918,#2926,#2928,.T.);
#2926 = VERTEX_POINT('',#2927);
#2927 = CARTESIAN_POINT('',(126.258577,-122.808619,1.585));
#2928 = CIRCLE('',#2929,0.160550046077);
#2929 = AXIS2_PLACEMENT_3D('',#2930,#2931,#2932);
#2930 = CARTESIAN_POINT('',(126.29954524172,-122.6533839509,1.585));
#2931 = DIRECTION('',(0.,0.,1.));
#2932 = DIRECTION('',(-0.992421027676,-0.122884107297,0.));
#2933 = ORIENTED_EDGE('',*,*,#2934,.T.);
#2934 = EDGE_CURVE('',#2926,#2935,#2937,.T.);
#2935 = VERTEX_POINT('',#2936);
#2936 = CARTESIAN_POINT('',(126.419458,-122.808619,1.585));
#2937 = LINE('',#2938,#2939);
#2938 = CARTESIAN_POINT('',(126.258577,-122.808619,1.585));
#2939 = VECTOR('',#2940,1.);
#2940 = DIRECTION('',(1.,0.,0.));
#2941 = ORIENTED_EDGE('',*,*,#2942,.T.);
#2942 = EDGE_CURVE('',#2935,#2943,#2945,.T.);
#2943 = VERTEX_POINT('',#2944);
#2944 = CARTESIAN_POINT('',(126.508006,-122.766949,1.585));
#2945 = LINE('',#2946,#2947);
#2946 = CARTESIAN_POINT('',(126.419458,-122.808619,1.585));
#2947 = VECTOR('',#2948,1.);
#2948 = DIRECTION('',(0.904817312728,0.425799988948,0.));
#2949 = ORIENTED_EDGE('',*,*,#2950,.T.);
#2950 = EDGE_CURVE('',#2943,#2951,#2953,.T.);
#2951 = VERTEX_POINT('',#2952);
#2952 = CARTESIAN_POINT('',(126.561231,-122.880051,1.585));
#2953 = CIRCLE('',#2954,6.249992605907E-02);
#2954 = AXIS2_PLACEMENT_3D('',#2955,#2956,#2957);
#2955 = CARTESIAN_POINT('',(126.53461816316,-122.8235001585,1.585));
#2956 = DIRECTION('',(0.,0.,-1.));
#2957 = DIRECTION('',(-0.425795114375,0.904819606648,-0.));
#2958 = ORIENTED_EDGE('',*,*,#2959,.T.);
#2959 = EDGE_CURVE('',#2951,#2960,#2962,.T.);
#2960 = VERTEX_POINT('',#2961);
#2961 = CARTESIAN_POINT('',(126.446799,-122.930959,1.585));
#2962 = LINE('',#2963,#2964);
#2963 = CARTESIAN_POINT('',(126.561231,-122.880051,1.585));
#2964 = VECTOR('',#2965,1.);
#2965 = DIRECTION('',(-0.913665301711,-0.406467362097,0.));
#2966 = ORIENTED_EDGE('',*,*,#2967,.T.);
#2967 = EDGE_CURVE('',#2960,#2968,#2970,.T.);
#2968 = VERTEX_POINT('',#2969);
#2969 = CARTESIAN_POINT('',(126.228065,-122.930657,1.585));
#2970 = LINE('',#2971,#2972);
#2971 = CARTESIAN_POINT('',(126.446799,-122.930959,1.585));
#2972 = VECTOR('',#2973,1.);
#2973 = DIRECTION('',(-0.999999046873,1.380671098963E-03,0.));
#2974 = ORIENTED_EDGE('',*,*,#2975,.T.);
#2975 = EDGE_CURVE('',#2968,#2976,#2978,.T.);
#2976 = VERTEX_POINT('',#2977);
#2977 = CARTESIAN_POINT('',(126.015344,-122.68782,1.585));
#2978 = CIRCLE('',#2979,0.29122588373);
#2979 = AXIS2_PLACEMENT_3D('',#2980,#2981,#2982);
#2980 = CARTESIAN_POINT('',(126.30403987663,-122.6495158726,1.585));
#2981 = DIRECTION('',(0.,0.,-1.));
#2982 = DIRECTION('',(-0.260879547031,-0.965371359603,-0.));
#2983 = ORIENTED_EDGE('',*,*,#2984,.T.);
#2984 = EDGE_CURVE('',#2976,#2985,#2987,.T.);
#2985 = VERTEX_POINT('',#2986);
#2986 = CARTESIAN_POINT('',(126.054228,-122.37439,1.585));
#2987 = LINE('',#2988,#2989);
#2988 = CARTESIAN_POINT('',(126.015344,-122.68782,1.585));
#2989 = VECTOR('',#2990,1.);
#2990 = DIRECTION('',(0.123115791968,0.992392312429,0.));
#2991 = ORIENTED_EDGE('',*,*,#2992,.T.);
#2992 = EDGE_CURVE('',#2985,#2993,#2995,.T.);
#2993 = VERTEX_POINT('',#2994);
#2994 = CARTESIAN_POINT('',(126.13,-122.252977,1.585));
#2995 = LINE('',#2996,#2997);
#2996 = CARTESIAN_POINT('',(126.054228,-122.37439,1.585));
#2997 = VECTOR('',#2998,1.);
#2998 = DIRECTION('',(0.529440470479,0.848347091832,0.));
#2999 = ORIENTED_EDGE('',*,*,#3000,.T.);
#3000 = EDGE_CURVE('',#2993,#2865,#3001,.T.);
#3001 = LINE('',#3002,#3003);
#3002 = CARTESIAN_POINT('',(126.13,-122.252977,1.585));
#3003 = VECTOR('',#3004,1.);
#3004 = DIRECTION('',(0.766078708913,0.642746771093,0.));
#3005 = PLANE('',#3006);
#3006 = AXIS2_PLACEMENT_3D('',#3007,#3008,#3009);
#3007 = CARTESIAN_POINT('',(0.,0.,1.585));
#3008 = DIRECTION('',(0.,0.,1.));
#3009 = DIRECTION('',(1.,0.,-0.));
#3010 = SHELL_BASED_SURFACE_MODEL('',(#3011));
#3011 = OPEN_SHELL('',(#3012));
#3012 = ADVANCED_FACE('',(#3013),#3105,.T.);
#3013 = FACE_BOUND('',#3014,.F.);
#3014 = EDGE_LOOP('',(#3015,#3026,#3034,#3042,#3050,#3058,#3066,#3075,
    #3083,#3091,#3099));
#3015 = ORIENTED_EDGE('',*,*,#3016,.T.);
#3016 = EDGE_CURVE('',#3017,#3019,#3021,.T.);
#3017 = VERTEX_POINT('',#3018);
#3018 = CARTESIAN_POINT('',(124.791154,-121.959895,1.585));
#3019 = VERTEX_POINT('',#3020);
#3020 = CARTESIAN_POINT('',(124.796667,-121.872025,1.585));
#3021 = CIRCLE('',#3022,6.250247660356E-02);
#3022 = AXIS2_PLACEMENT_3D('',#3023,#3024,#3025);
#3023 = CARTESIAN_POINT('',(124.83819320575,-121.9187383152,1.585));
#3024 = DIRECTION('',(0.,0.,-1.));
#3025 = DIRECTION('',(-0.752597469907,-0.658480864026,-0.));
#3026 = ORIENTED_EDGE('',*,*,#3027,.T.);
#3027 = EDGE_CURVE('',#3019,#3028,#3030,.T.);
#3028 = VERTEX_POINT('',#3029);
#3029 = CARTESIAN_POINT('',(124.850238,-121.824406,1.585));
#3030 = LINE('',#3031,#3032);
#3031 = CARTESIAN_POINT('',(124.796667,-121.872025,1.585));
#3032 = VECTOR('',#3033,1.);
#3033 = DIRECTION('',(0.747407009431,0.66436643673,0.));
#3034 = ORIENTED_EDGE('',*,*,#3035,.T.);
#3035 = EDGE_CURVE('',#3028,#3036,#3038,.T.);
#3036 = VERTEX_POINT('',#3037);
#3037 = CARTESIAN_POINT('',(124.875189,-121.810856,1.585));
#3038 = LINE('',#3039,#3040);
#3039 = CARTESIAN_POINT('',(124.850238,-121.824406,1.585));
#3040 = VECTOR('',#3041,1.);
#3041 = DIRECTION('',(0.878777050942,0.477232537384,0.));
#3042 = ORIENTED_EDGE('',*,*,#3043,.T.);
#3043 = EDGE_CURVE('',#3036,#3044,#3046,.T.);
#3044 = VERTEX_POINT('',#3045);
#3045 = CARTESIAN_POINT('',(124.897045,-121.813587,1.585));
#3046 = LINE('',#3047,#3048);
#3047 = CARTESIAN_POINT('',(124.875189,-121.810856,1.585));
#3048 = VECTOR('',#3049,1.);
#3049 = DIRECTION('',(0.992283463518,-0.123990031976,0.));
#3050 = ORIENTED_EDGE('',*,*,#3051,.T.);
#3051 = EDGE_CURVE('',#3044,#3052,#3054,.T.);
#3052 = VERTEX_POINT('',#3053);
#3053 = CARTESIAN_POINT('',(124.924125,-121.818678,1.585));
#3054 = LINE('',#3055,#3056);
#3055 = CARTESIAN_POINT('',(124.897045,-121.813587,1.585));
#3056 = VECTOR('',#3057,1.);
#3057 = DIRECTION('',(0.982783329128,-0.184761814202,0.));
#3058 = ORIENTED_EDGE('',*,*,#3059,.T.);
#3059 = EDGE_CURVE('',#3052,#3060,#3062,.T.);
#3060 = VERTEX_POINT('',#3061);
#3061 = CARTESIAN_POINT('',(124.980464,-121.877581,1.585));
#3062 = LINE('',#3063,#3064);
#3063 = CARTESIAN_POINT('',(124.924125,-121.818678,1.585));
#3064 = VECTOR('',#3065,1.);
#3065 = DIRECTION('',(0.691203425243,-0.722660241699,0.));
#3066 = ORIENTED_EDGE('',*,*,#3067,.T.);
#3067 = EDGE_CURVE('',#3060,#3068,#3070,.T.);
#3068 = VERTEX_POINT('',#3069);
#3069 = CARTESIAN_POINT('',(124.974951,-121.965451,1.585));
#3070 = CIRCLE('',#3071,6.250353198243E-02);
#3071 = AXIS2_PLACEMENT_3D('',#3072,#3073,#3074);
#3072 = CARTESIAN_POINT('',(124.93342331049,-121.9187375917,1.585));
#3073 = DIRECTION('',(0.,0.,-1.));
#3074 = DIRECTION('',(0.752608500928,0.65846825613,0.));
#3075 = ORIENTED_EDGE('',*,*,#3076,.T.);
#3076 = EDGE_CURVE('',#3068,#3077,#3079,.T.);
#3077 = VERTEX_POINT('',#3078);
#3078 = CARTESIAN_POINT('',(124.92138,-122.01307,1.585));
#3079 = LINE('',#3080,#3081);
#3080 = CARTESIAN_POINT('',(124.974951,-121.965451,1.585));
#3081 = VECTOR('',#3082,1.);
#3082 = DIRECTION('',(-0.747407009431,-0.66436643673,0.));
#3083 = ORIENTED_EDGE('',*,*,#3084,.T.);
#3084 = EDGE_CURVE('',#3077,#3085,#3087,.T.);
#3085 = VERTEX_POINT('',#3086);
#3086 = CARTESIAN_POINT('',(124.896429,-122.02662,1.585));
#3087 = LINE('',#3088,#3089);
#3088 = CARTESIAN_POINT('',(124.92138,-122.01307,1.585));
#3089 = VECTOR('',#3090,1.);
#3090 = DIRECTION('',(-0.878777050942,-0.477232537384,0.));
#3091 = ORIENTED_EDGE('',*,*,#3092,.T.);
#3092 = EDGE_CURVE('',#3085,#3093,#3095,.T.);
#3093 = VERTEX_POINT('',#3094);
#3094 = CARTESIAN_POINT('',(124.847492,-122.018797,1.585));
#3095 = LINE('',#3096,#3097);
#3096 = CARTESIAN_POINT('',(124.896429,-122.02662,1.585));
#3097 = VECTOR('',#3098,1.);
#3098 = DIRECTION('',(-0.987462406213,0.157854351591,0.));
#3099 = ORIENTED_EDGE('',*,*,#3100,.T.);
#3100 = EDGE_CURVE('',#3093,#3017,#3101,.T.);
#3101 = LINE('',#3102,#3103);
#3102 = CARTESIAN_POINT('',(124.847492,-122.018797,1.585));
#3103 = VECTOR('',#3104,1.);
#3104 = DIRECTION('',(-0.69120314634,0.722660508462,0.));
#3105 = PLANE('',#3106);
#3106 = AXIS2_PLACEMENT_3D('',#3107,#3108,#3109);
#3107 = CARTESIAN_POINT('',(0.,0.,1.585));
#3108 = DIRECTION('',(0.,0.,1.));
#3109 = DIRECTION('',(1.,0.,-0.));
#3110 = SHELL_BASED_SURFACE_MODEL('',(#3111));
#3111 = OPEN_SHELL('',(#3112));
#3112 = ADVANCED_FACE('',(#3113),#3271,.T.);
#3113 = FACE_BOUND('',#3114,.F.);
#3114 = EDGE_LOOP('',(#3115,#3126,#3134,#3143,#3151,#3159,#3167,#3175,
    #3183,#3191,#3199,#3207,#3215,#3224,#3232,#3240,#3248,#3257,#3265));
#3115 = ORIENTED_EDGE('',*,*,#3116,.T.);
#3116 = EDGE_CURVE('',#3117,#3119,#3121,.T.);
#3117 = VERTEX_POINT('',#3118);
#3118 = CARTESIAN_POINT('',(121.606558,-118.082779,1.585));
#3119 = VERTEX_POINT('',#3120);
#3120 = CARTESIAN_POINT('',(121.781913,-118.141027,1.585));
#3121 = CIRCLE('',#3122,9.999955993918E-02);
#3122 = AXIS2_PLACEMENT_3D('',#3123,#3124,#3125);
#3123 = CARTESIAN_POINT('',(121.68217239104,-118.1482188644,1.585));
#3124 = DIRECTION('',(0.,0.,-1.));
#3125 = DIRECTION('',(-0.75614723798,0.65440152391,0.));
#3126 = ORIENTED_EDGE('',*,*,#3127,.T.);
#3127 = EDGE_CURVE('',#3119,#3128,#3130,.T.);
#3128 = VERTEX_POINT('',#3129);
#3129 = CARTESIAN_POINT('',(121.635408,-119.313077,1.585));
#3130 = LINE('',#3131,#3132);
#3131 = CARTESIAN_POINT('',(121.781913,-118.141027,1.585));
#3132 = VECTOR('',#3133,1.);
#3133 = DIRECTION('',(-0.124033692598,-0.992278006962,0.));
#3134 = ORIENTED_EDGE('',*,*,#3135,.T.);
#3135 = EDGE_CURVE('',#3128,#3136,#3138,.T.);
#3136 = VERTEX_POINT('',#3137);
#3137 = CARTESIAN_POINT('',(121.475065,-119.357167,1.585));
#3138 = CIRCLE('',#3139,0.100000811833);
#3139 = AXIS2_PLACEMENT_3D('',#3140,#3141,#3142);
#3140 = CARTESIAN_POINT('',(121.5405062328,-119.2815521375,1.585));
#3141 = DIRECTION('',(-0.,0.,-1.));
#3142 = DIRECTION('',(0.949009967614,-0.315246064796,-0.));
#3143 = ORIENTED_EDGE('',*,*,#3144,.T.);
#3144 = EDGE_CURVE('',#3136,#3145,#3147,.T.);
#3145 = VERTEX_POINT('',#3146);
#3146 = CARTESIAN_POINT('',(121.449524,-119.320601,1.585));
#3147 = LINE('',#3148,#3149);
#3148 = CARTESIAN_POINT('',(121.475065,-119.357167,1.585));
#3149 = VECTOR('',#3150,1.);
#3150 = DIRECTION('',(-0.572631453094,0.819812917029,0.));
#3151 = ORIENTED_EDGE('',*,*,#3152,.T.);
#3152 = EDGE_CURVE('',#3145,#3153,#3155,.T.);
#3153 = VERTEX_POINT('',#3154);
#3154 = CARTESIAN_POINT('',(121.317158,-119.379632,1.585));
#3155 = LINE('',#3156,#3157);
#3156 = CARTESIAN_POINT('',(121.449524,-119.320601,1.585));
#3157 = VECTOR('',#3158,1.);
#3158 = DIRECTION('',(-0.913294394447,-0.407300072516,0.));
#3159 = ORIENTED_EDGE('',*,*,#3160,.T.);
#3160 = EDGE_CURVE('',#3153,#3161,#3163,.T.);
#3161 = VERTEX_POINT('',#3162);
#3162 = CARTESIAN_POINT('',(121.035283,-119.379632,1.585));
#3163 = LINE('',#3164,#3165);
#3164 = CARTESIAN_POINT('',(121.317158,-119.379632,1.585));
#3165 = VECTOR('',#3166,1.);
#3166 = DIRECTION('',(-1.,0.,0.));
#3167 = ORIENTED_EDGE('',*,*,#3168,.T.);
#3168 = EDGE_CURVE('',#3161,#3169,#3171,.T.);
#3169 = VERTEX_POINT('',#3170);
#3170 = CARTESIAN_POINT('',(121.007734,-119.369788,1.585));
#3171 = LINE('',#3172,#3173);
#3172 = CARTESIAN_POINT('',(121.035283,-119.379632,1.585));
#3173 = VECTOR('',#3174,1.);
#3174 = DIRECTION('',(-0.941686990895,0.336490135336,0.));
#3175 = ORIENTED_EDGE('',*,*,#3176,.T.);
#3176 = EDGE_CURVE('',#3169,#3177,#3179,.T.);
#3177 = VERTEX_POINT('',#3178);
#3178 = CARTESIAN_POINT('',(120.839638,-119.277961,1.585));
#3179 = LINE('',#3180,#3181);
#3180 = CARTESIAN_POINT('',(121.007734,-119.369788,1.585));
#3181 = VECTOR('',#3182,1.);
#3182 = DIRECTION('',(-0.877591926418,0.479408396554,0.));
#3183 = ORIENTED_EDGE('',*,*,#3184,.T.);
#3184 = EDGE_CURVE('',#3177,#3185,#3187,.T.);
#3185 = VERTEX_POINT('',#3186);
#3186 = CARTESIAN_POINT('',(120.814094,-119.245316,1.585));
#3187 = LINE('',#3188,#3189);
#3188 = CARTESIAN_POINT('',(120.839638,-119.277961,1.585));
#3189 = VECTOR('',#3190,1.);
#3190 = DIRECTION('',(-0.616244511275,0.787554888451,0.));
#3191 = ORIENTED_EDGE('',*,*,#3192,.T.);
#3192 = EDGE_CURVE('',#3185,#3193,#3195,.T.);
#3193 = VERTEX_POINT('',#3194);
#3194 = CARTESIAN_POINT('',(120.743608,-119.054867,1.585));
#3195 = LINE('',#3196,#3197);
#3196 = CARTESIAN_POINT('',(120.814094,-119.245316,1.585));
#3197 = VECTOR('',#3198,1.);
#3198 = DIRECTION('',(-0.347094944231,0.937829995089,0.));
#3199 = ORIENTED_EDGE('',*,*,#3200,.T.);
#3200 = EDGE_CURVE('',#3193,#3201,#3203,.T.);
#3201 = VERTEX_POINT('',#3202);
#3202 = CARTESIAN_POINT('',(120.743064,-119.026293,1.585));
#3203 = LINE('',#3204,#3205);
#3204 = CARTESIAN_POINT('',(120.743608,-119.054867,1.585));
#3205 = VECTOR('',#3206,1.);
#3206 = DIRECTION('',(-1.903483721756E-02,0.999818821073,0.));
#3207 = ORIENTED_EDGE('',*,*,#3208,.T.);
#3208 = EDGE_CURVE('',#3201,#3209,#3211,.T.);
#3209 = VERTEX_POINT('',#3210);
#3210 = CARTESIAN_POINT('',(120.858699,-118.116696,1.585));
#3211 = LINE('',#3212,#3213);
#3212 = CARTESIAN_POINT('',(120.743064,-119.026293,1.585));
#3213 = VECTOR('',#3214,1.);
#3214 = DIRECTION('',(0.126112729652,0.992015916919,0.));
#3215 = ORIENTED_EDGE('',*,*,#3216,.T.);
#3216 = EDGE_CURVE('',#3209,#3217,#3219,.T.);
#3217 = VERTEX_POINT('',#3218);
#3218 = CARTESIAN_POINT('',(121.053342,-118.141027,1.585));
#3219 = CIRCLE('',#3220,0.100000257163);
#3220 = AXIS2_PLACEMENT_3D('',#3221,#3222,#3223);
#3221 = CARTESIAN_POINT('',(120.95360071955,-118.1482192463,1.585));
#3222 = DIRECTION('',(0.,0.,-1.));
#3223 = DIRECTION('',(-0.949014755005,0.315231652572,0.));
#3224 = ORIENTED_EDGE('',*,*,#3225,.T.);
#3225 = EDGE_CURVE('',#3217,#3226,#3228,.T.);
#3226 = VERTEX_POINT('',#3227);
#3227 = CARTESIAN_POINT('',(120.944575,-119.026652,1.585));
#3228 = LINE('',#3229,#3230);
#3229 = CARTESIAN_POINT('',(121.053342,-118.141027,1.585));
#3230 = VECTOR('',#3231,1.);
#3231 = DIRECTION('',(-0.121897964709,-0.992542636968,0.));
#3232 = ORIENTED_EDGE('',*,*,#3233,.T.);
#3233 = EDGE_CURVE('',#3226,#3234,#3236,.T.);
#3234 = VERTEX_POINT('',#3235);
#3235 = CARTESIAN_POINT('',(120.983381,-119.130134,1.585));
#3236 = LINE('',#3237,#3238);
#3237 = CARTESIAN_POINT('',(120.944575,-119.026652,1.585));
#3238 = VECTOR('',#3239,1.);
#3239 = DIRECTION('',(0.35112542476,-0.936328433877,0.));
#3240 = ORIENTED_EDGE('',*,*,#3241,.T.);
#3241 = EDGE_CURVE('',#3234,#3242,#3244,.T.);
#3242 = VERTEX_POINT('',#3243);
#3243 = CARTESIAN_POINT('',(121.079791,-119.181553,1.585));
#3244 = LINE('',#3245,#3246);
#3245 = CARTESIAN_POINT('',(120.983381,-119.130134,1.585));
#3246 = VECTOR('',#3247,1.);
#3247 = DIRECTION('',(0.88235167445,-0.470590610399,0.));
#3248 = ORIENTED_EDGE('',*,*,#3249,.T.);
#3249 = EDGE_CURVE('',#3242,#3250,#3252,.T.);
#3250 = VERTEX_POINT('',#3251);
#3251 = CARTESIAN_POINT('',(121.466183,-119.069906,1.585));
#3252 = CIRCLE('',#3253,0.398320498477);
#3253 = AXIS2_PLACEMENT_3D('',#3254,#3255,#3256);
#3254 = CARTESIAN_POINT('',(121.177543,-118.7954134319,1.585));
#3255 = DIRECTION('',(0.,0.,1.));
#3256 = DIRECTION('',(-0.245410417927,-0.969419272953,0.));
#3257 = ORIENTED_EDGE('',*,*,#3258,.T.);
#3258 = EDGE_CURVE('',#3250,#3259,#3261,.T.);
#3259 = VERTEX_POINT('',#3260);
#3260 = CARTESIAN_POINT('',(121.58727,-118.116696,1.585));
#3261 = LINE('',#3262,#3263);
#3262 = CARTESIAN_POINT('',(121.466183,-119.069906,1.585));
#3263 = VECTOR('',#3264,1.);
#3264 = DIRECTION('',(0.126018073527,0.992027945748,0.));
#3265 = ORIENTED_EDGE('',*,*,#3266,.T.);
#3266 = EDGE_CURVE('',#3259,#3117,#3267,.T.);
#3267 = LINE('',#3268,#3269);
#3268 = CARTESIAN_POINT('',(121.58727,-118.116696,1.585));
#3269 = VECTOR('',#3270,1.);
#3270 = DIRECTION('',(0.494338300196,0.8692696043,0.));
#3271 = PLANE('',#3272);
#3272 = AXIS2_PLACEMENT_3D('',#3273,#3274,#3275);
#3273 = CARTESIAN_POINT('',(0.,0.,1.585));
#3274 = DIRECTION('',(0.,0.,1.));
#3275 = DIRECTION('',(1.,0.,-0.));
#3276 = SHELL_BASED_SURFACE_MODEL('',(#3277));
#3277 = OPEN_SHELL('',(#3278));
#3278 = ADVANCED_FACE('',(#3279),#3323,.T.);
#3279 = FACE_BOUND('',#3280,.F.);
#3280 = EDGE_LOOP('',(#3281,#3292,#3300,#3309,#3317));
#3281 = ORIENTED_EDGE('',*,*,#3282,.T.);
#3282 = EDGE_CURVE('',#3283,#3285,#3287,.T.);
#3283 = VERTEX_POINT('',#3284);
#3284 = CARTESIAN_POINT('',(130.18751,-118.082779,1.585));
#3285 = VERTEX_POINT('',#3286);
#3286 = CARTESIAN_POINT('',(130.362865,-118.141027,1.585));
#3287 = CIRCLE('',#3288,9.999955993918E-02);
#3288 = AXIS2_PLACEMENT_3D('',#3289,#3290,#3291);
#3289 = CARTESIAN_POINT('',(130.26312439104,-118.1482188644,1.585));
#3290 = DIRECTION('',(0.,0.,-1.));
#3291 = DIRECTION('',(-0.75614723798,0.65440152391,0.));
#3292 = ORIENTED_EDGE('',*,*,#3293,.T.);
#3293 = EDGE_CURVE('',#3285,#3294,#3296,.T.);
#3294 = VERTEX_POINT('',#3295);
#3295 = CARTESIAN_POINT('',(130.216359,-119.313077,1.585));
#3296 = LINE('',#3297,#3298);
#3297 = CARTESIAN_POINT('',(130.362865,-118.141027,1.585));
#3298 = VECTOR('',#3299,1.);
#3299 = DIRECTION('',(-0.124034526191,-0.992277902763,0.));
#3300 = ORIENTED_EDGE('',*,*,#3301,.T.);
#3301 = EDGE_CURVE('',#3294,#3302,#3304,.T.);
#3302 = VERTEX_POINT('',#3303);
#3303 = CARTESIAN_POINT('',(130.021716,-119.288746,1.585));
#3304 = CIRCLE('',#3305,0.100000504821);
#3305 = AXIS2_PLACEMENT_3D('',#3306,#3307,#3308);
#3306 = CARTESIAN_POINT('',(130.1214574379,-119.281552494,1.585));
#3307 = DIRECTION('',(-0.,0.,-1.));
#3308 = DIRECTION('',(0.949010830098,-0.31524346838,-0.));
#3309 = ORIENTED_EDGE('',*,*,#3310,.T.);
#3310 = EDGE_CURVE('',#3302,#3311,#3313,.T.);
#3311 = VERTEX_POINT('',#3312);
#3312 = CARTESIAN_POINT('',(130.168222,-118.116696,1.585));
#3313 = LINE('',#3314,#3315);
#3314 = CARTESIAN_POINT('',(130.021716,-119.288746,1.585));
#3315 = VECTOR('',#3316,1.);
#3316 = DIRECTION('',(0.124034526191,0.992277902763,0.));
#3317 = ORIENTED_EDGE('',*,*,#3318,.T.);
#3318 = EDGE_CURVE('',#3311,#3283,#3319,.T.);
#3319 = LINE('',#3320,#3321);
#3320 = CARTESIAN_POINT('',(130.168222,-118.116696,1.585));
#3321 = VECTOR('',#3322,1.);
#3322 = DIRECTION('',(0.494338300196,0.8692696043,0.));
#3323 = PLANE('',#3324);
#3324 = AXIS2_PLACEMENT_3D('',#3325,#3326,#3327);
#3325 = CARTESIAN_POINT('',(0.,0.,1.585));
#3326 = DIRECTION('',(0.,0.,1.));
#3327 = DIRECTION('',(1.,0.,-0.));
#3328 = SHELL_BASED_SURFACE_MODEL('',(#3329));
#3329 = OPEN_SHELL('',(#3330));
#3330 = ADVANCED_FACE('',(#3331),#3594,.T.);
#3331 = FACE_BOUND('',#3332,.F.);
#3332 = EDGE_LOOP('',(#3333,#3344,#3352,#3360,#3368,#3376,#3384,#3392,
    #3400,#3408,#3416,#3424,#3432,#3440,#3448,#3456,#3465,#3473,#3481,
    #3489,#3497,#3505,#3513,#3521,#3530,#3538,#3546,#3554,#3563,#3571,
    #3580,#3588));
#3333 = ORIENTED_EDGE('',*,*,#3334,.T.);
#3334 = EDGE_CURVE('',#3335,#3337,#3339,.T.);
#3335 = VERTEX_POINT('',#3336);
#3336 = CARTESIAN_POINT('',(130.997034,-118.082779,1.585));
#3337 = VERTEX_POINT('',#3338);
#3338 = CARTESIAN_POINT('',(131.163629,-118.109171,1.585));
#3339 = CIRCLE('',#3340,9.882209550692E-02);
#3340 = AXIS2_PLACEMENT_3D('',#3341,#3342,#3343);
#3341 = CARTESIAN_POINT('',(131.0722719136,-118.1468497649,1.585));
#3342 = DIRECTION('',(0.,0.,-1.));
#3343 = DIRECTION('',(-0.761347077472,0.648344528491,0.));
#3344 = ORIENTED_EDGE('',*,*,#3345,.T.);
#3345 = EDGE_CURVE('',#3337,#3346,#3348,.T.);
#3346 = VERTEX_POINT('',#3347);
#3347 = CARTESIAN_POINT('',(131.295996,-118.050141,1.585));
#3348 = LINE('',#3349,#3350);
#3349 = CARTESIAN_POINT('',(131.163629,-118.109171,1.585));
#3350 = VECTOR('',#3351,1.);
#3351 = DIRECTION('',(0.91329810563,0.407291750779,0.));
#3352 = ORIENTED_EDGE('',*,*,#3353,.T.);
#3353 = EDGE_CURVE('',#3346,#3354,#3356,.T.);
#3354 = VERTEX_POINT('',#3355);
#3355 = CARTESIAN_POINT('',(131.577871,-118.050141,1.585));
#3356 = LINE('',#3357,#3358);
#3357 = CARTESIAN_POINT('',(131.295996,-118.050141,1.585));
#3358 = VECTOR('',#3359,1.);
#3359 = DIRECTION('',(1.,0.,0.));
#3360 = ORIENTED_EDGE('',*,*,#3361,.T.);
#3361 = EDGE_CURVE('',#3354,#3362,#3364,.T.);
#3362 = VERTEX_POINT('',#3363);
#3363 = CARTESIAN_POINT('',(131.605421,-118.059985,1.585));
#3364 = LINE('',#3365,#3366);
#3365 = CARTESIAN_POINT('',(131.577871,-118.050141,1.585));
#3366 = VECTOR('',#3367,1.);
#3367 = DIRECTION('',(0.941690861015,-0.336479304386,0.));
#3368 = ORIENTED_EDGE('',*,*,#3369,.T.);
#3369 = EDGE_CURVE('',#3362,#3370,#3372,.T.);
#3370 = VERTEX_POINT('',#3371);
#3371 = CARTESIAN_POINT('',(131.773517,-118.151812,1.585));
#3372 = LINE('',#3373,#3374);
#3373 = CARTESIAN_POINT('',(131.605421,-118.059985,1.585));
#3374 = VECTOR('',#3375,1.);
#3375 = DIRECTION('',(0.877591926418,-0.479408396554,0.));
#3376 = ORIENTED_EDGE('',*,*,#3377,.T.);
#3377 = EDGE_CURVE('',#3370,#3378,#3380,.T.);
#3378 = VERTEX_POINT('',#3379);
#3379 = CARTESIAN_POINT('',(131.79069,-118.171713,1.585));
#3380 = LINE('',#3381,#3382);
#3381 = CARTESIAN_POINT('',(131.773517,-118.151812,1.585));
#3382 = VECTOR('',#3383,1.);
#3383 = DIRECTION('',(0.653309800078,-0.757090684873,0.));
#3384 = ORIENTED_EDGE('',*,*,#3385,.T.);
#3385 = EDGE_CURVE('',#3378,#3386,#3388,.T.);
#3386 = VERTEX_POINT('',#3387);
#3387 = CARTESIAN_POINT('',(131.812639,-118.148735,1.585));
#3388 = LINE('',#3389,#3390);
#3389 = CARTESIAN_POINT('',(131.79069,-118.171713,1.585));
#3390 = VECTOR('',#3391,1.);
#3391 = DIRECTION('',(0.690730183898,0.723112586706,0.));
#3392 = ORIENTED_EDGE('',*,*,#3393,.T.);
#3393 = EDGE_CURVE('',#3386,#3394,#3396,.T.);
#3394 = VERTEX_POINT('',#3395);
#3395 = CARTESIAN_POINT('',(132.024568,-118.050141,1.585));
#3396 = LINE('',#3397,#3398);
#3397 = CARTESIAN_POINT('',(131.812639,-118.148735,1.585));
#3398 = VECTOR('',#3399,1.);
#3399 = DIRECTION('',(0.906684508446,0.421809438188,0.));
#3400 = ORIENTED_EDGE('',*,*,#3401,.T.);
#3401 = EDGE_CURVE('',#3394,#3402,#3404,.T.);
#3402 = VERTEX_POINT('',#3403);
#3403 = CARTESIAN_POINT('',(132.306443,-118.050141,1.585));
#3404 = LINE('',#3405,#3406);
#3405 = CARTESIAN_POINT('',(132.024568,-118.050141,1.585));
#3406 = VECTOR('',#3407,1.);
#3407 = DIRECTION('',(1.,0.,0.));
#3408 = ORIENTED_EDGE('',*,*,#3409,.T.);
#3409 = EDGE_CURVE('',#3402,#3410,#3412,.T.);
#3410 = VERTEX_POINT('',#3411);
#3411 = CARTESIAN_POINT('',(132.333993,-118.059985,1.585));
#3412 = LINE('',#3413,#3414);
#3413 = CARTESIAN_POINT('',(132.306443,-118.050141,1.585));
#3414 = VECTOR('',#3415,1.);
#3415 = DIRECTION('',(0.941690861015,-0.336479304386,0.));
#3416 = ORIENTED_EDGE('',*,*,#3417,.T.);
#3417 = EDGE_CURVE('',#3410,#3418,#3420,.T.);
#3418 = VERTEX_POINT('',#3419);
#3419 = CARTESIAN_POINT('',(132.502088,-118.151812,1.585));
#3420 = LINE('',#3421,#3422);
#3421 = CARTESIAN_POINT('',(132.333993,-118.059985,1.585));
#3422 = VECTOR('',#3423,1.);
#3423 = DIRECTION('',(0.877590726505,-0.479410593074,0.));
#3424 = ORIENTED_EDGE('',*,*,#3425,.T.);
#3425 = EDGE_CURVE('',#3418,#3426,#3428,.T.);
#3426 = VERTEX_POINT('',#3427);
#3427 = CARTESIAN_POINT('',(132.527629,-118.184453,1.585));
#3428 = LINE('',#3429,#3430);
#3429 = CARTESIAN_POINT('',(132.502088,-118.151812,1.585));
#3430 = VECTOR('',#3431,1.);
#3431 = DIRECTION('',(0.616246455424,-0.787553367193,0.));
#3432 = ORIENTED_EDGE('',*,*,#3433,.T.);
#3433 = EDGE_CURVE('',#3426,#3434,#3436,.T.);
#3434 = VERTEX_POINT('',#3435);
#3435 = CARTESIAN_POINT('',(132.598118,-118.374906,1.585));
#3436 = LINE('',#3437,#3438);
#3437 = CARTESIAN_POINT('',(132.527629,-118.184453,1.585));
#3438 = VECTOR('',#3439,1.);
#3439 = DIRECTION('',(0.347101525463,-0.937827559321,0.));
#3440 = ORIENTED_EDGE('',*,*,#3441,.T.);
#3441 = EDGE_CURVE('',#3434,#3442,#3444,.T.);
#3442 = VERTEX_POINT('',#3443);
#3443 = CARTESIAN_POINT('',(132.598662,-118.40348,1.585));
#3444 = LINE('',#3445,#3446);
#3445 = CARTESIAN_POINT('',(132.598118,-118.374906,1.585));
#3446 = VECTOR('',#3447,1.);
#3447 = DIRECTION('',(1.903483721756E-02,-0.999818821073,0.));
#3448 = ORIENTED_EDGE('',*,*,#3449,.T.);
#3449 = EDGE_CURVE('',#3442,#3450,#3452,.T.);
#3450 = VERTEX_POINT('',#3451);
#3451 = CARTESIAN_POINT('',(132.483026,-119.313077,1.585));
#3452 = LINE('',#3453,#3454);
#3453 = CARTESIAN_POINT('',(132.598662,-118.40348,1.585));
#3454 = VECTOR('',#3455,1.);
#3455 = DIRECTION('',(-0.126113802916,-0.992015780476,0.));
#3456 = ORIENTED_EDGE('',*,*,#3457,.T.);
#3457 = EDGE_CURVE('',#3450,#3458,#3460,.T.);
#3458 = VERTEX_POINT('',#3459);
#3459 = CARTESIAN_POINT('',(132.288383,-119.288746,1.585));
#3460 = CIRCLE('',#3461,0.100000504821);
#3461 = AXIS2_PLACEMENT_3D('',#3462,#3463,#3464);
#3462 = CARTESIAN_POINT('',(132.3881244379,-119.281552494,1.585));
#3463 = DIRECTION('',(-0.,0.,-1.));
#3464 = DIRECTION('',(0.949010830098,-0.31524346838,-0.));
#3465 = ORIENTED_EDGE('',*,*,#3466,.T.);
#3466 = EDGE_CURVE('',#3458,#3467,#3469,.T.);
#3467 = VERTEX_POINT('',#3468);
#3468 = CARTESIAN_POINT('',(132.397149,-118.40312,1.585));
#3469 = LINE('',#3470,#3471);
#3470 = CARTESIAN_POINT('',(132.288383,-119.288746,1.585));
#3471 = VECTOR('',#3472,1.);
#3472 = DIRECTION('',(0.121896725042,0.992542789216,0.));
#3473 = ORIENTED_EDGE('',*,*,#3474,.T.);
#3474 = EDGE_CURVE('',#3467,#3475,#3477,.T.);
#3475 = VERTEX_POINT('',#3476);
#3476 = CARTESIAN_POINT('',(132.358343,-118.299638,1.585));
#3477 = LINE('',#3478,#3479);
#3478 = CARTESIAN_POINT('',(132.397149,-118.40312,1.585));
#3479 = VECTOR('',#3480,1.);
#3480 = DIRECTION('',(-0.35112542476,0.936328433877,0.));
#3481 = ORIENTED_EDGE('',*,*,#3482,.T.);
#3482 = EDGE_CURVE('',#3475,#3483,#3485,.T.);
#3483 = VERTEX_POINT('',#3484);
#3484 = CARTESIAN_POINT('',(132.261934,-118.24822,1.585));
#3485 = LINE('',#3486,#3487);
#3486 = CARTESIAN_POINT('',(132.358343,-118.299638,1.585));
#3487 = VECTOR('',#3488,1.);
#3488 = DIRECTION('',(-0.882353447872,0.47058728524,0.));
#3489 = ORIENTED_EDGE('',*,*,#3490,.T.);
#3490 = EDGE_CURVE('',#3483,#3491,#3493,.T.);
#3491 = VERTEX_POINT('',#3492);
#3492 = CARTESIAN_POINT('',(132.066431,-118.24822,1.585));
#3493 = LINE('',#3494,#3495);
#3494 = CARTESIAN_POINT('',(132.261934,-118.24822,1.585));
#3495 = VECTOR('',#3496,1.);
#3496 = DIRECTION('',(-1.,0.,0.));
#3497 = ORIENTED_EDGE('',*,*,#3498,.T.);
#3498 = EDGE_CURVE('',#3491,#3499,#3501,.T.);
#3499 = VERTEX_POINT('',#3500);
#3500 = CARTESIAN_POINT('',(131.941257,-118.307124,1.585));
#3501 = LINE('',#3502,#3503);
#3502 = CARTESIAN_POINT('',(132.066431,-118.24822,1.585));
#3503 = VECTOR('',#3504,1.);
#3504 = DIRECTION('',(-0.904822633821,-0.425788681536,0.));
#3505 = ORIENTED_EDGE('',*,*,#3506,.T.);
#3506 = EDGE_CURVE('',#3499,#3507,#3509,.T.);
#3507 = VERTEX_POINT('',#3508);
#3508 = CARTESIAN_POINT('',(131.867353,-118.42537,1.585));
#3509 = LINE('',#3510,#3511);
#3510 = CARTESIAN_POINT('',(131.941257,-118.307124,1.585));
#3511 = VECTOR('',#3512,1.);
#3512 = DIRECTION('',(-0.530000229255,-0.847997498221,0.));
#3513 = ORIENTED_EDGE('',*,*,#3514,.T.);
#3514 = EDGE_CURVE('',#3507,#3515,#3517,.T.);
#3515 = VERTEX_POINT('',#3516);
#3516 = CARTESIAN_POINT('',(131.754455,-119.313076,1.585));
#3517 = LINE('',#3518,#3519);
#3518 = CARTESIAN_POINT('',(131.867353,-118.42537,1.585));
#3519 = VECTOR('',#3520,1.);
#3520 = DIRECTION('',(-0.126163265237,-0.992009491136,0.));
#3521 = ORIENTED_EDGE('',*,*,#3522,.T.);
#3522 = EDGE_CURVE('',#3515,#3523,#3525,.T.);
#3523 = VERTEX_POINT('',#3524);
#3524 = CARTESIAN_POINT('',(131.559812,-119.288746,1.585));
#3525 = CIRCLE('',#3526,0.10000030028);
#3526 = AXIS2_PLACEMENT_3D('',#3527,#3528,#3529);
#3527 = CARTESIAN_POINT('',(131.65955324861,-119.2815527127,1.585));
#3528 = DIRECTION('',(-0.,0.,-1.));
#3529 = DIRECTION('',(0.949014664186,-0.315231925985,-0.));
#3530 = ORIENTED_EDGE('',*,*,#3531,.T.);
#3531 = EDGE_CURVE('',#3523,#3532,#3534,.T.);
#3532 = VERTEX_POINT('',#3533);
#3533 = CARTESIAN_POINT('',(131.668578,-118.403119,1.585));
#3534 = LINE('',#3535,#3536);
#3535 = CARTESIAN_POINT('',(131.559812,-119.288746,1.585));
#3536 = VECTOR('',#3537,1.);
#3537 = DIRECTION('',(0.121896589448,0.992542805868,0.));
#3538 = ORIENTED_EDGE('',*,*,#3539,.T.);
#3539 = EDGE_CURVE('',#3532,#3540,#3542,.T.);
#3540 = VERTEX_POINT('',#3541);
#3541 = CARTESIAN_POINT('',(131.629772,-118.299637,1.585));
#3542 = LINE('',#3543,#3544);
#3543 = CARTESIAN_POINT('',(131.668578,-118.403119,1.585));
#3544 = VECTOR('',#3545,1.);
#3545 = DIRECTION('',(-0.35112542476,0.936328433877,0.));
#3546 = ORIENTED_EDGE('',*,*,#3547,.T.);
#3547 = EDGE_CURVE('',#3540,#3548,#3550,.T.);
#3548 = VERTEX_POINT('',#3549);
#3549 = CARTESIAN_POINT('',(131.533363,-118.24822,1.585));
#3550 = LINE('',#3551,#3552);
#3551 = CARTESIAN_POINT('',(131.629772,-118.299637,1.585));
#3552 = VECTOR('',#3553,1.);
#3553 = DIRECTION('',(-0.882357248071,0.470580159778,0.));
#3554 = ORIENTED_EDGE('',*,*,#3555,.T.);
#3555 = EDGE_CURVE('',#3548,#3556,#3558,.T.);
#3556 = VERTEX_POINT('',#3557);
#3557 = CARTESIAN_POINT('',(131.14697,-118.359865,1.585));
#3558 = CIRCLE('',#3559,0.398327771645);
#3559 = AXIS2_PLACEMENT_3D('',#3560,#3561,#3562);
#3560 = CARTESIAN_POINT('',(131.435611,-118.6343670706,1.585));
#3561 = DIRECTION('',(0.,0.,1.));
#3562 = DIRECTION('',(0.245405936916,0.969420407319,-0.));
#3563 = ORIENTED_EDGE('',*,*,#3564,.T.);
#3564 = EDGE_CURVE('',#3556,#3565,#3567,.T.);
#3565 = VERTEX_POINT('',#3566);
#3566 = CARTESIAN_POINT('',(131.025883,-119.313077,1.585));
#3567 = LINE('',#3568,#3569);
#3568 = CARTESIAN_POINT('',(131.14697,-118.359865,1.585));
#3569 = VECTOR('',#3570,1.);
#3570 = DIRECTION('',(-0.126017813319,-0.992027978802,0.));
#3571 = ORIENTED_EDGE('',*,*,#3572,.T.);
#3572 = EDGE_CURVE('',#3565,#3573,#3575,.T.);
#3573 = VERTEX_POINT('',#3574);
#3574 = CARTESIAN_POINT('',(130.83124,-119.288746,1.585));
#3575 = CIRCLE('',#3576,0.100000504821);
#3576 = AXIS2_PLACEMENT_3D('',#3577,#3578,#3579);
#3577 = CARTESIAN_POINT('',(130.9309814379,-119.281552494,1.585));
#3578 = DIRECTION('',(-0.,0.,-1.));
#3579 = DIRECTION('',(0.949010830098,-0.31524346838,-0.));
#3580 = ORIENTED_EDGE('',*,*,#3581,.T.);
#3581 = EDGE_CURVE('',#3573,#3582,#3584,.T.);
#3582 = VERTEX_POINT('',#3583);
#3583 = CARTESIAN_POINT('',(130.977746,-118.116696,1.585));
#3584 = LINE('',#3585,#3586);
#3585 = CARTESIAN_POINT('',(130.83124,-119.288746,1.585));
#3586 = VECTOR('',#3587,1.);
#3587 = DIRECTION('',(0.124034526191,0.992277902763,0.));
#3588 = ORIENTED_EDGE('',*,*,#3589,.T.);
#3589 = EDGE_CURVE('',#3582,#3335,#3590,.T.);
#3590 = LINE('',#3591,#3592);
#3591 = CARTESIAN_POINT('',(130.977746,-118.116696,1.585));
#3592 = VECTOR('',#3593,1.);
#3593 = DIRECTION('',(0.494338300196,0.8692696043,0.));
#3594 = PLANE('',#3595);
#3595 = AXIS2_PLACEMENT_3D('',#3596,#3597,#3598);
#3596 = CARTESIAN_POINT('',(0.,0.,1.585));
#3597 = DIRECTION('',(0.,0.,1.));
#3598 = DIRECTION('',(1.,0.,-0.));
#3599 = SHELL_BASED_SURFACE_MODEL('',(#3600));
#3600 = OPEN_SHELL('',(#3601));
#3601 = ADVANCED_FACE('',(#3602),#3646,.T.);
#3602 = FACE_BOUND('',#3603,.F.);
#3603 = EDGE_LOOP('',(#3604,#3615,#3623,#3632,#3640));
#3604 = ORIENTED_EDGE('',*,*,#3605,.T.);
#3605 = EDGE_CURVE('',#3606,#3608,#3610,.T.);
#3606 = VERTEX_POINT('',#3607);
#3607 = CARTESIAN_POINT('',(133.263701,-118.082779,1.585));
#3608 = VERTEX_POINT('',#3609);
#3609 = CARTESIAN_POINT('',(133.439056,-118.141027,1.585));
#3610 = CIRCLE('',#3611,9.999955993918E-02);
#3611 = AXIS2_PLACEMENT_3D('',#3612,#3613,#3614);
#3612 = CARTESIAN_POINT('',(133.33931539104,-118.1482188644,1.585));
#3613 = DIRECTION('',(0.,0.,-1.));
#3614 = DIRECTION('',(-0.75614723798,0.65440152391,0.));
#3615 = ORIENTED_EDGE('',*,*,#3616,.T.);
#3616 = EDGE_CURVE('',#3608,#3617,#3619,.T.);
#3617 = VERTEX_POINT('',#3618);
#3618 = CARTESIAN_POINT('',(133.29255,-119.313077,1.585));
#3619 = LINE('',#3620,#3621);
#3620 = CARTESIAN_POINT('',(133.439056,-118.141027,1.585));
#3621 = VECTOR('',#3622,1.);
#3622 = DIRECTION('',(-0.124034526191,-0.992277902763,0.));
#3623 = ORIENTED_EDGE('',*,*,#3624,.T.);
#3624 = EDGE_CURVE('',#3617,#3625,#3627,.T.);
#3625 = VERTEX_POINT('',#3626);
#3626 = CARTESIAN_POINT('',(133.097907,-119.288746,1.585));
#3627 = CIRCLE('',#3628,0.100000504821);
#3628 = AXIS2_PLACEMENT_3D('',#3629,#3630,#3631);
#3629 = CARTESIAN_POINT('',(133.1976484379,-119.281552494,1.585));
#3630 = DIRECTION('',(-0.,0.,-1.));
#3631 = DIRECTION('',(0.949010830098,-0.31524346838,-0.));
#3632 = ORIENTED_EDGE('',*,*,#3633,.T.);
#3633 = EDGE_CURVE('',#3625,#3634,#3636,.T.);
#3634 = VERTEX_POINT('',#3635);
#3635 = CARTESIAN_POINT('',(133.244413,-118.116696,1.585));
#3636 = LINE('',#3637,#3638);
#3637 = CARTESIAN_POINT('',(133.097907,-119.288746,1.585));
#3638 = VECTOR('',#3639,1.);
#3639 = DIRECTION('',(0.124034526191,0.992277902763,0.));
#3640 = ORIENTED_EDGE('',*,*,#3641,.T.);
#3641 = EDGE_CURVE('',#3634,#3606,#3642,.T.);
#3642 = LINE('',#3643,#3644);
#3643 = CARTESIAN_POINT('',(133.244413,-118.116696,1.585));
#3644 = VECTOR('',#3645,1.);
#3645 = DIRECTION('',(0.494338300195,0.8692696043,0.));
#3646 = PLANE('',#3647);
#3647 = AXIS2_PLACEMENT_3D('',#3648,#3649,#3650);
#3648 = CARTESIAN_POINT('',(0.,0.,1.585));
#3649 = DIRECTION('',(0.,0.,1.));
#3650 = DIRECTION('',(1.,0.,-0.));
#3651 = SHELL_BASED_SURFACE_MODEL('',(#3652));
#3652 = OPEN_SHELL('',(#3653));
#3653 = ADVANCED_FACE('',(#3654),#3746,.T.);
#3654 = FACE_BOUND('',#3655,.F.);
#3655 = EDGE_LOOP('',(#3656,#3667,#3675,#3683,#3691,#3700,#3708,#3716,
    #3724,#3732,#3740));
#3656 = ORIENTED_EDGE('',*,*,#3657,.T.);
#3657 = EDGE_CURVE('',#3658,#3660,#3662,.T.);
#3658 = VERTEX_POINT('',#3659);
#3659 = CARTESIAN_POINT('',(129.367867,-117.516112,1.585));
#3660 = VERTEX_POINT('',#3661);
#3661 = CARTESIAN_POINT('',(129.543222,-117.574359,1.585));
#3662 = CIRCLE('',#3663,9.999961819397E-02);
#3663 = AXIS2_PLACEMENT_3D('',#3664,#3665,#3666);
#3664 = CARTESIAN_POINT('',(129.44348140962,-117.5815519319,1.585));
#3665 = DIRECTION('',(0.,0.,-1.));
#3666 = DIRECTION('',(-0.756146983252,0.654401818243,0.));
#3667 = ORIENTED_EDGE('',*,*,#3668,.T.);
#3668 = EDGE_CURVE('',#3660,#3669,#3671,.T.);
#3669 = VERTEX_POINT('',#3670);
#3670 = CARTESIAN_POINT('',(129.363622,-119.026652,1.585));
#3671 = LINE('',#3672,#3673);
#3672 = CARTESIAN_POINT('',(129.543222,-117.574359,1.585));
#3673 = VECTOR('',#3674,1.);
#3674 = DIRECTION('',(-0.122731574509,-0.992439902774,0.));
#3675 = ORIENTED_EDGE('',*,*,#3676,.T.);
#3676 = EDGE_CURVE('',#3669,#3677,#3679,.T.);
#3677 = VERTEX_POINT('',#3678);
#3678 = CARTESIAN_POINT('',(129.402428,-119.130134,1.585));
#3679 = LINE('',#3680,#3681);
#3680 = CARTESIAN_POINT('',(129.363622,-119.026652,1.585));
#3681 = VECTOR('',#3682,1.);
#3682 = DIRECTION('',(0.35112542476,-0.936328433877,0.));
#3683 = ORIENTED_EDGE('',*,*,#3684,.T.);
#3684 = EDGE_CURVE('',#3677,#3685,#3687,.T.);
#3685 = VERTEX_POINT('',#3686);
#3686 = CARTESIAN_POINT('',(129.537208,-119.204193,1.585));
#3687 = LINE('',#3688,#3689);
#3688 = CARTESIAN_POINT('',(129.402428,-119.130134,1.585));
#3689 = VECTOR('',#3690,1.);
#3690 = DIRECTION('',(0.876408043643,-0.481569248435,0.));
#3691 = ORIENTED_EDGE('',*,*,#3692,.T.);
#3692 = EDGE_CURVE('',#3685,#3693,#3695,.T.);
#3693 = VERTEX_POINT('',#3694);
#3694 = CARTESIAN_POINT('',(129.444898,-119.377274,1.585));
#3695 = CIRCLE('',#3696,0.100000808408);
#3696 = AXIS2_PLACEMENT_3D('',#3697,#3698,#3699);
#3697 = CARTESIAN_POINT('',(129.47383876507,-119.2815525614,1.585));
#3698 = DIRECTION('',(0.,0.,-1.));
#3699 = DIRECTION('',(0.633687226521,0.773589360672,0.));
#3700 = ORIENTED_EDGE('',*,*,#3701,.T.);
#3701 = EDGE_CURVE('',#3693,#3702,#3704,.T.);
#3702 = VERTEX_POINT('',#3703);
#3703 = CARTESIAN_POINT('',(129.258685,-119.277961,1.585));
#3704 = LINE('',#3705,#3706);
#3705 = CARTESIAN_POINT('',(129.444898,-119.377274,1.585));
#3706 = VECTOR('',#3707,1.);
#3707 = DIRECTION('',(-0.882354121678,0.470586021847,0.));
#3708 = ORIENTED_EDGE('',*,*,#3709,.T.);
#3709 = EDGE_CURVE('',#3702,#3710,#3712,.T.);
#3710 = VERTEX_POINT('',#3711);
#3711 = CARTESIAN_POINT('',(129.233141,-119.245316,1.585));
#3712 = LINE('',#3713,#3714);
#3713 = CARTESIAN_POINT('',(129.258685,-119.277961,1.585));
#3714 = VECTOR('',#3715,1.);
#3715 = DIRECTION('',(-0.616244511276,0.787554888451,0.));
#3716 = ORIENTED_EDGE('',*,*,#3717,.T.);
#3717 = EDGE_CURVE('',#3710,#3718,#3720,.T.);
#3718 = VERTEX_POINT('',#3719);
#3719 = CARTESIAN_POINT('',(129.162655,-119.054867,1.585));
#3720 = LINE('',#3721,#3722);
#3721 = CARTESIAN_POINT('',(129.233141,-119.245316,1.585));
#3722 = VECTOR('',#3723,1.);
#3723 = DIRECTION('',(-0.347094944231,0.937829995089,0.));
#3724 = ORIENTED_EDGE('',*,*,#3725,.T.);
#3725 = EDGE_CURVE('',#3718,#3726,#3728,.T.);
#3726 = VERTEX_POINT('',#3727);
#3727 = CARTESIAN_POINT('',(129.162111,-119.026293,1.585));
#3728 = LINE('',#3729,#3730);
#3729 = CARTESIAN_POINT('',(129.162655,-119.054867,1.585));
#3730 = VECTOR('',#3731,1.);
#3731 = DIRECTION('',(-1.903483721756E-02,0.999818821073,0.));
#3732 = ORIENTED_EDGE('',*,*,#3733,.T.);
#3733 = EDGE_CURVE('',#3726,#3734,#3736,.T.);
#3734 = VERTEX_POINT('',#3735);
#3735 = CARTESIAN_POINT('',(129.348579,-117.550029,1.585));
#3736 = LINE('',#3737,#3738);
#3737 = CARTESIAN_POINT('',(129.162111,-119.026293,1.585));
#3738 = VECTOR('',#3739,1.);
#3739 = DIRECTION('',(0.125315033637,0.99211700033,0.));
#3740 = ORIENTED_EDGE('',*,*,#3741,.T.);
#3741 = EDGE_CURVE('',#3734,#3658,#3742,.T.);
#3742 = LINE('',#3743,#3744);
#3743 = CARTESIAN_POINT('',(129.348579,-117.550029,1.585));
#3744 = VECTOR('',#3745,1.);
#3745 = DIRECTION('',(0.494338300196,0.8692696043,0.));
#3746 = PLANE('',#3747);
#3747 = AXIS2_PLACEMENT_3D('',#3748,#3749,#3750);
#3748 = CARTESIAN_POINT('',(0.,0.,1.585));
#3749 = DIRECTION('',(0.,0.,1.));
#3750 = DIRECTION('',(1.,0.,-0.));
#3751 = SHELL_BASED_SURFACE_MODEL('',(#3752));
#3752 = OPEN_SHELL('',(#3753));
#3753 = ADVANCED_FACE('',(#3754,#3932),#4062,.T.);
#3754 = FACE_BOUND('',#3755,.F.);
#3755 = EDGE_LOOP('',(#3756,#3766,#3774,#3782,#3790,#3798,#3806,#3814,
    #3822,#3830,#3838,#3846,#3854,#3862,#3870,#3878,#3886,#3894,#3902,
    #3910,#3918,#3926));
#3756 = ORIENTED_EDGE('',*,*,#3757,.T.);
#3757 = EDGE_CURVE('',#3758,#3760,#3762,.T.);
#3758 = VERTEX_POINT('',#3759);
#3759 = CARTESIAN_POINT('',(115.137395,-117.575465,1.585));
#3760 = VERTEX_POINT('',#3761);
#3761 = CARTESIAN_POINT('',(115.338259,-117.483474,1.585));
#3762 = LINE('',#3763,#3764);
#3763 = CARTESIAN_POINT('',(115.137395,-117.575465,1.585));
#3764 = VECTOR('',#3765,1.);
#3765 = DIRECTION('',(0.909187651647,0.416386616131,0.));
#3766 = ORIENTED_EDGE('',*,*,#3767,.T.);
#3767 = EDGE_CURVE('',#3760,#3768,#3770,.T.);
#3768 = VERTEX_POINT('',#3769);
#3769 = CARTESIAN_POINT('',(115.701086,-117.483474,1.585));
#3770 = LINE('',#3771,#3772);
#3771 = CARTESIAN_POINT('',(115.338259,-117.483474,1.585));
#3772 = VECTOR('',#3773,1.);
#3773 = DIRECTION('',(1.,0.,0.));
#3774 = ORIENTED_EDGE('',*,*,#3775,.T.);
#3775 = EDGE_CURVE('',#3768,#3776,#3778,.T.);
#3776 = VERTEX_POINT('',#3777);
#3777 = CARTESIAN_POINT('',(115.728636,-117.493318,1.585));
#3778 = LINE('',#3779,#3780);
#3779 = CARTESIAN_POINT('',(115.701086,-117.483474,1.585));
#3780 = VECTOR('',#3781,1.);
#3781 = DIRECTION('',(0.941690861015,-0.336479304386,0.));
#3782 = ORIENTED_EDGE('',*,*,#3783,.T.);
#3783 = EDGE_CURVE('',#3776,#3784,#3786,.T.);
#3784 = VERTEX_POINT('',#3785);
#3785 = CARTESIAN_POINT('',(115.897989,-117.586673,1.585));
#3786 = LINE('',#3787,#3788);
#3787 = CARTESIAN_POINT('',(115.728636,-117.493318,1.585));
#3788 = VECTOR('',#3789,1.);
#3789 = DIRECTION('',(0.875755094987,-0.482755645855,0.));
#3790 = ORIENTED_EDGE('',*,*,#3791,.T.);
#3791 = EDGE_CURVE('',#3784,#3792,#3794,.T.);
#3792 = VERTEX_POINT('',#3793);
#3793 = CARTESIAN_POINT('',(116.061689,-117.774506,1.585));
#3794 = LINE('',#3795,#3796);
#3795 = CARTESIAN_POINT('',(115.897989,-117.586673,1.585));
#3796 = VECTOR('',#3797,1.);
#3797 = DIRECTION('',(0.657016963002,-0.753875792374,0.));
#3798 = ORIENTED_EDGE('',*,*,#3799,.T.);
#3799 = EDGE_CURVE('',#3792,#3800,#3802,.T.);
#3800 = VERTEX_POINT('',#3801);
#3801 = CARTESIAN_POINT('',(116.074258,-117.812007,1.585));
#3802 = LINE('',#3803,#3804);
#3803 = CARTESIAN_POINT('',(116.061689,-117.774506,1.585));
#3804 = VECTOR('',#3805,1.);
#3805 = DIRECTION('',(0.317789865028,-0.948161168623,0.));
#3806 = ORIENTED_EDGE('',*,*,#3807,.T.);
#3807 = EDGE_CURVE('',#3800,#3808,#3810,.T.);
#3808 = VERTEX_POINT('',#3809);
#3809 = CARTESIAN_POINT('',(116.114734,-118.160623,1.585));
#3810 = LINE('',#3811,#3812);
#3811 = CARTESIAN_POINT('',(116.074258,-117.812007,1.585));
#3812 = VECTOR('',#3813,1.);
#3813 = DIRECTION('',(0.115330084311,-0.993327222849,0.));
#3814 = ORIENTED_EDGE('',*,*,#3815,.T.);
#3815 = EDGE_CURVE('',#3808,#3816,#3818,.T.);
#3816 = VERTEX_POINT('',#3817);
#3817 = CARTESIAN_POINT('',(116.038306,-118.749999,1.585));
#3818 = LINE('',#3819,#3820);
#3819 = CARTESIAN_POINT('',(116.114734,-118.160623,1.585));
#3820 = VECTOR('',#3821,1.);
#3821 = DIRECTION('',(-0.128599382671,-0.991696626382,0.));
#3822 = ORIENTED_EDGE('',*,*,#3823,.T.);
#3823 = EDGE_CURVE('',#3816,#3824,#3826,.T.);
#3824 = VERTEX_POINT('',#3825);
#3825 = CARTESIAN_POINT('',(115.908228,-119.091401,1.585));
#3826 = LINE('',#3827,#3828);
#3827 = CARTESIAN_POINT('',(116.038306,-118.749999,1.585));
#3828 = VECTOR('',#3829,1.);
#3829 = DIRECTION('',(-0.356043360088,-0.934469435422,0.));
#3830 = ORIENTED_EDGE('',*,*,#3831,.T.);
#3831 = EDGE_CURVE('',#3824,#3832,#3834,.T.);
#3832 = VERTEX_POINT('',#3833);
#3833 = CARTESIAN_POINT('',(115.88968,-119.113437,1.585));
#3834 = LINE('',#3835,#3836);
#3835 = CARTESIAN_POINT('',(115.908228,-119.091401,1.585));
#3836 = VECTOR('',#3837,1.);
#3837 = DIRECTION('',(-0.643960391544,-0.765058830498,0.));
#3838 = ORIENTED_EDGE('',*,*,#3839,.T.);
#3839 = EDGE_CURVE('',#3832,#3840,#3842,.T.);
#3840 = VERTEX_POINT('',#3841);
#3841 = CARTESIAN_POINT('',(115.689449,-119.28764,1.585));
#3842 = LINE('',#3843,#3844);
#3843 = CARTESIAN_POINT('',(115.88968,-119.113437,1.585));
#3844 = VECTOR('',#3845,1.);
#3845 = DIRECTION('',(-0.75443929099,-0.656369831886,0.));
#3846 = ORIENTED_EDGE('',*,*,#3847,.T.);
#3847 = EDGE_CURVE('',#3840,#3848,#3850,.T.);
#3848 = VERTEX_POINT('',#3849);
#3849 = CARTESIAN_POINT('',(115.488586,-119.379632,1.585));
#3850 = LINE('',#3851,#3852);
#3851 = CARTESIAN_POINT('',(115.689449,-119.28764,1.585));
#3852 = VECTOR('',#3853,1.);
#3853 = DIRECTION('',(-0.909185153281,-0.416392071315,0.));
#3854 = ORIENTED_EDGE('',*,*,#3855,.T.);
#3855 = EDGE_CURVE('',#3848,#3856,#3858,.T.);
#3856 = VERTEX_POINT('',#3857);
#3857 = CARTESIAN_POINT('',(115.125759,-119.379632,1.585));
#3858 = LINE('',#3859,#3860);
#3859 = CARTESIAN_POINT('',(115.488586,-119.379632,1.585));
#3860 = VECTOR('',#3861,1.);
#3861 = DIRECTION('',(-1.,0.,0.));
#3862 = ORIENTED_EDGE('',*,*,#3863,.T.);
#3863 = EDGE_CURVE('',#3856,#3864,#3866,.T.);
#3864 = VERTEX_POINT('',#3865);
#3865 = CARTESIAN_POINT('',(115.09821,-119.369788,1.585));
#3866 = LINE('',#3867,#3868);
#3867 = CARTESIAN_POINT('',(115.125759,-119.379632,1.585));
#3868 = VECTOR('',#3869,1.);
#3869 = DIRECTION('',(-0.941686990895,0.336490135336,0.));
#3870 = ORIENTED_EDGE('',*,*,#3871,.T.);
#3871 = EDGE_CURVE('',#3864,#3872,#3874,.T.);
#3872 = VERTEX_POINT('',#3873);
#3873 = CARTESIAN_POINT('',(114.92886,-119.276435,1.585));
#3874 = LINE('',#3875,#3876);
#3875 = CARTESIAN_POINT('',(115.09821,-119.369788,1.585));
#3876 = VECTOR('',#3877,1.);
#3877 = DIRECTION('',(-0.875755852021,0.482754272535,0.));
#3878 = ORIENTED_EDGE('',*,*,#3879,.T.);
#3879 = EDGE_CURVE('',#3872,#3880,#3882,.T.);
#3880 = VERTEX_POINT('',#3881);
#3881 = CARTESIAN_POINT('',(114.765157,-119.088599,1.585));
#3882 = LINE('',#3883,#3884);
#3883 = CARTESIAN_POINT('',(114.92886,-119.276435,1.585));
#3884 = VECTOR('',#3885,1.);
#3885 = DIRECTION('',(-0.657017842188,0.753875026146,0.));
#3886 = ORIENTED_EDGE('',*,*,#3887,.T.);
#3887 = EDGE_CURVE('',#3880,#3888,#3890,.T.);
#3888 = VERTEX_POINT('',#3889);
#3889 = CARTESIAN_POINT('',(114.752588,-119.0511,1.585));
#3890 = LINE('',#3891,#3892);
#3891 = CARTESIAN_POINT('',(114.765157,-119.088599,1.585));
#3892 = VECTOR('',#3893,1.);
#3893 = DIRECTION('',(-0.317805102439,0.94815606145,0.));
#3894 = ORIENTED_EDGE('',*,*,#3895,.T.);
#3895 = EDGE_CURVE('',#3888,#3896,#3898,.T.);
#3896 = VERTEX_POINT('',#3897);
#3897 = CARTESIAN_POINT('',(114.712111,-118.702482,1.585));
#3898 = LINE('',#3899,#3900);
#3899 = CARTESIAN_POINT('',(114.752588,-119.0511,1.585));
#3900 = VECTOR('',#3901,1.);
#3901 = DIRECTION('',(-0.115332242898,0.993326972224,0.));
#3902 = ORIENTED_EDGE('',*,*,#3903,.T.);
#3903 = EDGE_CURVE('',#3896,#3904,#3906,.T.);
#3904 = VERTEX_POINT('',#3905);
#3905 = CARTESIAN_POINT('',(114.78854,-118.113108,1.585));
#3906 = LINE('',#3907,#3908);
#3907 = CARTESIAN_POINT('',(114.712111,-118.702482,1.585));
#3908 = VECTOR('',#3909,1.);
#3909 = DIRECTION('',(0.128601466646,0.991696356138,0.));
#3910 = ORIENTED_EDGE('',*,*,#3911,.T.);
#3911 = EDGE_CURVE('',#3904,#3912,#3914,.T.);
#3912 = VERTEX_POINT('',#3913);
#3913 = CARTESIAN_POINT('',(114.918617,-117.771705,1.585));
#3914 = LINE('',#3915,#3916);
#3915 = CARTESIAN_POINT('',(114.78854,-118.113108,1.585));
#3916 = VECTOR('',#3917,1.);
#3917 = DIRECTION('',(0.356040059236,0.934470693077,0.));
#3918 = ORIENTED_EDGE('',*,*,#3919,.T.);
#3919 = EDGE_CURVE('',#3912,#3920,#3922,.T.);
#3920 = VERTEX_POINT('',#3921);
#3921 = CARTESIAN_POINT('',(114.937165,-117.749669,1.585));
#3922 = LINE('',#3923,#3924);
#3923 = CARTESIAN_POINT('',(114.918617,-117.771705,1.585));
#3924 = VECTOR('',#3925,1.);
#3925 = DIRECTION('',(0.643960391544,0.765058830498,0.));
#3926 = ORIENTED_EDGE('',*,*,#3927,.T.);
#3927 = EDGE_CURVE('',#3920,#3758,#3928,.T.);
#3928 = LINE('',#3929,#3930);
#3929 = CARTESIAN_POINT('',(114.937165,-117.749669,1.585));
#3930 = VECTOR('',#3931,1.);
#3931 = DIRECTION('',(0.754435801907,0.656373842258,0.));
#3932 = FACE_BOUND('',#3933,.F.);
#3933 = EDGE_LOOP('',(#3934,#3944,#3952,#3960,#3968,#3976,#3984,#3992,
    #4000,#4008,#4016,#4024,#4032,#4040,#4048,#4056));
#3934 = ORIENTED_EDGE('',*,*,#3935,.T.);
#3935 = EDGE_CURVE('',#3936,#3938,#3940,.T.);
#3936 = VERTEX_POINT('',#3937);
#3937 = CARTESIAN_POINT('',(115.770155,-117.742127,1.585));
#3938 = VERTEX_POINT('',#3939);
#3939 = CARTESIAN_POINT('',(115.656578,-117.681553,1.585));
#3940 = LINE('',#3941,#3942);
#3941 = CARTESIAN_POINT('',(115.770155,-117.742127,1.585));
#3942 = VECTOR('',#3943,1.);
#3943 = DIRECTION('',(-0.882354231489,0.47058581595,0.));
#3944 = ORIENTED_EDGE('',*,*,#3945,.T.);
#3945 = EDGE_CURVE('',#3938,#3946,#3948,.T.);
#3946 = VERTEX_POINT('',#3947);
#3947 = CARTESIAN_POINT('',(115.380122,-117.681553,1.585));
#3948 = LINE('',#3949,#3950);
#3949 = CARTESIAN_POINT('',(115.656578,-117.681553,1.585));
#3950 = VECTOR('',#3951,1.);
#3951 = DIRECTION('',(-1.,0.,0.));
#3952 = ORIENTED_EDGE('',*,*,#3953,.T.);
#3953 = EDGE_CURVE('',#3946,#3954,#3956,.T.);
#3954 = VERTEX_POINT('',#3955);
#3955 = CARTESIAN_POINT('',(115.241387,-117.746839,1.585));
#3956 = LINE('',#3957,#3958);
#3957 = CARTESIAN_POINT('',(115.380122,-117.681553,1.585));
#3958 = VECTOR('',#3959,1.);
#3959 = DIRECTION('',(-0.904821362691,-0.425791382742,0.));
#3960 = ORIENTED_EDGE('',*,*,#3961,.T.);
#3961 = EDGE_CURVE('',#3954,#3962,#3964,.T.);
#3962 = VERTEX_POINT('',#3963);
#3963 = CARTESIAN_POINT('',(115.088541,-117.882702,1.585));
#3964 = LINE('',#3965,#3966);
#3965 = CARTESIAN_POINT('',(115.241387,-117.746839,1.585));
#3966 = VECTOR('',#3967,1.);
#3967 = DIRECTION('',(-0.747409588474,-0.664363535316,0.));
#3968 = ORIENTED_EDGE('',*,*,#3969,.T.);
#3969 = EDGE_CURVE('',#3962,#3970,#3972,.T.);
#3970 = VERTEX_POINT('',#3971);
#3971 = CARTESIAN_POINT('',(114.97994,-118.172305,1.585));
#3972 = LINE('',#3973,#3974);
#3973 = CARTESIAN_POINT('',(115.088541,-117.882702,1.585));
#3974 = VECTOR('',#3975,1.);
#3975 = DIRECTION('',(-0.351123087271,-0.936329310438,0.));
#3976 = ORIENTED_EDGE('',*,*,#3977,.T.);
#3977 = EDGE_CURVE('',#3970,#3978,#3980,.T.);
#3978 = VERTEX_POINT('',#3979);
#3979 = CARTESIAN_POINT('',(114.912117,-118.714885,1.585));
#3980 = LINE('',#3981,#3982);
#3981 = CARTESIAN_POINT('',(114.97994,-118.172305,1.585));
#3982 = VECTOR('',#3983,1.);
#3983 = DIRECTION('',(-0.124035634928,-0.992277764171,0.));
#3984 = ORIENTED_EDGE('',*,*,#3985,.T.);
#3985 = EDGE_CURVE('',#3978,#3986,#3988,.T.);
#3986 = VERTEX_POINT('',#3987);
#3987 = CARTESIAN_POINT('',(114.947244,-118.995898,1.585));
#3988 = LINE('',#3989,#3990);
#3989 = CARTESIAN_POINT('',(114.912117,-118.714885,1.585));
#3990 = VECTOR('',#3991,1.);
#3991 = DIRECTION('',(0.12403603837,-0.99227771374,0.));
#3992 = ORIENTED_EDGE('',*,*,#3993,.T.);
#3993 = EDGE_CURVE('',#3986,#3994,#3996,.T.);
#3994 = VERTEX_POINT('',#3995);
#3995 = CARTESIAN_POINT('',(115.056688,-119.120978,1.585));
#3996 = LINE('',#3997,#3998);
#3997 = CARTESIAN_POINT('',(114.947244,-118.995898,1.585));
#3998 = VECTOR('',#3999,1.);
#3999 = DIRECTION('',(0.658501200124,-0.75257967647,0.));
#4000 = ORIENTED_EDGE('',*,*,#4001,.T.);
#4001 = EDGE_CURVE('',#3994,#4002,#4004,.T.);
#4002 = VERTEX_POINT('',#4003);
#4003 = CARTESIAN_POINT('',(115.170267,-119.181553,1.585));
#4004 = LINE('',#4005,#4006);
#4005 = CARTESIAN_POINT('',(115.056688,-119.120978,1.585));
#4006 = VECTOR('',#4007,1.);
#4007 = DIRECTION('',(0.882354446514,-0.470585412775,0.));
#4008 = ORIENTED_EDGE('',*,*,#4009,.T.);
#4009 = EDGE_CURVE('',#4002,#4010,#4012,.T.);
#4010 = VERTEX_POINT('',#4011);
#4011 = CARTESIAN_POINT('',(115.446723,-119.181553,1.585));
#4012 = LINE('',#4013,#4014);
#4013 = CARTESIAN_POINT('',(115.170267,-119.181553,1.585));
#4014 = VECTOR('',#4015,1.);
#4015 = DIRECTION('',(1.,0.,0.));
#4016 = ORIENTED_EDGE('',*,*,#4017,.T.);
#4017 = EDGE_CURVE('',#4010,#4018,#4020,.T.);
#4018 = VERTEX_POINT('',#4019);
#4019 = CARTESIAN_POINT('',(115.585456,-119.116267,1.585));
#4020 = LINE('',#4021,#4022);
#4021 = CARTESIAN_POINT('',(115.446723,-119.181553,1.585));
#4022 = VECTOR('',#4023,1.);
#4023 = DIRECTION('',(0.904818997816,0.425796408147,0.));
#4024 = ORIENTED_EDGE('',*,*,#4025,.T.);
#4025 = EDGE_CURVE('',#4018,#4026,#4028,.T.);
#4026 = VERTEX_POINT('',#4027);
#4027 = CARTESIAN_POINT('',(115.738304,-118.980401,1.585));
#4028 = LINE('',#4029,#4030);
#4029 = CARTESIAN_POINT('',(115.585456,-119.116267,1.585));
#4030 = VECTOR('',#4031,1.);
#4031 = DIRECTION('',(0.747406620819,0.664366873915,0.));
#4032 = ORIENTED_EDGE('',*,*,#4033,.T.);
#4033 = EDGE_CURVE('',#4026,#4034,#4036,.T.);
#4034 = VERTEX_POINT('',#4035);
#4035 = CARTESIAN_POINT('',(115.846905,-118.690799,1.585));
#4036 = LINE('',#4037,#4038);
#4037 = CARTESIAN_POINT('',(115.738304,-118.980401,1.585));
#4038 = VECTOR('',#4039,1.);
#4039 = DIRECTION('',(0.351124150226,0.93632891183,0.));
#4040 = ORIENTED_EDGE('',*,*,#4041,.T.);
#4041 = EDGE_CURVE('',#4034,#4042,#4044,.T.);
#4042 = VERTEX_POINT('',#4043);
#4043 = CARTESIAN_POINT('',(115.914727,-118.148219,1.585));
#4044 = LINE('',#4045,#4046);
#4045 = CARTESIAN_POINT('',(115.846905,-118.690799,1.585));
#4046 = VECTOR('',#4047,1.);
#4047 = DIRECTION('',(0.12403383425,0.992277989256,0.));
#4048 = ORIENTED_EDGE('',*,*,#4049,.T.);
#4049 = EDGE_CURVE('',#4042,#4050,#4052,.T.);
#4050 = VERTEX_POINT('',#4051);
#4051 = CARTESIAN_POINT('',(115.879601,-117.867207,1.585));
#4052 = LINE('',#4053,#4054);
#4053 = CARTESIAN_POINT('',(115.914727,-118.148219,1.585));
#4054 = VECTOR('',#4055,1.);
#4055 = DIRECTION('',(-0.124032996207,0.99227809401,0.));
#4056 = ORIENTED_EDGE('',*,*,#4057,.T.);
#4057 = EDGE_CURVE('',#4050,#3936,#4058,.T.);
#4058 = LINE('',#4059,#4060);
#4059 = CARTESIAN_POINT('',(115.879601,-117.867207,1.585));
#4060 = VECTOR('',#4061,1.);
#4061 = DIRECTION('',(-0.658508015572,0.752573712952,0.));
#4062 = PLANE('',#4063);
#4063 = AXIS2_PLACEMENT_3D('',#4064,#4065,#4066);
#4064 = CARTESIAN_POINT('',(0.,0.,1.585));
#4065 = DIRECTION('',(0.,0.,1.));
#4066 = DIRECTION('',(1.,0.,-0.));
#4067 = SHELL_BASED_SURFACE_MODEL('',(#4068));
#4068 = OPEN_SHELL('',(#4069));
#4069 = ADVANCED_FACE('',(#4070),#4260,.T.);
#4070 = FACE_BOUND('',#4071,.F.);
#4071 = EDGE_LOOP('',(#4072,#4082,#4090,#4098,#4106,#4115,#4123,#4131,
    #4140,#4148,#4157,#4165,#4173,#4182,#4190,#4198,#4206,#4214,#4222,
    #4230,#4238,#4246,#4254));
#4072 = ORIENTED_EDGE('',*,*,#4073,.T.);
#4073 = EDGE_CURVE('',#4074,#4076,#4078,.T.);
#4074 = VERTEX_POINT('',#4075);
#4075 = CARTESIAN_POINT('',(118.061799,-118.142132,1.585));
#4076 = VERTEX_POINT('',#4077);
#4077 = CARTESIAN_POINT('',(118.262663,-118.050141,1.585));
#4078 = LINE('',#4079,#4080);
#4079 = CARTESIAN_POINT('',(118.061799,-118.142132,1.585));
#4080 = VECTOR('',#4081,1.);
#4081 = DIRECTION('',(0.909187651647,0.416386616131,0.));
#4082 = ORIENTED_EDGE('',*,*,#4083,.T.);
#4083 = EDGE_CURVE('',#4076,#4084,#4086,.T.);
#4084 = VERTEX_POINT('',#4085);
#4085 = CARTESIAN_POINT('',(118.625491,-118.050141,1.585));
#4086 = LINE('',#4087,#4088);
#4087 = CARTESIAN_POINT('',(118.262663,-118.050141,1.585));
#4088 = VECTOR('',#4089,1.);
#4089 = DIRECTION('',(1.,0.,0.));
#4090 = ORIENTED_EDGE('',*,*,#4091,.T.);
#4091 = EDGE_CURVE('',#4084,#4092,#4094,.T.);
#4092 = VERTEX_POINT('',#4093);
#4093 = CARTESIAN_POINT('',(118.653041,-118.059985,1.585));
#4094 = LINE('',#4095,#4096);
#4095 = CARTESIAN_POINT('',(118.625491,-118.050141,1.585));
#4096 = VECTOR('',#4097,1.);
#4097 = DIRECTION('',(0.941690861015,-0.336479304386,0.));
#4098 = ORIENTED_EDGE('',*,*,#4099,.T.);
#4099 = EDGE_CURVE('',#4092,#4100,#4102,.T.);
#4100 = VERTEX_POINT('',#4101);
#4101 = CARTESIAN_POINT('',(118.821136,-118.151812,1.585));
#4102 = LINE('',#4103,#4104);
#4103 = CARTESIAN_POINT('',(118.653041,-118.059985,1.585));
#4104 = VECTOR('',#4105,1.);
#4105 = DIRECTION('',(0.877590726505,-0.479410593074,0.));
#4106 = ORIENTED_EDGE('',*,*,#4107,.T.);
#4107 = EDGE_CURVE('',#4100,#4108,#4110,.T.);
#4108 = VERTEX_POINT('',#4109);
#4109 = CARTESIAN_POINT('',(118.728826,-118.324893,1.585));
#4110 = CIRCLE('',#4111,0.100000808408);
#4111 = AXIS2_PLACEMENT_3D('',#4112,#4113,#4114);
#4112 = CARTESIAN_POINT('',(118.75776676507,-118.2291715614,1.585));
#4113 = DIRECTION('',(0.,0.,-1.));
#4114 = DIRECTION('',(0.633687226521,0.773589360672,0.));
#4115 = ORIENTED_EDGE('',*,*,#4116,.T.);
#4116 = EDGE_CURVE('',#4108,#4117,#4119,.T.);
#4117 = VERTEX_POINT('',#4118);
#4118 = CARTESIAN_POINT('',(118.580982,-118.24822,1.585));
#4119 = LINE('',#4120,#4121);
#4120 = CARTESIAN_POINT('',(118.728826,-118.324893,1.585));
#4121 = VECTOR('',#4122,1.);
#4122 = DIRECTION('',(-0.887722267508,0.460379382434,0.));
#4123 = ORIENTED_EDGE('',*,*,#4124,.T.);
#4124 = EDGE_CURVE('',#4117,#4125,#4127,.T.);
#4125 = VERTEX_POINT('',#4126);
#4126 = CARTESIAN_POINT('',(118.304526,-118.24822,1.585));
#4127 = LINE('',#4128,#4129);
#4128 = CARTESIAN_POINT('',(118.580982,-118.24822,1.585));
#4129 = VECTOR('',#4130,1.);
#4130 = DIRECTION('',(-1.,0.,0.));
#4131 = ORIENTED_EDGE('',*,*,#4132,.T.);
#4132 = EDGE_CURVE('',#4125,#4133,#4135,.T.);
#4133 = VERTEX_POINT('',#4134);
#4134 = CARTESIAN_POINT('',(118.014377,-118.506322,1.585));
#4135 = CIRCLE('',#4136,0.432774326289);
#4136 = AXIS2_PLACEMENT_3D('',#4137,#4138,#4139);
#4137 = CARTESIAN_POINT('',(118.41651574222,-118.6662533899,1.585));
#4138 = DIRECTION('',(0.,0.,1.));
#4139 = DIRECTION('',(-0.258771686349,0.965938514784,0.));
#4140 = ORIENTED_EDGE('',*,*,#4141,.T.);
#4141 = EDGE_CURVE('',#4133,#4142,#4144,.T.);
#4142 = VERTEX_POINT('',#4143);
#4143 = CARTESIAN_POINT('',(117.959455,-118.945699,1.585));
#4144 = LINE('',#4145,#4146);
#4145 = CARTESIAN_POINT('',(118.014377,-118.506322,1.585));
#4146 = VECTOR('',#4147,1.);
#4147 = DIRECTION('',(-0.124034456635,-0.992277911458,0.));
#4148 = ORIENTED_EDGE('',*,*,#4149,.T.);
#4149 = EDGE_CURVE('',#4142,#4150,#4152,.T.);
#4150 = VERTEX_POINT('',#4151);
#4151 = CARTESIAN_POINT('',(118.165505,-119.181553,1.585));
#4152 = CIRCLE('',#4153,0.279861702153);
#4153 = AXIS2_PLACEMENT_3D('',#4154,#4155,#4156);
#4154 = CARTESIAN_POINT('',(118.23715975517,-118.9110198811,1.585));
#4155 = DIRECTION('',(0.,0.,1.));
#4156 = DIRECTION('',(-0.992292811202,-0.123915200183,0.));
#4157 = ORIENTED_EDGE('',*,*,#4158,.T.);
#4158 = EDGE_CURVE('',#4150,#4159,#4161,.T.);
#4159 = VERTEX_POINT('',#4160);
#4160 = CARTESIAN_POINT('',(118.441961,-119.181553,1.585));
#4161 = LINE('',#4162,#4163);
#4162 = CARTESIAN_POINT('',(118.165505,-119.181553,1.585));
#4163 = VECTOR('',#4164,1.);
#4164 = DIRECTION('',(1.,0.,0.));
#4165 = ORIENTED_EDGE('',*,*,#4166,.T.);
#4166 = EDGE_CURVE('',#4159,#4167,#4169,.T.);
#4167 = VERTEX_POINT('',#4168);
#4168 = CARTESIAN_POINT('',(118.61223,-119.10355,1.585));
#4169 = LINE('',#4170,#4171);
#4170 = CARTESIAN_POINT('',(118.441961,-119.181553,1.585));
#4171 = VECTOR('',#4172,1.);
#4172 = DIRECTION('',(0.909139552638,0.41649162516,0.));
#4173 = ORIENTED_EDGE('',*,*,#4174,.T.);
#4174 = EDGE_CURVE('',#4167,#4175,#4177,.T.);
#4175 = VERTEX_POINT('',#4176);
#4176 = CARTESIAN_POINT('',(118.695753,-119.281038,1.585));
#4177 = CIRCLE('',#4178,0.100000691668);
#4178 = AXIS2_PLACEMENT_3D('',#4179,#4180,#4181);
#4179 = CARTESIAN_POINT('',(118.63633897224,-119.2006009958,1.585));
#4180 = DIRECTION('',(0.,0.,-1.));
#4181 = DIRECTION('',(-0.241088054941,0.970503245623,-0.));
#4182 = ORIENTED_EDGE('',*,*,#4183,.T.);
#4183 = EDGE_CURVE('',#4175,#4184,#4186,.T.);
#4184 = VERTEX_POINT('',#4185);
#4185 = CARTESIAN_POINT('',(118.483824,-119.379632,1.585));
#4186 = LINE('',#4187,#4188);
#4187 = CARTESIAN_POINT('',(118.695753,-119.281038,1.585));
#4188 = VECTOR('',#4189,1.);
#4189 = DIRECTION('',(-0.906684508446,-0.421809438188,0.));
#4190 = ORIENTED_EDGE('',*,*,#4191,.T.);
#4191 = EDGE_CURVE('',#4184,#4192,#4194,.T.);
#4192 = VERTEX_POINT('',#4193);
#4193 = CARTESIAN_POINT('',(118.120997,-119.379632,1.585));
#4194 = LINE('',#4195,#4196);
#4195 = CARTESIAN_POINT('',(118.483824,-119.379632,1.585));
#4196 = VECTOR('',#4197,1.);
#4197 = DIRECTION('',(-1.,0.,0.));
#4198 = ORIENTED_EDGE('',*,*,#4199,.T.);
#4199 = EDGE_CURVE('',#4192,#4200,#4202,.T.);
#4200 = VERTEX_POINT('',#4201);
#4201 = CARTESIAN_POINT('',(118.093448,-119.369788,1.585));
#4202 = LINE('',#4203,#4204);
#4203 = CARTESIAN_POINT('',(118.120997,-119.379632,1.585));
#4204 = VECTOR('',#4205,1.);
#4205 = DIRECTION('',(-0.941686990895,0.336490135336,0.));
#4206 = ORIENTED_EDGE('',*,*,#4207,.T.);
#4207 = EDGE_CURVE('',#4200,#4208,#4210,.T.);
#4208 = VERTEX_POINT('',#4209);
#4209 = CARTESIAN_POINT('',(117.924098,-119.276437,1.585));
#4210 = LINE('',#4211,#4212);
#4211 = CARTESIAN_POINT('',(118.093448,-119.369788,1.585));
#4212 = VECTOR('',#4213,1.);
#4213 = DIRECTION('',(-0.87576022458,0.48274634027,0.));
#4214 = ORIENTED_EDGE('',*,*,#4215,.T.);
#4215 = EDGE_CURVE('',#4208,#4216,#4218,.T.);
#4216 = VERTEX_POINT('',#4217);
#4217 = CARTESIAN_POINT('',(117.830569,-119.167607,1.585));
#4218 = LINE('',#4219,#4220);
#4219 = CARTESIAN_POINT('',(117.924098,-119.276437,1.585));
#4220 = VECTOR('',#4221,1.);
#4221 = DIRECTION('',(-0.651779645303,0.758408395239,0.));
#4222 = ORIENTED_EDGE('',*,*,#4223,.T.);
#4223 = EDGE_CURVE('',#4216,#4224,#4226,.T.);
#4224 = VERTEX_POINT('',#4225);
#4225 = CARTESIAN_POINT('',(117.758488,-118.973914,1.585));
#4226 = LINE('',#4227,#4228);
#4227 = CARTESIAN_POINT('',(117.830569,-119.167607,1.585));
#4228 = VECTOR('',#4229,1.);
#4229 = DIRECTION('',(-0.348772754001,0.937207322883,0.));
#4230 = ORIENTED_EDGE('',*,*,#4231,.T.);
#4231 = EDGE_CURVE('',#4224,#4232,#4234,.T.);
#4232 = VERTEX_POINT('',#4233);
#4233 = CARTESIAN_POINT('',(117.757944,-118.94534,1.585));
#4234 = LINE('',#4235,#4236);
#4235 = CARTESIAN_POINT('',(117.758488,-118.973914,1.585));
#4236 = VECTOR('',#4237,1.);
#4237 = DIRECTION('',(-1.903483721806E-02,0.999818821073,0.));
#4238 = ORIENTED_EDGE('',*,*,#4239,.T.);
#4239 = EDGE_CURVE('',#4232,#4240,#4242,.T.);
#4240 = VERTEX_POINT('',#4241);
#4241 = CARTESIAN_POINT('',(117.824375,-118.436591,1.585));
#4242 = LINE('',#4243,#4244);
#4243 = CARTESIAN_POINT('',(117.757944,-118.94534,1.585));
#4244 = VECTOR('',#4245,1.);
#4245 = DIRECTION('',(0.129478000791,0.991582294775,0.));
#4246 = ORIENTED_EDGE('',*,*,#4247,.T.);
#4247 = EDGE_CURVE('',#4240,#4248,#4250,.T.);
#4248 = VERTEX_POINT('',#4249);
#4249 = CARTESIAN_POINT('',(117.948153,-118.240238,1.585));
#4250 = LINE('',#4251,#4252);
#4251 = CARTESIAN_POINT('',(117.824375,-118.436591,1.585));
#4252 = VECTOR('',#4253,1.);
#4253 = DIRECTION('',(0.533270830611,0.845944573373,0.));
#4254 = ORIENTED_EDGE('',*,*,#4255,.T.);
#4255 = EDGE_CURVE('',#4248,#4074,#4256,.T.);
#4256 = LINE('',#4257,#4258);
#4257 = CARTESIAN_POINT('',(117.948153,-118.240238,1.585));
#4258 = VECTOR('',#4259,1.);
#4259 = DIRECTION('',(0.756964071262,0.653456498031,0.));
#4260 = PLANE('',#4261);
#4261 = AXIS2_PLACEMENT_3D('',#4262,#4263,#4264);
#4262 = CARTESIAN_POINT('',(0.,0.,1.585));
#4263 = DIRECTION('',(0.,0.,1.));
#4264 = DIRECTION('',(1.,0.,-0.));
#4265 = SHELL_BASED_SURFACE_MODEL('',(#4266));
#4266 = OPEN_SHELL('',(#4267));
#4267 = ADVANCED_FACE('',(#4268,#4487),#4553,.T.);
#4268 = FACE_BOUND('',#4269,.F.);
#4269 = EDGE_LOOP('',(#4270,#4280,#4288,#4296,#4304,#4312,#4320,#4328,
    #4336,#4344,#4352,#4360,#4368,#4376,#4384,#4392,#4400,#4409,#4417,
    #4425,#4433,#4441,#4449,#4457,#4465,#4473,#4481));
#4270 = ORIENTED_EDGE('',*,*,#4271,.T.);
#4271 = EDGE_CURVE('',#4272,#4274,#4276,.T.);
#4272 = VERTEX_POINT('',#4273);
#4273 = CARTESIAN_POINT('',(119.443759,-118.13869,1.585));
#4274 = VERTEX_POINT('',#4275);
#4275 = CARTESIAN_POINT('',(119.638854,-118.050141,1.585));
#4276 = LINE('',#4277,#4278);
#4277 = CARTESIAN_POINT('',(119.443759,-118.13869,1.585));
#4278 = VECTOR('',#4279,1.);
#4279 = DIRECTION('',(0.910595873575,0.41329790107,0.));
#4280 = ORIENTED_EDGE('',*,*,#4281,.T.);
#4281 = EDGE_CURVE('',#4274,#4282,#4284,.T.);
#4282 = VERTEX_POINT('',#4283);
#4283 = CARTESIAN_POINT('',(120.001681,-118.050141,1.585));
#4284 = LINE('',#4285,#4286);
#4285 = CARTESIAN_POINT('',(119.638854,-118.050141,1.585));
#4286 = VECTOR('',#4287,1.);
#4287 = DIRECTION('',(1.,0.,0.));
#4288 = ORIENTED_EDGE('',*,*,#4289,.T.);
#4289 = EDGE_CURVE('',#4282,#4290,#4292,.T.);
#4290 = VERTEX_POINT('',#4291);
#4291 = CARTESIAN_POINT('',(120.029231,-118.059985,1.585));
#4292 = LINE('',#4293,#4294);
#4293 = CARTESIAN_POINT('',(120.001681,-118.050141,1.585));
#4294 = VECTOR('',#4295,1.);
#4295 = DIRECTION('',(0.941690861015,-0.336479304386,0.));
#4296 = ORIENTED_EDGE('',*,*,#4297,.T.);
#4297 = EDGE_CURVE('',#4290,#4298,#4300,.T.);
#4298 = VERTEX_POINT('',#4299);
#4299 = CARTESIAN_POINT('',(120.197327,-118.151812,1.585));
#4300 = LINE('',#4301,#4302);
#4301 = CARTESIAN_POINT('',(120.029231,-118.059985,1.585));
#4302 = VECTOR('',#4303,1.);
#4303 = DIRECTION('',(0.877591926418,-0.479408396554,0.));
#4304 = ORIENTED_EDGE('',*,*,#4305,.T.);
#4305 = EDGE_CURVE('',#4298,#4306,#4308,.T.);
#4306 = VERTEX_POINT('',#4307);
#4307 = CARTESIAN_POINT('',(120.222869,-118.184455,1.585));
#4308 = LINE('',#4309,#4310);
#4309 = CARTESIAN_POINT('',(120.197327,-118.151812,1.585));
#4310 = VECTOR('',#4311,1.);
#4311 = DIRECTION('',(0.616238001148,-0.78755998244,0.));
#4312 = ORIENTED_EDGE('',*,*,#4313,.T.);
#4313 = EDGE_CURVE('',#4306,#4314,#4316,.T.);
#4314 = VERTEX_POINT('',#4315);
#4315 = CARTESIAN_POINT('',(120.293356,-118.374906,1.585));
#4316 = LINE('',#4317,#4318);
#4317 = CARTESIAN_POINT('',(120.222869,-118.184455,1.585));
#4318 = VECTOR('',#4319,1.);
#4319 = DIRECTION('',(0.347096069389,-0.937829578663,0.));
#4320 = ORIENTED_EDGE('',*,*,#4321,.T.);
#4321 = EDGE_CURVE('',#4314,#4322,#4324,.T.);
#4322 = VERTEX_POINT('',#4323);
#4323 = CARTESIAN_POINT('',(120.2939,-118.40348,1.585));
#4324 = LINE('',#4325,#4326);
#4325 = CARTESIAN_POINT('',(120.293356,-118.374906,1.585));
#4326 = VECTOR('',#4327,1.);
#4327 = DIRECTION('',(1.903483721756E-02,-0.999818821073,0.));
#4328 = ORIENTED_EDGE('',*,*,#4329,.T.);
#4329 = EDGE_CURVE('',#4322,#4330,#4332,.T.);
#4330 = VERTEX_POINT('',#4331);
#4331 = CARTESIAN_POINT('',(120.267442,-118.587834,1.585));
#4332 = LINE('',#4333,#4334);
#4333 = CARTESIAN_POINT('',(120.2939,-118.40348,1.585));
#4334 = VECTOR('',#4335,1.);
#4335 = DIRECTION('',(-0.142061780537,-0.989857793075,0.));
#4336 = ORIENTED_EDGE('',*,*,#4337,.T.);
#4337 = EDGE_CURVE('',#4330,#4338,#4340,.T.);
#4338 = VERTEX_POINT('',#4339);
#4339 = CARTESIAN_POINT('',(120.244886,-118.623949,1.585));
#4340 = LINE('',#4341,#4342);
#4341 = CARTESIAN_POINT('',(120.267442,-118.587834,1.585));
#4342 = VECTOR('',#4343,1.);
#4343 = DIRECTION('',(-0.529730813492,-0.848165824139,0.));
#4344 = ORIENTED_EDGE('',*,*,#4345,.T.);
#4345 = EDGE_CURVE('',#4338,#4346,#4348,.T.);
#4346 = VERTEX_POINT('',#4347);
#4347 = CARTESIAN_POINT('',(120.212365,-118.645508,1.585));
#4348 = LINE('',#4349,#4350);
#4349 = CARTESIAN_POINT('',(120.244886,-118.623949,1.585));
#4350 = VECTOR('',#4351,1.);
#4351 = DIRECTION('',(-0.833486671077,-0.552539563413,0.));
#4352 = ORIENTED_EDGE('',*,*,#4353,.T.);
#4353 = EDGE_CURVE('',#4346,#4354,#4356,.T.);
#4354 = VERTEX_POINT('',#4355);
#4355 = CARTESIAN_POINT('',(119.434916,-118.799163,1.585));
#4356 = LINE('',#4357,#4358);
#4357 = CARTESIAN_POINT('',(120.212365,-118.645508,1.585));
#4358 = VECTOR('',#4359,1.);
#4359 = DIRECTION('',(-0.981023387278,-0.19388943657,0.));
#4360 = ORIENTED_EDGE('',*,*,#4361,.T.);
#4361 = EDGE_CURVE('',#4354,#4362,#4364,.T.);
#4362 = VERTEX_POINT('',#4363);
#4363 = CARTESIAN_POINT('',(119.406479,-119.026653,1.585));
#4364 = LINE('',#4365,#4366);
#4365 = CARTESIAN_POINT('',(119.434916,-118.799163,1.585));
#4366 = VECTOR('',#4367,1.);
#4367 = DIRECTION('',(-0.124037955648,-0.992277474076,0.));
#4368 = ORIENTED_EDGE('',*,*,#4369,.T.);
#4369 = EDGE_CURVE('',#4362,#4370,#4372,.T.);
#4370 = VERTEX_POINT('',#4371);
#4371 = CARTESIAN_POINT('',(119.445285,-119.130134,1.585));
#4372 = LINE('',#4373,#4374);
#4373 = CARTESIAN_POINT('',(119.406479,-119.026653,1.585));
#4374 = VECTOR('',#4375,1.);
#4375 = DIRECTION('',(0.351128399557,-0.936327318316,0.));
#4376 = ORIENTED_EDGE('',*,*,#4377,.T.);
#4377 = EDGE_CURVE('',#4370,#4378,#4380,.T.);
#4378 = VERTEX_POINT('',#4379);
#4379 = CARTESIAN_POINT('',(119.541695,-119.181553,1.585));
#4380 = LINE('',#4381,#4382);
#4381 = CARTESIAN_POINT('',(119.445285,-119.130134,1.585));
#4382 = VECTOR('',#4383,1.);
#4383 = DIRECTION('',(0.88235167445,-0.470590610399,0.));
#4384 = ORIENTED_EDGE('',*,*,#4385,.T.);
#4385 = EDGE_CURVE('',#4378,#4386,#4388,.T.);
#4386 = VERTEX_POINT('',#4387);
#4387 = CARTESIAN_POINT('',(119.818152,-119.181553,1.585));
#4388 = LINE('',#4389,#4390);
#4389 = CARTESIAN_POINT('',(119.541695,-119.181553,1.585));
#4390 = VECTOR('',#4391,1.);
#4391 = DIRECTION('',(1.,0.,0.));
#4392 = ORIENTED_EDGE('',*,*,#4393,.T.);
#4393 = EDGE_CURVE('',#4386,#4394,#4396,.T.);
#4394 = VERTEX_POINT('',#4395);
#4395 = CARTESIAN_POINT('',(119.98842,-119.10355,1.585));
#4396 = LINE('',#4397,#4398);
#4397 = CARTESIAN_POINT('',(119.818152,-119.181553,1.585));
#4398 = VECTOR('',#4399,1.);
#4399 = DIRECTION('',(0.909138626426,0.416493646939,0.));
#4400 = ORIENTED_EDGE('',*,*,#4401,.T.);
#4401 = EDGE_CURVE('',#4394,#4402,#4404,.T.);
#4402 = VERTEX_POINT('',#4403);
#4403 = CARTESIAN_POINT('',(120.071943,-119.281038,1.585));
#4404 = CIRCLE('',#4405,0.100000691668);
#4405 = AXIS2_PLACEMENT_3D('',#4406,#4407,#4408);
#4406 = CARTESIAN_POINT('',(120.01252897224,-119.2006009958,1.585));
#4407 = DIRECTION('',(0.,0.,-1.));
#4408 = DIRECTION('',(-0.241088054941,0.970503245623,-0.));
#4409 = ORIENTED_EDGE('',*,*,#4410,.T.);
#4410 = EDGE_CURVE('',#4402,#4411,#4413,.T.);
#4411 = VERTEX_POINT('',#4412);
#4412 = CARTESIAN_POINT('',(119.860015,-119.379632,1.585));
#4413 = LINE('',#4414,#4415);
#4414 = CARTESIAN_POINT('',(120.071943,-119.281038,1.585));
#4415 = VECTOR('',#4416,1.);
#4416 = DIRECTION('',(-0.906683747242,-0.421811074401,0.));
#4417 = ORIENTED_EDGE('',*,*,#4418,.T.);
#4418 = EDGE_CURVE('',#4411,#4419,#4421,.T.);
#4419 = VERTEX_POINT('',#4420);
#4420 = CARTESIAN_POINT('',(119.497187,-119.379632,1.585));
#4421 = LINE('',#4422,#4423);
#4422 = CARTESIAN_POINT('',(119.860015,-119.379632,1.585));
#4423 = VECTOR('',#4424,1.);
#4424 = DIRECTION('',(-1.,0.,0.));
#4425 = ORIENTED_EDGE('',*,*,#4426,.T.);
#4426 = EDGE_CURVE('',#4419,#4427,#4429,.T.);
#4427 = VERTEX_POINT('',#4428);
#4428 = CARTESIAN_POINT('',(119.469638,-119.369788,1.585));
#4429 = LINE('',#4430,#4431);
#4430 = CARTESIAN_POINT('',(119.497187,-119.379632,1.585));
#4431 = VECTOR('',#4432,1.);
#4432 = DIRECTION('',(-0.941686990895,0.336490135336,0.));
#4433 = ORIENTED_EDGE('',*,*,#4434,.T.);
#4434 = EDGE_CURVE('',#4427,#4435,#4437,.T.);
#4435 = VERTEX_POINT('',#4436);
#4436 = CARTESIAN_POINT('',(119.301542,-119.277961,1.585));
#4437 = LINE('',#4438,#4439);
#4438 = CARTESIAN_POINT('',(119.469638,-119.369788,1.585));
#4439 = VECTOR('',#4440,1.);
#4440 = DIRECTION('',(-0.877591926418,0.479408396554,0.));
#4441 = ORIENTED_EDGE('',*,*,#4442,.T.);
#4442 = EDGE_CURVE('',#4435,#4443,#4445,.T.);
#4443 = VERTEX_POINT('',#4444);
#4444 = CARTESIAN_POINT('',(119.275998,-119.245316,1.585));
#4445 = LINE('',#4446,#4447);
#4446 = CARTESIAN_POINT('',(119.301542,-119.277961,1.585));
#4447 = VECTOR('',#4448,1.);
#4448 = DIRECTION('',(-0.616244511275,0.787554888451,0.));
#4449 = ORIENTED_EDGE('',*,*,#4450,.T.);
#4450 = EDGE_CURVE('',#4443,#4451,#4453,.T.);
#4451 = VERTEX_POINT('',#4452);
#4452 = CARTESIAN_POINT('',(119.205512,-119.054867,1.585));
#4453 = LINE('',#4454,#4455);
#4454 = CARTESIAN_POINT('',(119.275998,-119.245316,1.585));
#4455 = VECTOR('',#4456,1.);
#4456 = DIRECTION('',(-0.347094944231,0.937829995089,0.));
#4457 = ORIENTED_EDGE('',*,*,#4458,.T.);
#4458 = EDGE_CURVE('',#4451,#4459,#4461,.T.);
#4459 = VERTEX_POINT('',#4460);
#4460 = CARTESIAN_POINT('',(119.204968,-119.026292,1.585));
#4461 = LINE('',#4462,#4463);
#4462 = CARTESIAN_POINT('',(119.205512,-119.054867,1.585));
#4463 = VECTOR('',#4464,1.);
#4464 = DIRECTION('',(-1.903417132336E-02,0.99981883375,0.));
#4465 = ORIENTED_EDGE('',*,*,#4466,.T.);
#4466 = EDGE_CURVE('',#4459,#4467,#4469,.T.);
#4467 = VERTEX_POINT('',#4468);
#4468 = CARTESIAN_POINT('',(119.291638,-118.355639,1.585));
#4469 = LINE('',#4470,#4471);
#4470 = CARTESIAN_POINT('',(119.204968,-119.026292,1.585));
#4471 = VECTOR('',#4472,1.);
#4472 = DIRECTION('',(0.128166435088,0.991752673259,0.));
#4473 = ORIENTED_EDGE('',*,*,#4474,.T.);
#4474 = EDGE_CURVE('',#4467,#4475,#4477,.T.);
#4475 = VERTEX_POINT('',#4476);
#4476 = CARTESIAN_POINT('',(119.413508,-118.160647,1.585));
#4477 = LINE('',#4478,#4479);
#4478 = CARTESIAN_POINT('',(119.291638,-118.355639,1.585));
#4479 = VECTOR('',#4480,1.);
#4480 = DIRECTION('',(0.529998940003,0.847998304005,0.));
#4481 = ORIENTED_EDGE('',*,*,#4482,.T.);
#4482 = EDGE_CURVE('',#4475,#4272,#4483,.T.);
#4483 = LINE('',#4484,#4485);
#4484 = CARTESIAN_POINT('',(119.413508,-118.160647,1.585));
#4485 = VECTOR('',#4486,1.);
#4486 = DIRECTION('',(0.809292175952,0.587406310779,0.));
#4487 = FACE_BOUND('',#4488,.F.);
#4488 = EDGE_LOOP('',(#4489,#4499,#4507,#4515,#4523,#4531,#4539,#4547));
#4489 = ORIENTED_EDGE('',*,*,#4490,.T.);
#4490 = EDGE_CURVE('',#4491,#4493,#4495,.T.);
#4491 = VERTEX_POINT('',#4492);
#4492 = CARTESIAN_POINT('',(120.053582,-118.299637,1.585));
#4493 = VERTEX_POINT('',#4494);
#4494 = CARTESIAN_POINT('',(119.957173,-118.24822,1.585));
#4495 = LINE('',#4496,#4497);
#4496 = CARTESIAN_POINT('',(120.053582,-118.299637,1.585));
#4497 = VECTOR('',#4498,1.);
#4498 = DIRECTION('',(-0.882357248071,0.470580159778,0.));
#4499 = ORIENTED_EDGE('',*,*,#4500,.T.);
#4500 = EDGE_CURVE('',#4493,#4501,#4503,.T.);
#4501 = VERTEX_POINT('',#4502);
#4502 = CARTESIAN_POINT('',(119.680717,-118.24822,1.585));
#4503 = LINE('',#4504,#4505);
#4504 = CARTESIAN_POINT('',(119.957173,-118.24822,1.585));
#4505 = VECTOR('',#4506,1.);
#4506 = DIRECTION('',(-1.,0.,0.));
#4507 = ORIENTED_EDGE('',*,*,#4508,.T.);
#4508 = EDGE_CURVE('',#4501,#4509,#4511,.T.);
#4509 = VERTEX_POINT('',#4510);
#4510 = CARTESIAN_POINT('',(119.555542,-118.307125,1.585));
#4511 = LINE('',#4512,#4513);
#4512 = CARTESIAN_POINT('',(119.680717,-118.24822,1.585));
#4513 = VECTOR('',#4514,1.);
#4514 = DIRECTION('',(-0.904821159449,-0.425791814638,0.));
#4515 = ORIENTED_EDGE('',*,*,#4516,.T.);
#4516 = EDGE_CURVE('',#4509,#4517,#4519,.T.);
#4517 = VERTEX_POINT('',#4518);
#4518 = CARTESIAN_POINT('',(119.48164,-118.425369,1.585));
#4519 = LINE('',#4520,#4521);
#4520 = CARTESIAN_POINT('',(119.555542,-118.307125,1.585));
#4521 = VECTOR('',#4522,1.);
#4522 = DIRECTION('',(-0.529996361444,-0.847999915599,0.));
#4523 = ORIENTED_EDGE('',*,*,#4524,.T.);
#4524 = EDGE_CURVE('',#4517,#4525,#4527,.T.);
#4525 = VERTEX_POINT('',#4526);
#4526 = CARTESIAN_POINT('',(119.461024,-118.590297,1.585));
#4527 = LINE('',#4528,#4529);
#4528 = CARTESIAN_POINT('',(119.48164,-118.425369,1.585));
#4529 = VECTOR('',#4530,1.);
#4530 = DIRECTION('',(-0.124034734589,-0.992277876714,0.));
#4531 = ORIENTED_EDGE('',*,*,#4532,.T.);
#4532 = EDGE_CURVE('',#4525,#4533,#4535,.T.);
#4533 = VERTEX_POINT('',#4534);
#4534 = CARTESIAN_POINT('',(120.08419,-118.468703,1.585));
#4535 = LINE('',#4536,#4537);
#4536 = CARTESIAN_POINT('',(119.461024,-118.590297,1.585));
#4537 = VECTOR('',#4538,1.);
#4538 = DIRECTION('',(0.981490404288,0.191511321572,0.));
#4539 = ORIENTED_EDGE('',*,*,#4540,.T.);
#4540 = EDGE_CURVE('',#4533,#4541,#4543,.T.);
#4541 = VERTEX_POINT('',#4542);
#4542 = CARTESIAN_POINT('',(120.092388,-118.403119,1.585));
#4543 = LINE('',#4544,#4545);
#4544 = CARTESIAN_POINT('',(120.08419,-118.468703,1.585));
#4545 = VECTOR('',#4546,1.);
#4546 = DIRECTION('',(0.124034734589,0.992277876714,0.));
#4547 = ORIENTED_EDGE('',*,*,#4548,.T.);
#4548 = EDGE_CURVE('',#4541,#4491,#4549,.T.);
#4549 = LINE('',#4550,#4551);
#4550 = CARTESIAN_POINT('',(120.092388,-118.403119,1.585));
#4551 = VECTOR('',#4552,1.);
#4552 = DIRECTION('',(-0.35112542476,0.936328433877,0.));
#4553 = PLANE('',#4554);
#4554 = AXIS2_PLACEMENT_3D('',#4555,#4556,#4557);
#4555 = CARTESIAN_POINT('',(0.,0.,1.585));
#4556 = DIRECTION('',(0.,0.,1.));
#4557 = DIRECTION('',(1.,0.,-0.));
#4558 = SHELL_BASED_SURFACE_MODEL('',(#4559));
#4559 = OPEN_SHELL('',(#4560));
#4560 = ADVANCED_FACE('',(#4561,#4780),#4846,.T.);
#4561 = FACE_BOUND('',#4562,.F.);
#4562 = EDGE_LOOP('',(#4563,#4573,#4581,#4589,#4597,#4605,#4613,#4621,
    #4629,#4637,#4645,#4653,#4661,#4669,#4677,#4685,#4693,#4702,#4710,
    #4718,#4726,#4734,#4742,#4750,#4758,#4766,#4774));
#4563 = ORIENTED_EDGE('',*,*,#4564,.T.);
#4564 = EDGE_CURVE('',#4565,#4567,#4569,.T.);
#4565 = VERTEX_POINT('',#4566);
#4566 = CARTESIAN_POINT('',(123.734235,-118.13869,1.585));
#4567 = VERTEX_POINT('',#4568);
#4568 = CARTESIAN_POINT('',(123.92933,-118.050141,1.585));
#4569 = LINE('',#4570,#4571);
#4570 = CARTESIAN_POINT('',(123.734235,-118.13869,1.585));
#4571 = VECTOR('',#4572,1.);
#4572 = DIRECTION('',(0.910595873575,0.41329790107,0.));
#4573 = ORIENTED_EDGE('',*,*,#4574,.T.);
#4574 = EDGE_CURVE('',#4567,#4575,#4577,.T.);
#4575 = VERTEX_POINT('',#4576);
#4576 = CARTESIAN_POINT('',(124.292157,-118.050141,1.585));
#4577 = LINE('',#4578,#4579);
#4578 = CARTESIAN_POINT('',(123.92933,-118.050141,1.585));
#4579 = VECTOR('',#4580,1.);
#4580 = DIRECTION('',(1.,0.,0.));
#4581 = ORIENTED_EDGE('',*,*,#4582,.T.);
#4582 = EDGE_CURVE('',#4575,#4583,#4585,.T.);
#4583 = VERTEX_POINT('',#4584);
#4584 = CARTESIAN_POINT('',(124.319707,-118.059985,1.585));
#4585 = LINE('',#4586,#4587);
#4586 = CARTESIAN_POINT('',(124.292157,-118.050141,1.585));
#4587 = VECTOR('',#4588,1.);
#4588 = DIRECTION('',(0.941690861015,-0.336479304386,0.));
#4589 = ORIENTED_EDGE('',*,*,#4590,.T.);
#4590 = EDGE_CURVE('',#4583,#4591,#4593,.T.);
#4591 = VERTEX_POINT('',#4592);
#4592 = CARTESIAN_POINT('',(124.487803,-118.151812,1.585));
#4593 = LINE('',#4594,#4595);
#4594 = CARTESIAN_POINT('',(124.319707,-118.059985,1.585));
#4595 = VECTOR('',#4596,1.);
#4596 = DIRECTION('',(0.877591926418,-0.479408396554,0.));
#4597 = ORIENTED_EDGE('',*,*,#4598,.T.);
#4598 = EDGE_CURVE('',#4591,#4599,#4601,.T.);
#4599 = VERTEX_POINT('',#4600);
#4600 = CARTESIAN_POINT('',(124.513345,-118.184455,1.585));
#4601 = LINE('',#4602,#4603);
#4602 = CARTESIAN_POINT('',(124.487803,-118.151812,1.585));
#4603 = VECTOR('',#4604,1.);
#4604 = DIRECTION('',(0.616238001148,-0.78755998244,0.));
#4605 = ORIENTED_EDGE('',*,*,#4606,.T.);
#4606 = EDGE_CURVE('',#4599,#4607,#4609,.T.);
#4607 = VERTEX_POINT('',#4608);
#4608 = CARTESIAN_POINT('',(124.583832,-118.374906,1.585));
#4609 = LINE('',#4610,#4611);
#4610 = CARTESIAN_POINT('',(124.513345,-118.184455,1.585));
#4611 = VECTOR('',#4612,1.);
#4612 = DIRECTION('',(0.347096069389,-0.937829578663,0.));
#4613 = ORIENTED_EDGE('',*,*,#4614,.T.);
#4614 = EDGE_CURVE('',#4607,#4615,#4617,.T.);
#4615 = VERTEX_POINT('',#4616);
#4616 = CARTESIAN_POINT('',(124.584376,-118.40348,1.585));
#4617 = LINE('',#4618,#4619);
#4618 = CARTESIAN_POINT('',(124.583832,-118.374906,1.585));
#4619 = VECTOR('',#4620,1.);
#4620 = DIRECTION('',(1.903483721805E-02,-0.999818821073,0.));
#4621 = ORIENTED_EDGE('',*,*,#4622,.T.);
#4622 = EDGE_CURVE('',#4615,#4623,#4625,.T.);
#4623 = VERTEX_POINT('',#4624);
#4624 = CARTESIAN_POINT('',(124.557918,-118.587834,1.585));
#4625 = LINE('',#4626,#4627);
#4626 = CARTESIAN_POINT('',(124.584376,-118.40348,1.585));
#4627 = VECTOR('',#4628,1.);
#4628 = DIRECTION('',(-0.142061780537,-0.989857793075,0.));
#4629 = ORIENTED_EDGE('',*,*,#4630,.T.);
#4630 = EDGE_CURVE('',#4623,#4631,#4633,.T.);
#4631 = VERTEX_POINT('',#4632);
#4632 = CARTESIAN_POINT('',(124.535362,-118.623949,1.585));
#4633 = LINE('',#4634,#4635);
#4634 = CARTESIAN_POINT('',(124.557918,-118.587834,1.585));
#4635 = VECTOR('',#4636,1.);
#4636 = DIRECTION('',(-0.529730813492,-0.848165824139,0.));
#4637 = ORIENTED_EDGE('',*,*,#4638,.T.);
#4638 = EDGE_CURVE('',#4631,#4639,#4641,.T.);
#4639 = VERTEX_POINT('',#4640);
#4640 = CARTESIAN_POINT('',(124.502841,-118.645508,1.585));
#4641 = LINE('',#4642,#4643);
#4642 = CARTESIAN_POINT('',(124.535362,-118.623949,1.585));
#4643 = VECTOR('',#4644,1.);
#4644 = DIRECTION('',(-0.833486671077,-0.552539563413,0.));
#4645 = ORIENTED_EDGE('',*,*,#4646,.T.);
#4646 = EDGE_CURVE('',#4639,#4647,#4649,.T.);
#4647 = VERTEX_POINT('',#4648);
#4648 = CARTESIAN_POINT('',(123.725392,-118.799163,1.585));
#4649 = LINE('',#4650,#4651);
#4650 = CARTESIAN_POINT('',(124.502841,-118.645508,1.585));
#4651 = VECTOR('',#4652,1.);
#4652 = DIRECTION('',(-0.981023387278,-0.19388943657,0.));
#4653 = ORIENTED_EDGE('',*,*,#4654,.T.);
#4654 = EDGE_CURVE('',#4647,#4655,#4657,.T.);
#4655 = VERTEX_POINT('',#4656);
#4656 = CARTESIAN_POINT('',(123.696955,-119.026653,1.585));
#4657 = LINE('',#4658,#4659);
#4658 = CARTESIAN_POINT('',(123.725392,-118.799163,1.585));
#4659 = VECTOR('',#4660,1.);
#4660 = DIRECTION('',(-0.124037955648,-0.992277474076,0.));
#4661 = ORIENTED_EDGE('',*,*,#4662,.T.);
#4662 = EDGE_CURVE('',#4655,#4663,#4665,.T.);
#4663 = VERTEX_POINT('',#4664);
#4664 = CARTESIAN_POINT('',(123.735761,-119.130134,1.585));
#4665 = LINE('',#4666,#4667);
#4666 = CARTESIAN_POINT('',(123.696955,-119.026653,1.585));
#4667 = VECTOR('',#4668,1.);
#4668 = DIRECTION('',(0.351128399557,-0.936327318316,0.));
#4669 = ORIENTED_EDGE('',*,*,#4670,.T.);
#4670 = EDGE_CURVE('',#4663,#4671,#4673,.T.);
#4671 = VERTEX_POINT('',#4672);
#4672 = CARTESIAN_POINT('',(123.832171,-119.181553,1.585));
#4673 = LINE('',#4674,#4675);
#4674 = CARTESIAN_POINT('',(123.735761,-119.130134,1.585));
#4675 = VECTOR('',#4676,1.);
#4676 = DIRECTION('',(0.88235167445,-0.470590610399,0.));
#4677 = ORIENTED_EDGE('',*,*,#4678,.T.);
#4678 = EDGE_CURVE('',#4671,#4679,#4681,.T.);
#4679 = VERTEX_POINT('',#4680);
#4680 = CARTESIAN_POINT('',(124.108628,-119.181553,1.585));
#4681 = LINE('',#4682,#4683);
#4682 = CARTESIAN_POINT('',(123.832171,-119.181553,1.585));
#4683 = VECTOR('',#4684,1.);
#4684 = DIRECTION('',(1.,0.,0.));
#4685 = ORIENTED_EDGE('',*,*,#4686,.T.);
#4686 = EDGE_CURVE('',#4679,#4687,#4689,.T.);
#4687 = VERTEX_POINT('',#4688);
#4688 = CARTESIAN_POINT('',(124.278896,-119.10355,1.585));
#4689 = LINE('',#4690,#4691);
#4690 = CARTESIAN_POINT('',(124.108628,-119.181553,1.585));
#4691 = VECTOR('',#4692,1.);
#4692 = DIRECTION('',(0.909138626426,0.416493646939,0.));
#4693 = ORIENTED_EDGE('',*,*,#4694,.T.);
#4694 = EDGE_CURVE('',#4687,#4695,#4697,.T.);
#4695 = VERTEX_POINT('',#4696);
#4696 = CARTESIAN_POINT('',(124.362419,-119.281038,1.585));
#4697 = CIRCLE('',#4698,0.100000691668);
#4698 = AXIS2_PLACEMENT_3D('',#4699,#4700,#4701);
#4699 = CARTESIAN_POINT('',(124.30300497224,-119.2006009958,1.585));
#4700 = DIRECTION('',(0.,0.,-1.));
#4701 = DIRECTION('',(-0.24108805494,0.970503245623,-0.));
#4702 = ORIENTED_EDGE('',*,*,#4703,.T.);
#4703 = EDGE_CURVE('',#4695,#4704,#4706,.T.);
#4704 = VERTEX_POINT('',#4705);
#4705 = CARTESIAN_POINT('',(124.150491,-119.379632,1.585));
#4706 = LINE('',#4707,#4708);
#4707 = CARTESIAN_POINT('',(124.362419,-119.281038,1.585));
#4708 = VECTOR('',#4709,1.);
#4709 = DIRECTION('',(-0.906683747242,-0.421811074401,0.));
#4710 = ORIENTED_EDGE('',*,*,#4711,.T.);
#4711 = EDGE_CURVE('',#4704,#4712,#4714,.T.);
#4712 = VERTEX_POINT('',#4713);
#4713 = CARTESIAN_POINT('',(123.787663,-119.379632,1.585));
#4714 = LINE('',#4715,#4716);
#4715 = CARTESIAN_POINT('',(124.150491,-119.379632,1.585));
#4716 = VECTOR('',#4717,1.);
#4717 = DIRECTION('',(-1.,0.,0.));
#4718 = ORIENTED_EDGE('',*,*,#4719,.T.);
#4719 = EDGE_CURVE('',#4712,#4720,#4722,.T.);
#4720 = VERTEX_POINT('',#4721);
#4721 = CARTESIAN_POINT('',(123.760114,-119.369788,1.585));
#4722 = LINE('',#4723,#4724);
#4723 = CARTESIAN_POINT('',(123.787663,-119.379632,1.585));
#4724 = VECTOR('',#4725,1.);
#4725 = DIRECTION('',(-0.941686990895,0.336490135336,0.));
#4726 = ORIENTED_EDGE('',*,*,#4727,.T.);
#4727 = EDGE_CURVE('',#4720,#4728,#4730,.T.);
#4728 = VERTEX_POINT('',#4729);
#4729 = CARTESIAN_POINT('',(123.592018,-119.277961,1.585));
#4730 = LINE('',#4731,#4732);
#4731 = CARTESIAN_POINT('',(123.760114,-119.369788,1.585));
#4732 = VECTOR('',#4733,1.);
#4733 = DIRECTION('',(-0.877591926418,0.479408396554,0.));
#4734 = ORIENTED_EDGE('',*,*,#4735,.T.);
#4735 = EDGE_CURVE('',#4728,#4736,#4738,.T.);
#4736 = VERTEX_POINT('',#4737);
#4737 = CARTESIAN_POINT('',(123.566474,-119.245316,1.585));
#4738 = LINE('',#4739,#4740);
#4739 = CARTESIAN_POINT('',(123.592018,-119.277961,1.585));
#4740 = VECTOR('',#4741,1.);
#4741 = DIRECTION('',(-0.616244511275,0.787554888451,0.));
#4742 = ORIENTED_EDGE('',*,*,#4743,.T.);
#4743 = EDGE_CURVE('',#4736,#4744,#4746,.T.);
#4744 = VERTEX_POINT('',#4745);
#4745 = CARTESIAN_POINT('',(123.495988,-119.054867,1.585));
#4746 = LINE('',#4747,#4748);
#4747 = CARTESIAN_POINT('',(123.566474,-119.245316,1.585));
#4748 = VECTOR('',#4749,1.);
#4749 = DIRECTION('',(-0.347094944231,0.937829995089,0.));
#4750 = ORIENTED_EDGE('',*,*,#4751,.T.);
#4751 = EDGE_CURVE('',#4744,#4752,#4754,.T.);
#4752 = VERTEX_POINT('',#4753);
#4753 = CARTESIAN_POINT('',(123.495444,-119.026292,1.585));
#4754 = LINE('',#4755,#4756);
#4755 = CARTESIAN_POINT('',(123.495988,-119.054867,1.585));
#4756 = VECTOR('',#4757,1.);
#4757 = DIRECTION('',(-1.903417132287E-02,0.99981883375,0.));
#4758 = ORIENTED_EDGE('',*,*,#4759,.T.);
#4759 = EDGE_CURVE('',#4752,#4760,#4762,.T.);
#4760 = VERTEX_POINT('',#4761);
#4761 = CARTESIAN_POINT('',(123.582114,-118.355639,1.585));
#4762 = LINE('',#4763,#4764);
#4763 = CARTESIAN_POINT('',(123.495444,-119.026292,1.585));
#4764 = VECTOR('',#4765,1.);
#4765 = DIRECTION('',(0.128166435088,0.991752673259,0.));
#4766 = ORIENTED_EDGE('',*,*,#4767,.T.);
#4767 = EDGE_CURVE('',#4760,#4768,#4770,.T.);
#4768 = VERTEX_POINT('',#4769);
#4769 = CARTESIAN_POINT('',(123.703984,-118.160647,1.585));
#4770 = LINE('',#4771,#4772);
#4771 = CARTESIAN_POINT('',(123.582114,-118.355639,1.585));
#4772 = VECTOR('',#4773,1.);
#4773 = DIRECTION('',(0.529998940003,0.847998304005,0.));
#4774 = ORIENTED_EDGE('',*,*,#4775,.T.);
#4775 = EDGE_CURVE('',#4768,#4565,#4776,.T.);
#4776 = LINE('',#4777,#4778);
#4777 = CARTESIAN_POINT('',(123.703984,-118.160647,1.585));
#4778 = VECTOR('',#4779,1.);
#4779 = DIRECTION('',(0.809292175952,0.587406310779,0.));
#4780 = FACE_BOUND('',#4781,.F.);
#4781 = EDGE_LOOP('',(#4782,#4792,#4800,#4808,#4816,#4824,#4832,#4840));
#4782 = ORIENTED_EDGE('',*,*,#4783,.T.);
#4783 = EDGE_CURVE('',#4784,#4786,#4788,.T.);
#4784 = VERTEX_POINT('',#4785);
#4785 = CARTESIAN_POINT('',(124.344058,-118.299637,1.585));
#4786 = VERTEX_POINT('',#4787);
#4787 = CARTESIAN_POINT('',(124.247649,-118.24822,1.585));
#4788 = LINE('',#4789,#4790);
#4789 = CARTESIAN_POINT('',(124.344058,-118.299637,1.585));
#4790 = VECTOR('',#4791,1.);
#4791 = DIRECTION('',(-0.882357248071,0.470580159778,0.));
#4792 = ORIENTED_EDGE('',*,*,#4793,.T.);
#4793 = EDGE_CURVE('',#4786,#4794,#4796,.T.);
#4794 = VERTEX_POINT('',#4795);
#4795 = CARTESIAN_POINT('',(123.971193,-118.24822,1.585));
#4796 = LINE('',#4797,#4798);
#4797 = CARTESIAN_POINT('',(124.247649,-118.24822,1.585));
#4798 = VECTOR('',#4799,1.);
#4799 = DIRECTION('',(-1.,0.,0.));
#4800 = ORIENTED_EDGE('',*,*,#4801,.T.);
#4801 = EDGE_CURVE('',#4794,#4802,#4804,.T.);
#4802 = VERTEX_POINT('',#4803);
#4803 = CARTESIAN_POINT('',(123.846018,-118.307125,1.585));
#4804 = LINE('',#4805,#4806);
#4805 = CARTESIAN_POINT('',(123.971193,-118.24822,1.585));
#4806 = VECTOR('',#4807,1.);
#4807 = DIRECTION('',(-0.904821159449,-0.425791814638,0.));
#4808 = ORIENTED_EDGE('',*,*,#4809,.T.);
#4809 = EDGE_CURVE('',#4802,#4810,#4812,.T.);
#4810 = VERTEX_POINT('',#4811);
#4811 = CARTESIAN_POINT('',(123.772116,-118.425369,1.585));
#4812 = LINE('',#4813,#4814);
#4813 = CARTESIAN_POINT('',(123.846018,-118.307125,1.585));
#4814 = VECTOR('',#4815,1.);
#4815 = DIRECTION('',(-0.529996361444,-0.847999915599,0.));
#4816 = ORIENTED_EDGE('',*,*,#4817,.T.);
#4817 = EDGE_CURVE('',#4810,#4818,#4820,.T.);
#4818 = VERTEX_POINT('',#4819);
#4819 = CARTESIAN_POINT('',(123.7515,-118.590297,1.585));
#4820 = LINE('',#4821,#4822);
#4821 = CARTESIAN_POINT('',(123.772116,-118.425369,1.585));
#4822 = VECTOR('',#4823,1.);
#4823 = DIRECTION('',(-0.124034734589,-0.992277876714,0.));
#4824 = ORIENTED_EDGE('',*,*,#4825,.T.);
#4825 = EDGE_CURVE('',#4818,#4826,#4828,.T.);
#4826 = VERTEX_POINT('',#4827);
#4827 = CARTESIAN_POINT('',(124.374666,-118.468703,1.585));
#4828 = LINE('',#4829,#4830);
#4829 = CARTESIAN_POINT('',(123.7515,-118.590297,1.585));
#4830 = VECTOR('',#4831,1.);
#4831 = DIRECTION('',(0.981490404288,0.191511321572,0.));
#4832 = ORIENTED_EDGE('',*,*,#4833,.T.);
#4833 = EDGE_CURVE('',#4826,#4834,#4836,.T.);
#4834 = VERTEX_POINT('',#4835);
#4835 = CARTESIAN_POINT('',(124.382864,-118.403119,1.585));
#4836 = LINE('',#4837,#4838);
#4837 = CARTESIAN_POINT('',(124.374666,-118.468703,1.585));
#4838 = VECTOR('',#4839,1.);
#4839 = DIRECTION('',(0.124034734589,0.992277876714,0.));
#4840 = ORIENTED_EDGE('',*,*,#4841,.T.);
#4841 = EDGE_CURVE('',#4834,#4784,#4842,.T.);
#4842 = LINE('',#4843,#4844);
#4843 = CARTESIAN_POINT('',(124.382864,-118.403119,1.585));
#4844 = VECTOR('',#4845,1.);
#4845 = DIRECTION('',(-0.35112542476,0.936328433877,0.));
#4846 = PLANE('',#4847);
#4847 = AXIS2_PLACEMENT_3D('',#4848,#4849,#4850);
#4848 = CARTESIAN_POINT('',(0.,0.,1.585));
#4849 = DIRECTION('',(0.,0.,1.));
#4850 = DIRECTION('',(1.,0.,-0.));
#4851 = SHELL_BASED_SURFACE_MODEL('',(#4852));
#4852 = OPEN_SHELL('',(#4853));
#4853 = ADVANCED_FACE('',(#4854,#5016),#5086,.T.);
#4854 = FACE_BOUND('',#4855,.F.);
#4855 = EDGE_LOOP('',(#4856,#4866,#4874,#4882,#4890,#4898,#4906,#4914,
    #4922,#4930,#4938,#4946,#4954,#4962,#4970,#4978,#4986,#4994,#5002,
    #5010));
#4856 = ORIENTED_EDGE('',*,*,#4857,.T.);
#4857 = EDGE_CURVE('',#4858,#4860,#4862,.T.);
#4858 = VERTEX_POINT('',#4859);
#4859 = CARTESIAN_POINT('',(126.561799,-118.142132,1.585));
#4860 = VERTEX_POINT('',#4861);
#4861 = CARTESIAN_POINT('',(126.762663,-118.050141,1.585));
#4862 = LINE('',#4863,#4864);
#4863 = CARTESIAN_POINT('',(126.561799,-118.142132,1.585));
#4864 = VECTOR('',#4865,1.);
#4865 = DIRECTION('',(0.909187651647,0.416386616131,0.));
#4866 = ORIENTED_EDGE('',*,*,#4867,.T.);
#4867 = EDGE_CURVE('',#4860,#4868,#4870,.T.);
#4868 = VERTEX_POINT('',#4869);
#4869 = CARTESIAN_POINT('',(127.044538,-118.050141,1.585));
#4870 = LINE('',#4871,#4872);
#4871 = CARTESIAN_POINT('',(126.762663,-118.050141,1.585));
#4872 = VECTOR('',#4873,1.);
#4873 = DIRECTION('',(1.,0.,0.));
#4874 = ORIENTED_EDGE('',*,*,#4875,.T.);
#4875 = EDGE_CURVE('',#4868,#4876,#4878,.T.);
#4876 = VERTEX_POINT('',#4877);
#4877 = CARTESIAN_POINT('',(127.072088,-118.059985,1.585));
#4878 = LINE('',#4879,#4880);
#4879 = CARTESIAN_POINT('',(127.044538,-118.050141,1.585));
#4880 = VECTOR('',#4881,1.);
#4881 = DIRECTION('',(0.941690861015,-0.336479304386,0.));
#4882 = ORIENTED_EDGE('',*,*,#4883,.T.);
#4883 = EDGE_CURVE('',#4876,#4884,#4886,.T.);
#4884 = VERTEX_POINT('',#4885);
#4885 = CARTESIAN_POINT('',(127.241443,-118.153344,1.585));
#4886 = LINE('',#4887,#4888);
#4887 = CARTESIAN_POINT('',(127.072088,-118.059985,1.585));
#4888 = VECTOR('',#4889,1.);
#4889 = DIRECTION('',(0.875748760351,-0.482767137183,0.));
#4890 = ORIENTED_EDGE('',*,*,#4891,.T.);
#4891 = EDGE_CURVE('',#4884,#4892,#4894,.T.);
#4892 = VERTEX_POINT('',#4893);
#4893 = CARTESIAN_POINT('',(127.33496,-118.262155,1.585));
#4894 = LINE('',#4895,#4896);
#4895 = CARTESIAN_POINT('',(127.241443,-118.153344,1.585));
#4896 = VECTOR('',#4897,1.);
#4897 = DIRECTION('',(0.651796998518,-0.758393481461,0.));
#4898 = ORIENTED_EDGE('',*,*,#4899,.T.);
#4899 = EDGE_CURVE('',#4892,#4900,#4902,.T.);
#4900 = VERTEX_POINT('',#4901);
#4901 = CARTESIAN_POINT('',(127.407047,-118.455858,1.585));
#4902 = LINE('',#4903,#4904);
#4903 = CARTESIAN_POINT('',(127.33496,-118.262155,1.585));
#4904 = VECTOR('',#4905,1.);
#4905 = DIRECTION('',(0.348782437569,-0.937203719179,0.));
#4906 = ORIENTED_EDGE('',*,*,#4907,.T.);
#4907 = EDGE_CURVE('',#4900,#4908,#4910,.T.);
#4908 = VERTEX_POINT('',#4909);
#4909 = CARTESIAN_POINT('',(127.407591,-118.484433,1.585));
#4910 = LINE('',#4911,#4912);
#4911 = CARTESIAN_POINT('',(127.407047,-118.455858,1.585));
#4912 = VECTOR('',#4913,1.);
#4913 = DIRECTION('',(1.903417132288E-02,-0.99981883375,0.));
#4914 = ORIENTED_EDGE('',*,*,#4915,.T.);
#4915 = EDGE_CURVE('',#4908,#4916,#4918,.T.);
#4916 = VERTEX_POINT('',#4917);
#4917 = CARTESIAN_POINT('',(127.341159,-118.993181,1.585));
#4918 = LINE('',#4919,#4920);
#4919 = CARTESIAN_POINT('',(127.407591,-118.484433,1.585));
#4920 = VECTOR('',#4921,1.);
#4921 = DIRECTION('',(-0.129480167415,-0.991582011861,0.));
#4922 = ORIENTED_EDGE('',*,*,#4923,.T.);
#4923 = EDGE_CURVE('',#4916,#4924,#4926,.T.);
#4924 = VERTEX_POINT('',#4925);
#4925 = CARTESIAN_POINT('',(127.217381,-119.189533,1.585));
#4926 = LINE('',#4927,#4928);
#4927 = CARTESIAN_POINT('',(127.341159,-118.993181,1.585));
#4928 = VECTOR('',#4929,1.);
#4929 = DIRECTION('',(-0.53327277416,-0.845943348186,0.));
#4930 = ORIENTED_EDGE('',*,*,#4931,.T.);
#4931 = EDGE_CURVE('',#4924,#4932,#4934,.T.);
#4932 = VERTEX_POINT('',#4933);
#4933 = CARTESIAN_POINT('',(127.103734,-119.28764,1.585));
#4934 = LINE('',#4935,#4936);
#4935 = CARTESIAN_POINT('',(127.217381,-119.189533,1.585));
#4936 = VECTOR('',#4937,1.);
#4937 = DIRECTION('',(-0.75696362075,-0.653457019903,0.));
#4938 = ORIENTED_EDGE('',*,*,#4939,.T.);
#4939 = EDGE_CURVE('',#4932,#4940,#4942,.T.);
#4940 = VERTEX_POINT('',#4941);
#4941 = CARTESIAN_POINT('',(126.902872,-119.379632,1.585));
#4942 = LINE('',#4943,#4944);
#4943 = CARTESIAN_POINT('',(127.103734,-119.28764,1.585));
#4944 = VECTOR('',#4945,1.);
#4945 = DIRECTION('',(-0.909184368479,-0.416393784913,0.));
#4946 = ORIENTED_EDGE('',*,*,#4947,.T.);
#4947 = EDGE_CURVE('',#4940,#4948,#4950,.T.);
#4948 = VERTEX_POINT('',#4949);
#4949 = CARTESIAN_POINT('',(126.620997,-119.379632,1.585));
#4950 = LINE('',#4951,#4952);
#4951 = CARTESIAN_POINT('',(126.902872,-119.379632,1.585));
#4952 = VECTOR('',#4953,1.);
#4953 = DIRECTION('',(-1.,0.,0.));
#4954 = ORIENTED_EDGE('',*,*,#4955,.T.);
#4955 = EDGE_CURVE('',#4948,#4956,#4958,.T.);
#4956 = VERTEX_POINT('',#4957);
#4957 = CARTESIAN_POINT('',(126.593448,-119.369788,1.585));
#4958 = LINE('',#4959,#4960);
#4959 = CARTESIAN_POINT('',(126.620997,-119.379632,1.585));
#4960 = VECTOR('',#4961,1.);
#4961 = DIRECTION('',(-0.941686990895,0.336490135336,0.));
#4962 = ORIENTED_EDGE('',*,*,#4963,.T.);
#4963 = EDGE_CURVE('',#4956,#4964,#4966,.T.);
#4964 = VERTEX_POINT('',#4965);
#4965 = CARTESIAN_POINT('',(126.424098,-119.276437,1.585));
#4966 = LINE('',#4967,#4968);
#4967 = CARTESIAN_POINT('',(126.593448,-119.369788,1.585));
#4968 = VECTOR('',#4969,1.);
#4969 = DIRECTION('',(-0.87576022458,0.48274634027,0.));
#4970 = ORIENTED_EDGE('',*,*,#4971,.T.);
#4971 = EDGE_CURVE('',#4964,#4972,#4974,.T.);
#4972 = VERTEX_POINT('',#4973);
#4973 = CARTESIAN_POINT('',(126.330569,-119.167607,1.585));
#4974 = LINE('',#4975,#4976);
#4975 = CARTESIAN_POINT('',(126.424098,-119.276437,1.585));
#4976 = VECTOR('',#4977,1.);
#4977 = DIRECTION('',(-0.651779645303,0.758408395239,0.));
#4978 = ORIENTED_EDGE('',*,*,#4979,.T.);
#4979 = EDGE_CURVE('',#4972,#4980,#4982,.T.);
#4980 = VERTEX_POINT('',#4981);
#4981 = CARTESIAN_POINT('',(126.258488,-118.973914,1.585));
#4982 = LINE('',#4983,#4984);
#4983 = CARTESIAN_POINT('',(126.330569,-119.167607,1.585));
#4984 = VECTOR('',#4985,1.);
#4985 = DIRECTION('',(-0.348772754001,0.937207322883,0.));
#4986 = ORIENTED_EDGE('',*,*,#4987,.T.);
#4987 = EDGE_CURVE('',#4980,#4988,#4990,.T.);
#4988 = VERTEX_POINT('',#4989);
#4989 = CARTESIAN_POINT('',(126.257944,-118.94534,1.585));
#4990 = LINE('',#4991,#4992);
#4991 = CARTESIAN_POINT('',(126.258488,-118.973914,1.585));
#4992 = VECTOR('',#4993,1.);
#4993 = DIRECTION('',(-1.903483721806E-02,0.999818821073,0.));
#4994 = ORIENTED_EDGE('',*,*,#4995,.T.);
#4995 = EDGE_CURVE('',#4988,#4996,#4998,.T.);
#4996 = VERTEX_POINT('',#4997);
#4997 = CARTESIAN_POINT('',(126.324375,-118.436591,1.585));
#4998 = LINE('',#4999,#5000);
#4999 = CARTESIAN_POINT('',(126.257944,-118.94534,1.585));
#5000 = VECTOR('',#5001,1.);
#5001 = DIRECTION('',(0.129478000791,0.991582294775,0.));
#5002 = ORIENTED_EDGE('',*,*,#5003,.T.);
#5003 = EDGE_CURVE('',#4996,#5004,#5006,.T.);
#5004 = VERTEX_POINT('',#5005);
#5005 = CARTESIAN_POINT('',(126.448153,-118.240238,1.585));
#5006 = LINE('',#5007,#5008);
#5007 = CARTESIAN_POINT('',(126.324375,-118.436591,1.585));
#5008 = VECTOR('',#5009,1.);
#5009 = DIRECTION('',(0.533270830611,0.845944573373,0.));
#5010 = ORIENTED_EDGE('',*,*,#5011,.T.);
#5011 = EDGE_CURVE('',#5004,#4858,#5012,.T.);
#5012 = LINE('',#5013,#5014);
#5013 = CARTESIAN_POINT('',(126.448153,-118.240238,1.585));
#5014 = VECTOR('',#5015,1.);
#5015 = DIRECTION('',(0.756964071262,0.653456498031,0.));
#5016 = FACE_BOUND('',#5017,.F.);
#5017 = EDGE_LOOP('',(#5018,#5029,#5037,#5046,#5054,#5063,#5071,#5080));
#5018 = ORIENTED_EDGE('',*,*,#5019,.T.);
#5019 = EDGE_CURVE('',#5020,#5022,#5024,.T.);
#5020 = VERTEX_POINT('',#5021);
#5021 = CARTESIAN_POINT('',(127.206078,-118.484072,1.585));
#5022 = VERTEX_POINT('',#5023);
#5023 = CARTESIAN_POINT('',(127.00003,-118.24822,1.585));
#5024 = CIRCLE('',#5025,0.279852517911);
#5025 = AXIS2_PLACEMENT_3D('',#5026,#5027,#5028);
#5026 = CARTESIAN_POINT('',(126.92838177988,-118.5187453487,1.585));
#5027 = DIRECTION('',(0.,0.,1.));
#5028 = DIRECTION('',(0.992294877981,0.123898648633,-0.));
#5029 = ORIENTED_EDGE('',*,*,#5030,.T.);
#5030 = EDGE_CURVE('',#5022,#5031,#5033,.T.);
#5031 = VERTEX_POINT('',#5032);
#5032 = CARTESIAN_POINT('',(126.804526,-118.24822,1.585));
#5033 = LINE('',#5034,#5035);
#5034 = CARTESIAN_POINT('',(127.00003,-118.24822,1.585));
#5035 = VECTOR('',#5036,1.);
#5036 = DIRECTION('',(-1.,0.,0.));
#5037 = ORIENTED_EDGE('',*,*,#5038,.T.);
#5038 = EDGE_CURVE('',#5031,#5039,#5041,.T.);
#5039 = VERTEX_POINT('',#5040);
#5040 = CARTESIAN_POINT('',(126.514377,-118.506322,1.585));
#5041 = CIRCLE('',#5042,0.432774326289);
#5042 = AXIS2_PLACEMENT_3D('',#5043,#5044,#5045);
#5043 = CARTESIAN_POINT('',(126.91651574222,-118.6662533899,1.585));
#5044 = DIRECTION('',(0.,0.,1.));
#5045 = DIRECTION('',(-0.258771686349,0.965938514784,0.));
#5046 = ORIENTED_EDGE('',*,*,#5047,.T.);
#5047 = EDGE_CURVE('',#5039,#5048,#5050,.T.);
#5048 = VERTEX_POINT('',#5049);
#5049 = CARTESIAN_POINT('',(126.459455,-118.945699,1.585));
#5050 = LINE('',#5051,#5052);
#5051 = CARTESIAN_POINT('',(126.514377,-118.506322,1.585));
#5052 = VECTOR('',#5053,1.);
#5053 = DIRECTION('',(-0.124034456635,-0.992277911458,0.));
#5054 = ORIENTED_EDGE('',*,*,#5055,.T.);
#5055 = EDGE_CURVE('',#5048,#5056,#5058,.T.);
#5056 = VERTEX_POINT('',#5057);
#5057 = CARTESIAN_POINT('',(126.665505,-119.181553,1.585));
#5058 = CIRCLE('',#5059,0.279861702153);
#5059 = AXIS2_PLACEMENT_3D('',#5060,#5061,#5062);
#5060 = CARTESIAN_POINT('',(126.73715975517,-118.9110198811,1.585));
#5061 = DIRECTION('',(0.,0.,1.));
#5062 = DIRECTION('',(-0.992292811202,-0.123915200183,0.));
#5063 = ORIENTED_EDGE('',*,*,#5064,.T.);
#5064 = EDGE_CURVE('',#5056,#5065,#5067,.T.);
#5065 = VERTEX_POINT('',#5066);
#5066 = CARTESIAN_POINT('',(126.861009,-119.181553,1.585));
#5067 = LINE('',#5068,#5069);
#5068 = CARTESIAN_POINT('',(126.665505,-119.181553,1.585));
#5069 = VECTOR('',#5070,1.);
#5070 = DIRECTION('',(1.,0.,0.));
#5071 = ORIENTED_EDGE('',*,*,#5072,.T.);
#5072 = EDGE_CURVE('',#5065,#5073,#5075,.T.);
#5073 = VERTEX_POINT('',#5074);
#5074 = CARTESIAN_POINT('',(127.151156,-118.92345,1.585));
#5075 = CIRCLE('',#5076,0.432781177603);
#5076 = AXIS2_PLACEMENT_3D('',#5077,#5078,#5079);
#5077 = CARTESIAN_POINT('',(126.74901147887,-118.7635146011,1.585));
#5078 = DIRECTION('',(0.,0.,1.));
#5079 = DIRECTION('',(0.25878556397,-0.96593479691,0.));
#5080 = ORIENTED_EDGE('',*,*,#5081,.T.);
#5081 = EDGE_CURVE('',#5073,#5020,#5082,.T.);
#5082 = LINE('',#5083,#5084);
#5083 = CARTESIAN_POINT('',(127.151156,-118.92345,1.585));
#5084 = VECTOR('',#5085,1.);
#5085 = DIRECTION('',(0.124034178683,0.992277946202,0.));
#5086 = PLANE('',#5087);
#5087 = AXIS2_PLACEMENT_3D('',#5088,#5089,#5090);
#5088 = CARTESIAN_POINT('',(0.,0.,1.585));
#5089 = DIRECTION('',(0.,0.,1.));
#5090 = DIRECTION('',(1.,0.,-0.));
#5091 = SHELL_BASED_SURFACE_MODEL('',(#5092));
#5092 = OPEN_SHELL('',(#5093));
#5093 = ADVANCED_FACE('',(#5094),#5276,.T.);
#5094 = FACE_BOUND('',#5095,.F.);
#5095 = EDGE_LOOP('',(#5096,#5107,#5115,#5123,#5132,#5140,#5148,#5156,
    #5164,#5172,#5181,#5189,#5197,#5205,#5213,#5221,#5229,#5237,#5245,
    #5254,#5262,#5270));
#5096 = ORIENTED_EDGE('',*,*,#5097,.T.);
#5097 = EDGE_CURVE('',#5098,#5100,#5102,.T.);
#5098 = VERTEX_POINT('',#5099);
#5099 = CARTESIAN_POINT('',(134.144058,-117.516112,1.585));
#5100 = VERTEX_POINT('',#5101);
#5101 = CARTESIAN_POINT('',(134.319413,-117.574359,1.585));
#5102 = CIRCLE('',#5103,9.999961819396E-02);
#5103 = AXIS2_PLACEMENT_3D('',#5104,#5105,#5106);
#5104 = CARTESIAN_POINT('',(134.21967240962,-117.5815519319,1.585));
#5105 = DIRECTION('',(0.,0.,-1.));
#5106 = DIRECTION('',(-0.756146983252,0.654401818243,0.));
#5107 = ORIENTED_EDGE('',*,*,#5108,.T.);
#5108 = EDGE_CURVE('',#5100,#5109,#5111,.T.);
#5109 = VERTEX_POINT('',#5110);
#5110 = CARTESIAN_POINT('',(134.262117,-118.04822,1.585));
#5111 = LINE('',#5112,#5113);
#5112 = CARTESIAN_POINT('',(134.319413,-117.574359,1.585));
#5113 = VECTOR('',#5114,1.);
#5114 = DIRECTION('',(-0.120038796537,-0.992769201439,0.));
#5115 = ORIENTED_EDGE('',*,*,#5116,.T.);
#5116 = EDGE_CURVE('',#5109,#5117,#5119,.T.);
#5117 = VERTEX_POINT('',#5118);
#5118 = CARTESIAN_POINT('',(134.57311,-118.050141,1.585));
#5119 = LINE('',#5120,#5121);
#5120 = CARTESIAN_POINT('',(134.262117,-118.04822,1.585));
#5121 = VECTOR('',#5122,1.);
#5122 = DIRECTION('',(0.999980922956,-6.176870067797E-03,0.));
#5123 = ORIENTED_EDGE('',*,*,#5124,.T.);
#5124 = EDGE_CURVE('',#5117,#5125,#5127,.T.);
#5125 = VERTEX_POINT('',#5126);
#5126 = CARTESIAN_POINT('',(134.57311,-118.246299,1.585));
#5127 = CIRCLE('',#5128,0.100000456609);
#5128 = AXIS2_PLACEMENT_3D('',#5129,#5130,#5131);
#5129 = CARTESIAN_POINT('',(134.553601,-118.14822,1.585));
#5130 = DIRECTION('',(0.,0.,-1.));
#5131 = DIRECTION('',(0.195089109206,0.980785521645,0.));
#5132 = ORIENTED_EDGE('',*,*,#5133,.T.);
#5133 = EDGE_CURVE('',#5125,#5134,#5136,.T.);
#5134 = VERTEX_POINT('',#5135);
#5135 = CARTESIAN_POINT('',(134.237117,-118.24822,1.585));
#5136 = LINE('',#5137,#5138);
#5137 = CARTESIAN_POINT('',(134.57311,-118.246299,1.585));
#5138 = VECTOR('',#5139,1.);
#5139 = DIRECTION('',(-0.999983656178,-5.717287573038E-03,0.));
#5140 = ORIENTED_EDGE('',*,*,#5141,.T.);
#5141 = EDGE_CURVE('',#5134,#5142,#5144,.T.);
#5142 = VERTEX_POINT('',#5143);
#5143 = CARTESIAN_POINT('',(134.139813,-119.026652,1.585));
#5144 = LINE('',#5145,#5146);
#5145 = CARTESIAN_POINT('',(134.237117,-118.24822,1.585));
#5146 = VECTOR('',#5147,1.);
#5147 = DIRECTION('',(-0.124034734589,-0.992277876714,0.));
#5148 = ORIENTED_EDGE('',*,*,#5149,.T.);
#5149 = EDGE_CURVE('',#5142,#5150,#5152,.T.);
#5150 = VERTEX_POINT('',#5151);
#5151 = CARTESIAN_POINT('',(134.178619,-119.130134,1.585));
#5152 = LINE('',#5153,#5154);
#5153 = CARTESIAN_POINT('',(134.139813,-119.026652,1.585));
#5154 = VECTOR('',#5155,1.);
#5155 = DIRECTION('',(0.35112542476,-0.936328433877,0.));
#5156 = ORIENTED_EDGE('',*,*,#5157,.T.);
#5157 = EDGE_CURVE('',#5150,#5158,#5160,.T.);
#5158 = VERTEX_POINT('',#5159);
#5159 = CARTESIAN_POINT('',(134.275029,-119.181553,1.585));
#5160 = LINE('',#5161,#5162);
#5161 = CARTESIAN_POINT('',(134.178619,-119.130134,1.585));
#5162 = VECTOR('',#5163,1.);
#5163 = DIRECTION('',(0.88235167445,-0.470590610399,0.));
#5164 = ORIENTED_EDGE('',*,*,#5165,.T.);
#5165 = EDGE_CURVE('',#5158,#5166,#5168,.T.);
#5166 = VERTEX_POINT('',#5167);
#5167 = CARTESIAN_POINT('',(134.431443,-119.183474,1.585));
#5168 = LINE('',#5169,#5170);
#5169 = CARTESIAN_POINT('',(134.275029,-119.181553,1.585));
#5170 = VECTOR('',#5171,1.);
#5171 = DIRECTION('',(0.999924590795,-1.228058318902E-02,0.));
#5172 = ORIENTED_EDGE('',*,*,#5173,.T.);
#5173 = EDGE_CURVE('',#5166,#5174,#5176,.T.);
#5174 = VERTEX_POINT('',#5175);
#5175 = CARTESIAN_POINT('',(134.431443,-119.379632,1.585));
#5176 = CIRCLE('',#5177,0.100000456609);
#5177 = AXIS2_PLACEMENT_3D('',#5178,#5179,#5180);
#5178 = CARTESIAN_POINT('',(134.411934,-119.281553,1.585));
#5179 = DIRECTION('',(0.,0.,-1.));
#5180 = DIRECTION('',(0.195089109206,0.980785521645,0.));
#5181 = ORIENTED_EDGE('',*,*,#5182,.T.);
#5182 = EDGE_CURVE('',#5174,#5183,#5185,.T.);
#5183 = VERTEX_POINT('',#5184);
#5184 = CARTESIAN_POINT('',(134.230521,-119.379632,1.585));
#5185 = LINE('',#5186,#5187);
#5186 = CARTESIAN_POINT('',(134.431443,-119.379632,1.585));
#5187 = VECTOR('',#5188,1.);
#5188 = DIRECTION('',(-1.,0.,0.));
#5189 = ORIENTED_EDGE('',*,*,#5190,.T.);
#5190 = EDGE_CURVE('',#5183,#5191,#5193,.T.);
#5191 = VERTEX_POINT('',#5192);
#5192 = CARTESIAN_POINT('',(134.202972,-119.369788,1.585));
#5193 = LINE('',#5194,#5195);
#5194 = CARTESIAN_POINT('',(134.230521,-119.379632,1.585));
#5195 = VECTOR('',#5196,1.);
#5196 = DIRECTION('',(-0.941686990895,0.336490135336,0.));
#5197 = ORIENTED_EDGE('',*,*,#5198,.T.);
#5198 = EDGE_CURVE('',#5191,#5199,#5201,.T.);
#5199 = VERTEX_POINT('',#5200);
#5200 = CARTESIAN_POINT('',(134.034876,-119.277961,1.585));
#5201 = LINE('',#5202,#5203);
#5202 = CARTESIAN_POINT('',(134.202972,-119.369788,1.585));
#5203 = VECTOR('',#5204,1.);
#5204 = DIRECTION('',(-0.877591926418,0.479408396554,0.));
#5205 = ORIENTED_EDGE('',*,*,#5206,.T.);
#5206 = EDGE_CURVE('',#5199,#5207,#5209,.T.);
#5207 = VERTEX_POINT('',#5208);
#5208 = CARTESIAN_POINT('',(134.009332,-119.245316,1.585));
#5209 = LINE('',#5210,#5211);
#5210 = CARTESIAN_POINT('',(134.034876,-119.277961,1.585));
#5211 = VECTOR('',#5212,1.);
#5212 = DIRECTION('',(-0.616244511275,0.787554888451,0.));
#5213 = ORIENTED_EDGE('',*,*,#5214,.T.);
#5214 = EDGE_CURVE('',#5207,#5215,#5217,.T.);
#5215 = VERTEX_POINT('',#5216);
#5216 = CARTESIAN_POINT('',(133.938846,-119.054867,1.585));
#5217 = LINE('',#5218,#5219);
#5218 = CARTESIAN_POINT('',(134.009332,-119.245316,1.585));
#5219 = VECTOR('',#5220,1.);
#5220 = DIRECTION('',(-0.347094944231,0.937829995089,0.));
#5221 = ORIENTED_EDGE('',*,*,#5222,.T.);
#5222 = EDGE_CURVE('',#5215,#5223,#5225,.T.);
#5223 = VERTEX_POINT('',#5224);
#5224 = CARTESIAN_POINT('',(133.938302,-119.026293,1.585));
#5225 = LINE('',#5226,#5227);
#5226 = CARTESIAN_POINT('',(133.938846,-119.054867,1.585));
#5227 = VECTOR('',#5228,1.);
#5228 = DIRECTION('',(-1.903483721855E-02,0.999818821073,0.));
#5229 = ORIENTED_EDGE('',*,*,#5230,.T.);
#5230 = EDGE_CURVE('',#5223,#5231,#5233,.T.);
#5231 = VERTEX_POINT('',#5232);
#5232 = CARTESIAN_POINT('',(134.035561,-118.24822,1.585));
#5233 = LINE('',#5234,#5235);
#5234 = CARTESIAN_POINT('',(133.938302,-119.026293,1.585));
#5235 = VECTOR('',#5236,1.);
#5236 = DIRECTION('',(0.124034577629,0.992277896334,0.));
#5237 = ORIENTED_EDGE('',*,*,#5238,.T.);
#5238 = EDGE_CURVE('',#5231,#5239,#5241,.T.);
#5239 = VERTEX_POINT('',#5240);
#5240 = CARTESIAN_POINT('',(133.886473,-118.246299,1.585));
#5241 = LINE('',#5242,#5243);
#5242 = CARTESIAN_POINT('',(134.035561,-118.24822,1.585));
#5243 = VECTOR('',#5244,1.);
#5244 = DIRECTION('',(-0.999916998626,1.288393803908E-02,0.));
#5245 = ORIENTED_EDGE('',*,*,#5246,.T.);
#5246 = EDGE_CURVE('',#5239,#5247,#5249,.T.);
#5247 = VERTEX_POINT('',#5248);
#5248 = CARTESIAN_POINT('',(133.886473,-118.050141,1.585));
#5249 = CIRCLE('',#5250,0.100000456609);
#5250 = AXIS2_PLACEMENT_3D('',#5251,#5252,#5253);
#5251 = CARTESIAN_POINT('',(133.905982,-118.14822,1.585));
#5252 = DIRECTION('',(0.,0.,-1.));
#5253 = DIRECTION('',(-0.195089109206,-0.980785521645,-0.));
#5254 = ORIENTED_EDGE('',*,*,#5255,.T.);
#5255 = EDGE_CURVE('',#5247,#5256,#5258,.T.);
#5256 = VERTEX_POINT('',#5257);
#5257 = CARTESIAN_POINT('',(134.06056,-118.04822,1.585));
#5258 = LINE('',#5259,#5260);
#5259 = CARTESIAN_POINT('',(133.886473,-118.050141,1.585));
#5260 = VECTOR('',#5261,1.);
#5261 = DIRECTION('',(0.999939123119,1.103404076989E-02,0.));
#5262 = ORIENTED_EDGE('',*,*,#5263,.T.);
#5263 = EDGE_CURVE('',#5256,#5264,#5266,.T.);
#5264 = VERTEX_POINT('',#5265);
#5265 = CARTESIAN_POINT('',(134.12477,-117.550029,1.585));
#5266 = LINE('',#5267,#5268);
#5267 = CARTESIAN_POINT('',(134.06056,-118.04822,1.585));
#5268 = VECTOR('',#5269,1.);
#5269 = DIRECTION('',(0.127828956761,0.991796227969,0.));
#5270 = ORIENTED_EDGE('',*,*,#5271,.T.);
#5271 = EDGE_CURVE('',#5264,#5098,#5272,.T.);
#5272 = LINE('',#5273,#5274);
#5273 = CARTESIAN_POINT('',(134.12477,-117.550029,1.585));
#5274 = VECTOR('',#5275,1.);
#5275 = DIRECTION('',(0.494338300196,0.8692696043,0.));
#5276 = PLANE('',#5277);
#5277 = AXIS2_PLACEMENT_3D('',#5278,#5279,#5280);
#5278 = CARTESIAN_POINT('',(0.,0.,1.585));
#5279 = DIRECTION('',(0.,0.,1.));
#5280 = DIRECTION('',(1.,0.,-0.));
#5281 = SHELL_BASED_SURFACE_MODEL('',(#5282));
#5282 = OPEN_SHELL('',(#5283));
#5283 = ADVANCED_FACE('',(#5284,#5503),#5569,.T.);
#5284 = FACE_BOUND('',#5285,.F.);
#5285 = EDGE_LOOP('',(#5286,#5296,#5304,#5312,#5320,#5328,#5336,#5344,
    #5352,#5360,#5368,#5376,#5384,#5392,#5400,#5408,#5416,#5425,#5433,
    #5441,#5449,#5457,#5465,#5473,#5481,#5489,#5497));
#5286 = ORIENTED_EDGE('',*,*,#5287,.T.);
#5287 = EDGE_CURVE('',#5288,#5290,#5292,.T.);
#5288 = VERTEX_POINT('',#5289);
#5289 = CARTESIAN_POINT('',(135.067569,-118.13869,1.585));
#5290 = VERTEX_POINT('',#5291);
#5291 = CARTESIAN_POINT('',(135.262664,-118.050141,1.585));
#5292 = LINE('',#5293,#5294);
#5293 = CARTESIAN_POINT('',(135.067569,-118.13869,1.585));
#5294 = VECTOR('',#5295,1.);
#5295 = DIRECTION('',(0.910595873575,0.41329790107,0.));
#5296 = ORIENTED_EDGE('',*,*,#5297,.T.);
#5297 = EDGE_CURVE('',#5290,#5298,#5300,.T.);
#5298 = VERTEX_POINT('',#5299);
#5299 = CARTESIAN_POINT('',(135.625491,-118.050141,1.585));
#5300 = LINE('',#5301,#5302);
#5301 = CARTESIAN_POINT('',(135.262664,-118.050141,1.585));
#5302 = VECTOR('',#5303,1.);
#5303 = DIRECTION('',(1.,0.,0.));
#5304 = ORIENTED_EDGE('',*,*,#5305,.T.);
#5305 = EDGE_CURVE('',#5298,#5306,#5308,.T.);
#5306 = VERTEX_POINT('',#5307);
#5307 = CARTESIAN_POINT('',(135.653041,-118.059985,1.585));
#5308 = LINE('',#5309,#5310);
#5309 = CARTESIAN_POINT('',(135.625491,-118.050141,1.585));
#5310 = VECTOR('',#5311,1.);
#5311 = DIRECTION('',(0.941690861015,-0.336479304386,0.));
#5312 = ORIENTED_EDGE('',*,*,#5313,.T.);
#5313 = EDGE_CURVE('',#5306,#5314,#5316,.T.);
#5314 = VERTEX_POINT('',#5315);
#5315 = CARTESIAN_POINT('',(135.821137,-118.151812,1.585));
#5316 = LINE('',#5317,#5318);
#5317 = CARTESIAN_POINT('',(135.653041,-118.059985,1.585));
#5318 = VECTOR('',#5319,1.);
#5319 = DIRECTION('',(0.877591926418,-0.479408396554,0.));
#5320 = ORIENTED_EDGE('',*,*,#5321,.T.);
#5321 = EDGE_CURVE('',#5314,#5322,#5324,.T.);
#5322 = VERTEX_POINT('',#5323);
#5323 = CARTESIAN_POINT('',(135.846679,-118.184455,1.585));
#5324 = LINE('',#5325,#5326);
#5325 = CARTESIAN_POINT('',(135.821137,-118.151812,1.585));
#5326 = VECTOR('',#5327,1.);
#5327 = DIRECTION('',(0.616238001148,-0.78755998244,0.));
#5328 = ORIENTED_EDGE('',*,*,#5329,.T.);
#5329 = EDGE_CURVE('',#5322,#5330,#5332,.T.);
#5330 = VERTEX_POINT('',#5331);
#5331 = CARTESIAN_POINT('',(135.917166,-118.374906,1.585));
#5332 = LINE('',#5333,#5334);
#5333 = CARTESIAN_POINT('',(135.846679,-118.184455,1.585));
#5334 = VECTOR('',#5335,1.);
#5335 = DIRECTION('',(0.347096069389,-0.937829578663,0.));
#5336 = ORIENTED_EDGE('',*,*,#5337,.T.);
#5337 = EDGE_CURVE('',#5330,#5338,#5340,.T.);
#5338 = VERTEX_POINT('',#5339);
#5339 = CARTESIAN_POINT('',(135.91771,-118.40348,1.585));
#5340 = LINE('',#5341,#5342);
#5341 = CARTESIAN_POINT('',(135.917166,-118.374906,1.585));
#5342 = VECTOR('',#5343,1.);
#5343 = DIRECTION('',(1.903483721756E-02,-0.999818821073,0.));
#5344 = ORIENTED_EDGE('',*,*,#5345,.T.);
#5345 = EDGE_CURVE('',#5338,#5346,#5348,.T.);
#5346 = VERTEX_POINT('',#5347);
#5347 = CARTESIAN_POINT('',(135.891252,-118.587834,1.585));
#5348 = LINE('',#5349,#5350);
#5349 = CARTESIAN_POINT('',(135.91771,-118.40348,1.585));
#5350 = VECTOR('',#5351,1.);
#5351 = DIRECTION('',(-0.142061780537,-0.989857793075,0.));
#5352 = ORIENTED_EDGE('',*,*,#5353,.T.);
#5353 = EDGE_CURVE('',#5346,#5354,#5356,.T.);
#5354 = VERTEX_POINT('',#5355);
#5355 = CARTESIAN_POINT('',(135.868696,-118.623949,1.585));
#5356 = LINE('',#5357,#5358);
#5357 = CARTESIAN_POINT('',(135.891252,-118.587834,1.585));
#5358 = VECTOR('',#5359,1.);
#5359 = DIRECTION('',(-0.529730813492,-0.848165824139,0.));
#5360 = ORIENTED_EDGE('',*,*,#5361,.T.);
#5361 = EDGE_CURVE('',#5354,#5362,#5364,.T.);
#5362 = VERTEX_POINT('',#5363);
#5363 = CARTESIAN_POINT('',(135.836175,-118.645508,1.585));
#5364 = LINE('',#5365,#5366);
#5365 = CARTESIAN_POINT('',(135.868696,-118.623949,1.585));
#5366 = VECTOR('',#5367,1.);
#5367 = DIRECTION('',(-0.833486671077,-0.552539563413,0.));
#5368 = ORIENTED_EDGE('',*,*,#5369,.T.);
#5369 = EDGE_CURVE('',#5362,#5370,#5372,.T.);
#5370 = VERTEX_POINT('',#5371);
#5371 = CARTESIAN_POINT('',(135.058726,-118.799163,1.585));
#5372 = LINE('',#5373,#5374);
#5373 = CARTESIAN_POINT('',(135.836175,-118.645508,1.585));
#5374 = VECTOR('',#5375,1.);
#5375 = DIRECTION('',(-0.981023387278,-0.19388943657,0.));
#5376 = ORIENTED_EDGE('',*,*,#5377,.T.);
#5377 = EDGE_CURVE('',#5370,#5378,#5380,.T.);
#5378 = VERTEX_POINT('',#5379);
#5379 = CARTESIAN_POINT('',(135.030289,-119.026653,1.585));
#5380 = LINE('',#5381,#5382);
#5381 = CARTESIAN_POINT('',(135.058726,-118.799163,1.585));
#5382 = VECTOR('',#5383,1.);
#5383 = DIRECTION('',(-0.124037955648,-0.992277474076,0.));
#5384 = ORIENTED_EDGE('',*,*,#5385,.T.);
#5385 = EDGE_CURVE('',#5378,#5386,#5388,.T.);
#5386 = VERTEX_POINT('',#5387);
#5387 = CARTESIAN_POINT('',(135.069095,-119.130134,1.585));
#5388 = LINE('',#5389,#5390);
#5389 = CARTESIAN_POINT('',(135.030289,-119.026653,1.585));
#5390 = VECTOR('',#5391,1.);
#5391 = DIRECTION('',(0.351128399557,-0.936327318316,0.));
#5392 = ORIENTED_EDGE('',*,*,#5393,.T.);
#5393 = EDGE_CURVE('',#5386,#5394,#5396,.T.);
#5394 = VERTEX_POINT('',#5395);
#5395 = CARTESIAN_POINT('',(135.165505,-119.181553,1.585));
#5396 = LINE('',#5397,#5398);
#5397 = CARTESIAN_POINT('',(135.069095,-119.130134,1.585));
#5398 = VECTOR('',#5399,1.);
#5399 = DIRECTION('',(0.88235167445,-0.470590610399,0.));
#5400 = ORIENTED_EDGE('',*,*,#5401,.T.);
#5401 = EDGE_CURVE('',#5394,#5402,#5404,.T.);
#5402 = VERTEX_POINT('',#5403);
#5403 = CARTESIAN_POINT('',(135.441962,-119.181553,1.585));
#5404 = LINE('',#5405,#5406);
#5405 = CARTESIAN_POINT('',(135.165505,-119.181553,1.585));
#5406 = VECTOR('',#5407,1.);
#5407 = DIRECTION('',(1.,0.,0.));
#5408 = ORIENTED_EDGE('',*,*,#5409,.T.);
#5409 = EDGE_CURVE('',#5402,#5410,#5412,.T.);
#5410 = VERTEX_POINT('',#5411);
#5411 = CARTESIAN_POINT('',(135.61223,-119.10355,1.585));
#5412 = LINE('',#5413,#5414);
#5413 = CARTESIAN_POINT('',(135.441962,-119.181553,1.585));
#5414 = VECTOR('',#5415,1.);
#5415 = DIRECTION('',(0.909138626426,0.416493646939,0.));
#5416 = ORIENTED_EDGE('',*,*,#5417,.T.);
#5417 = EDGE_CURVE('',#5410,#5418,#5420,.T.);
#5418 = VERTEX_POINT('',#5419);
#5419 = CARTESIAN_POINT('',(135.695753,-119.281038,1.585));
#5420 = CIRCLE('',#5421,0.100000691668);
#5421 = AXIS2_PLACEMENT_3D('',#5422,#5423,#5424);
#5422 = CARTESIAN_POINT('',(135.63633897224,-119.2006009958,1.585));
#5423 = DIRECTION('',(0.,0.,-1.));
#5424 = DIRECTION('',(-0.241088054941,0.970503245623,-0.));
#5425 = ORIENTED_EDGE('',*,*,#5426,.T.);
#5426 = EDGE_CURVE('',#5418,#5427,#5429,.T.);
#5427 = VERTEX_POINT('',#5428);
#5428 = CARTESIAN_POINT('',(135.483825,-119.379632,1.585));
#5429 = LINE('',#5430,#5431);
#5430 = CARTESIAN_POINT('',(135.695753,-119.281038,1.585));
#5431 = VECTOR('',#5432,1.);
#5432 = DIRECTION('',(-0.906683747242,-0.421811074401,0.));
#5433 = ORIENTED_EDGE('',*,*,#5434,.T.);
#5434 = EDGE_CURVE('',#5427,#5435,#5437,.T.);
#5435 = VERTEX_POINT('',#5436);
#5436 = CARTESIAN_POINT('',(135.120997,-119.379632,1.585));
#5437 = LINE('',#5438,#5439);
#5438 = CARTESIAN_POINT('',(135.483825,-119.379632,1.585));
#5439 = VECTOR('',#5440,1.);
#5440 = DIRECTION('',(-1.,0.,0.));
#5441 = ORIENTED_EDGE('',*,*,#5442,.T.);
#5442 = EDGE_CURVE('',#5435,#5443,#5445,.T.);
#5443 = VERTEX_POINT('',#5444);
#5444 = CARTESIAN_POINT('',(135.093448,-119.369788,1.585));
#5445 = LINE('',#5446,#5447);
#5446 = CARTESIAN_POINT('',(135.120997,-119.379632,1.585));
#5447 = VECTOR('',#5448,1.);
#5448 = DIRECTION('',(-0.941686990895,0.336490135336,0.));
#5449 = ORIENTED_EDGE('',*,*,#5450,.T.);
#5450 = EDGE_CURVE('',#5443,#5451,#5453,.T.);
#5451 = VERTEX_POINT('',#5452);
#5452 = CARTESIAN_POINT('',(134.925352,-119.277961,1.585));
#5453 = LINE('',#5454,#5455);
#5454 = CARTESIAN_POINT('',(135.093448,-119.369788,1.585));
#5455 = VECTOR('',#5456,1.);
#5456 = DIRECTION('',(-0.877591926418,0.479408396554,0.));
#5457 = ORIENTED_EDGE('',*,*,#5458,.T.);
#5458 = EDGE_CURVE('',#5451,#5459,#5461,.T.);
#5459 = VERTEX_POINT('',#5460);
#5460 = CARTESIAN_POINT('',(134.899808,-119.245316,1.585));
#5461 = LINE('',#5462,#5463);
#5462 = CARTESIAN_POINT('',(134.925352,-119.277961,1.585));
#5463 = VECTOR('',#5464,1.);
#5464 = DIRECTION('',(-0.616244511275,0.787554888451,0.));
#5465 = ORIENTED_EDGE('',*,*,#5466,.T.);
#5466 = EDGE_CURVE('',#5459,#5467,#5469,.T.);
#5467 = VERTEX_POINT('',#5468);
#5468 = CARTESIAN_POINT('',(134.829322,-119.054867,1.585));
#5469 = LINE('',#5470,#5471);
#5470 = CARTESIAN_POINT('',(134.899808,-119.245316,1.585));
#5471 = VECTOR('',#5472,1.);
#5472 = DIRECTION('',(-0.347094944231,0.937829995089,0.));
#5473 = ORIENTED_EDGE('',*,*,#5474,.T.);
#5474 = EDGE_CURVE('',#5467,#5475,#5477,.T.);
#5475 = VERTEX_POINT('',#5476);
#5476 = CARTESIAN_POINT('',(134.828778,-119.026292,1.585));
#5477 = LINE('',#5478,#5479);
#5478 = CARTESIAN_POINT('',(134.829322,-119.054867,1.585));
#5479 = VECTOR('',#5480,1.);
#5480 = DIRECTION('',(-1.903417132287E-02,0.99981883375,0.));
#5481 = ORIENTED_EDGE('',*,*,#5482,.T.);
#5482 = EDGE_CURVE('',#5475,#5483,#5485,.T.);
#5483 = VERTEX_POINT('',#5484);
#5484 = CARTESIAN_POINT('',(134.915448,-118.355639,1.585));
#5485 = LINE('',#5486,#5487);
#5486 = CARTESIAN_POINT('',(134.828778,-119.026292,1.585));
#5487 = VECTOR('',#5488,1.);
#5488 = DIRECTION('',(0.128166435088,0.991752673259,0.));
#5489 = ORIENTED_EDGE('',*,*,#5490,.T.);
#5490 = EDGE_CURVE('',#5483,#5491,#5493,.T.);
#5491 = VERTEX_POINT('',#5492);
#5492 = CARTESIAN_POINT('',(135.037318,-118.160647,1.585));
#5493 = LINE('',#5494,#5495);
#5494 = CARTESIAN_POINT('',(134.915448,-118.355639,1.585));
#5495 = VECTOR('',#5496,1.);
#5496 = DIRECTION('',(0.529998940003,0.847998304005,0.));
#5497 = ORIENTED_EDGE('',*,*,#5498,.T.);
#5498 = EDGE_CURVE('',#5491,#5288,#5499,.T.);
#5499 = LINE('',#5500,#5501);
#5500 = CARTESIAN_POINT('',(135.037318,-118.160647,1.585));
#5501 = VECTOR('',#5502,1.);
#5502 = DIRECTION('',(0.809292175952,0.587406310779,0.));
#5503 = FACE_BOUND('',#5504,.F.);
#5504 = EDGE_LOOP('',(#5505,#5515,#5523,#5531,#5539,#5547,#5555,#5563));
#5505 = ORIENTED_EDGE('',*,*,#5506,.T.);
#5506 = EDGE_CURVE('',#5507,#5509,#5511,.T.);
#5507 = VERTEX_POINT('',#5508);
#5508 = CARTESIAN_POINT('',(135.677392,-118.299637,1.585));
#5509 = VERTEX_POINT('',#5510);
#5510 = CARTESIAN_POINT('',(135.580983,-118.24822,1.585));
#5511 = LINE('',#5512,#5513);
#5512 = CARTESIAN_POINT('',(135.677392,-118.299637,1.585));
#5513 = VECTOR('',#5514,1.);
#5514 = DIRECTION('',(-0.882357248071,0.470580159778,0.));
#5515 = ORIENTED_EDGE('',*,*,#5516,.T.);
#5516 = EDGE_CURVE('',#5509,#5517,#5519,.T.);
#5517 = VERTEX_POINT('',#5518);
#5518 = CARTESIAN_POINT('',(135.304527,-118.24822,1.585));
#5519 = LINE('',#5520,#5521);
#5520 = CARTESIAN_POINT('',(135.580983,-118.24822,1.585));
#5521 = VECTOR('',#5522,1.);
#5522 = DIRECTION('',(-1.,0.,0.));
#5523 = ORIENTED_EDGE('',*,*,#5524,.T.);
#5524 = EDGE_CURVE('',#5517,#5525,#5527,.T.);
#5525 = VERTEX_POINT('',#5526);
#5526 = CARTESIAN_POINT('',(135.179352,-118.307125,1.585));
#5527 = LINE('',#5528,#5529);
#5528 = CARTESIAN_POINT('',(135.304527,-118.24822,1.585));
#5529 = VECTOR('',#5530,1.);
#5530 = DIRECTION('',(-0.904821159449,-0.425791814638,0.));
#5531 = ORIENTED_EDGE('',*,*,#5532,.T.);
#5532 = EDGE_CURVE('',#5525,#5533,#5535,.T.);
#5533 = VERTEX_POINT('',#5534);
#5534 = CARTESIAN_POINT('',(135.10545,-118.425369,1.585));
#5535 = LINE('',#5536,#5537);
#5536 = CARTESIAN_POINT('',(135.179352,-118.307125,1.585));
#5537 = VECTOR('',#5538,1.);
#5538 = DIRECTION('',(-0.529996361444,-0.847999915599,0.));
#5539 = ORIENTED_EDGE('',*,*,#5540,.T.);
#5540 = EDGE_CURVE('',#5533,#5541,#5543,.T.);
#5541 = VERTEX_POINT('',#5542);
#5542 = CARTESIAN_POINT('',(135.084834,-118.590297,1.585));
#5543 = LINE('',#5544,#5545);
#5544 = CARTESIAN_POINT('',(135.10545,-118.425369,1.585));
#5545 = VECTOR('',#5546,1.);
#5546 = DIRECTION('',(-0.124034734589,-0.992277876714,0.));
#5547 = ORIENTED_EDGE('',*,*,#5548,.T.);
#5548 = EDGE_CURVE('',#5541,#5549,#5551,.T.);
#5549 = VERTEX_POINT('',#5550);
#5550 = CARTESIAN_POINT('',(135.708,-118.468703,1.585));
#5551 = LINE('',#5552,#5553);
#5552 = CARTESIAN_POINT('',(135.084834,-118.590297,1.585));
#5553 = VECTOR('',#5554,1.);
#5554 = DIRECTION('',(0.981490404288,0.191511321572,0.));
#5555 = ORIENTED_EDGE('',*,*,#5556,.T.);
#5556 = EDGE_CURVE('',#5549,#5557,#5559,.T.);
#5557 = VERTEX_POINT('',#5558);
#5558 = CARTESIAN_POINT('',(135.716198,-118.403119,1.585));
#5559 = LINE('',#5560,#5561);
#5560 = CARTESIAN_POINT('',(135.708,-118.468703,1.585));
#5561 = VECTOR('',#5562,1.);
#5562 = DIRECTION('',(0.124034734589,0.992277876714,0.));
#5563 = ORIENTED_EDGE('',*,*,#5564,.T.);
#5564 = EDGE_CURVE('',#5557,#5507,#5565,.T.);
#5565 = LINE('',#5566,#5567);
#5566 = CARTESIAN_POINT('',(135.716198,-118.403119,1.585));
#5567 = VECTOR('',#5568,1.);
#5568 = DIRECTION('',(-0.35112542476,0.936328433877,0.));
#5569 = PLANE('',#5570);
#5570 = AXIS2_PLACEMENT_3D('',#5571,#5572,#5573);
#5571 = CARTESIAN_POINT('',(0.,0.,1.585));
#5572 = DIRECTION('',(0.,0.,1.));
#5573 = DIRECTION('',(1.,0.,-0.));
#5574 = SHELL_BASED_SURFACE_MODEL('',(#5575));
#5575 = OPEN_SHELL('',(#5576));
#5576 = ADVANCED_FACE('',(#5577),#5621,.T.);
#5577 = FACE_BOUND('',#5578,.F.);
#5578 = EDGE_LOOP('',(#5579,#5590,#5598,#5607,#5615));
#5579 = ORIENTED_EDGE('',*,*,#5580,.T.);
#5580 = EDGE_CURVE('',#5581,#5583,#5585,.T.);
#5581 = VERTEX_POINT('',#5582);
#5582 = CARTESIAN_POINT('',(113.582154,-117.516112,1.585));
#5583 = VERTEX_POINT('',#5584);
#5584 = CARTESIAN_POINT('',(113.757509,-117.57436,1.585));
#5585 = CIRCLE('',#5586,9.999955993918E-02);
#5586 = AXIS2_PLACEMENT_3D('',#5587,#5588,#5589);
#5587 = CARTESIAN_POINT('',(113.65776839104,-117.5815518644,1.585));
#5588 = DIRECTION('',(0.,0.,-1.));
#5589 = DIRECTION('',(-0.75614723798,0.65440152391,0.));
#5590 = ORIENTED_EDGE('',*,*,#5591,.T.);
#5591 = EDGE_CURVE('',#5583,#5592,#5594,.T.);
#5592 = VERTEX_POINT('',#5593);
#5593 = CARTESIAN_POINT('',(113.712194,-117.936886,1.585));
#5594 = LINE('',#5595,#5596);
#5595 = CARTESIAN_POINT('',(113.757509,-117.57436,1.585));
#5596 = VECTOR('',#5597,1.);
#5597 = DIRECTION('',(-0.124032713329,-0.992278129369,0.));
#5598 = ORIENTED_EDGE('',*,*,#5599,.T.);
#5599 = EDGE_CURVE('',#5592,#5600,#5602,.T.);
#5600 = VERTEX_POINT('',#5601);
#5601 = CARTESIAN_POINT('',(113.517551,-117.912555,1.585));
#5602 = CIRCLE('',#5603,0.100000504821);
#5603 = AXIS2_PLACEMENT_3D('',#5604,#5605,#5606);
#5604 = CARTESIAN_POINT('',(113.6172924379,-117.905361494,1.585));
#5605 = DIRECTION('',(-0.,0.,-1.));
#5606 = DIRECTION('',(0.949010830098,-0.31524346838,-0.));
#5607 = ORIENTED_EDGE('',*,*,#5608,.T.);
#5608 = EDGE_CURVE('',#5600,#5609,#5611,.T.);
#5609 = VERTEX_POINT('',#5610);
#5610 = CARTESIAN_POINT('',(113.562866,-117.550029,1.585));
#5611 = LINE('',#5612,#5613);
#5612 = CARTESIAN_POINT('',(113.517551,-117.912555,1.585));
#5613 = VECTOR('',#5614,1.);
#5614 = DIRECTION('',(0.124032713329,0.992278129369,0.));
#5615 = ORIENTED_EDGE('',*,*,#5616,.T.);
#5616 = EDGE_CURVE('',#5609,#5581,#5617,.T.);
#5617 = LINE('',#5618,#5619);
#5618 = CARTESIAN_POINT('',(113.562866,-117.550029,1.585));
#5619 = VECTOR('',#5620,1.);
#5620 = DIRECTION('',(0.494338300196,0.8692696043,0.));
#5621 = PLANE('',#5622);
#5622 = AXIS2_PLACEMENT_3D('',#5623,#5624,#5625);
#5623 = CARTESIAN_POINT('',(0.,0.,1.585));
#5624 = DIRECTION('',(0.,0.,1.));
#5625 = DIRECTION('',(1.,0.,-0.));
#5626 = SHELL_BASED_SURFACE_MODEL('',(#5627));
#5627 = OPEN_SHELL('',(#5628));
#5628 = ADVANCED_FACE('',(#5629),#5673,.T.);
#5629 = FACE_BOUND('',#5630,.F.);
#5630 = EDGE_LOOP('',(#5631,#5642,#5650,#5659,#5667));
#5631 = ORIENTED_EDGE('',*,*,#5632,.T.);
#5632 = EDGE_CURVE('',#5633,#5635,#5637,.T.);
#5633 = VERTEX_POINT('',#5634);
#5634 = CARTESIAN_POINT('',(114.229773,-117.516112,1.585));
#5635 = VERTEX_POINT('',#5636);
#5636 = CARTESIAN_POINT('',(114.405128,-117.57436,1.585));
#5637 = CIRCLE('',#5638,9.999955993918E-02);
#5638 = AXIS2_PLACEMENT_3D('',#5639,#5640,#5641);
#5639 = CARTESIAN_POINT('',(114.30538739104,-117.5815518644,1.585));
#5640 = DIRECTION('',(0.,0.,-1.));
#5641 = DIRECTION('',(-0.75614723798,0.65440152391,0.));
#5642 = ORIENTED_EDGE('',*,*,#5643,.T.);
#5643 = EDGE_CURVE('',#5635,#5644,#5646,.T.);
#5644 = VERTEX_POINT('',#5645);
#5645 = CARTESIAN_POINT('',(114.359813,-117.936886,1.585));
#5646 = LINE('',#5647,#5648);
#5647 = CARTESIAN_POINT('',(114.405128,-117.57436,1.585));
#5648 = VECTOR('',#5649,1.);
#5649 = DIRECTION('',(-0.124032713329,-0.992278129369,0.));
#5650 = ORIENTED_EDGE('',*,*,#5651,.T.);
#5651 = EDGE_CURVE('',#5644,#5652,#5654,.T.);
#5652 = VERTEX_POINT('',#5653);
#5653 = CARTESIAN_POINT('',(114.16517,-117.912555,1.585));
#5654 = CIRCLE('',#5655,0.100000504821);
#5655 = AXIS2_PLACEMENT_3D('',#5656,#5657,#5658);
#5656 = CARTESIAN_POINT('',(114.2649114379,-117.905361494,1.585));
#5657 = DIRECTION('',(-0.,0.,-1.));
#5658 = DIRECTION('',(0.949010830098,-0.31524346838,-0.));
#5659 = ORIENTED_EDGE('',*,*,#5660,.T.);
#5660 = EDGE_CURVE('',#5652,#5661,#5663,.T.);
#5661 = VERTEX_POINT('',#5662);
#5662 = CARTESIAN_POINT('',(114.210485,-117.550029,1.585));
#5663 = LINE('',#5664,#5665);
#5664 = CARTESIAN_POINT('',(114.16517,-117.912555,1.585));
#5665 = VECTOR('',#5666,1.);
#5666 = DIRECTION('',(0.124032713329,0.992278129369,0.));
#5667 = ORIENTED_EDGE('',*,*,#5668,.T.);
#5668 = EDGE_CURVE('',#5661,#5633,#5669,.T.);
#5669 = LINE('',#5670,#5671);
#5670 = CARTESIAN_POINT('',(114.210485,-117.550029,1.585));
#5671 = VECTOR('',#5672,1.);
#5672 = DIRECTION('',(0.494338300196,0.8692696043,0.));
#5673 = PLANE('',#5674);
#5674 = AXIS2_PLACEMENT_3D('',#5675,#5676,#5677);
#5675 = CARTESIAN_POINT('',(0.,0.,1.585));
#5676 = DIRECTION('',(0.,0.,1.));
#5677 = DIRECTION('',(1.,0.,-0.));
#5678 = SHELL_BASED_SURFACE_MODEL('',(#5679));
#5679 = OPEN_SHELL('',(#5680));
#5680 = ADVANCED_FACE('',(#5681),#5725,.T.);
#5681 = FACE_BOUND('',#5682,.F.);
#5682 = EDGE_LOOP('',(#5683,#5694,#5702,#5711,#5719));
#5683 = ORIENTED_EDGE('',*,*,#5684,.T.);
#5684 = EDGE_CURVE('',#5685,#5687,#5689,.T.);
#5685 = VERTEX_POINT('',#5686);
#5686 = CARTESIAN_POINT('',(136.491678,-117.516112,1.585));
#5687 = VERTEX_POINT('',#5688);
#5688 = CARTESIAN_POINT('',(136.667033,-117.57436,1.585));
#5689 = CIRCLE('',#5690,9.999955993917E-02);
#5690 = AXIS2_PLACEMENT_3D('',#5691,#5692,#5693);
#5691 = CARTESIAN_POINT('',(136.56729239104,-117.5815518644,1.585));
#5692 = DIRECTION('',(0.,0.,-1.));
#5693 = DIRECTION('',(-0.75614723798,0.65440152391,0.));
#5694 = ORIENTED_EDGE('',*,*,#5695,.T.);
#5695 = EDGE_CURVE('',#5687,#5696,#5698,.T.);
#5696 = VERTEX_POINT('',#5697);
#5697 = CARTESIAN_POINT('',(136.621718,-117.936886,1.585));
#5698 = LINE('',#5699,#5700);
#5699 = CARTESIAN_POINT('',(136.667033,-117.57436,1.585));
#5700 = VECTOR('',#5701,1.);
#5701 = DIRECTION('',(-0.124032713329,-0.992278129369,0.));
#5702 = ORIENTED_EDGE('',*,*,#5703,.T.);
#5703 = EDGE_CURVE('',#5696,#5704,#5706,.T.);
#5704 = VERTEX_POINT('',#5705);
#5705 = CARTESIAN_POINT('',(136.427075,-117.912555,1.585));
#5706 = CIRCLE('',#5707,0.100000504821);
#5707 = AXIS2_PLACEMENT_3D('',#5708,#5709,#5710);
#5708 = CARTESIAN_POINT('',(136.5268164379,-117.905361494,1.585));
#5709 = DIRECTION('',(-0.,0.,-1.));
#5710 = DIRECTION('',(0.949010830098,-0.31524346838,-0.));
#5711 = ORIENTED_EDGE('',*,*,#5712,.T.);
#5712 = EDGE_CURVE('',#5704,#5713,#5715,.T.);
#5713 = VERTEX_POINT('',#5714);
#5714 = CARTESIAN_POINT('',(136.47239,-117.550029,1.585));
#5715 = LINE('',#5716,#5717);
#5716 = CARTESIAN_POINT('',(136.427075,-117.912555,1.585));
#5717 = VECTOR('',#5718,1.);
#5718 = DIRECTION('',(0.124032713329,0.992278129369,0.));
#5719 = ORIENTED_EDGE('',*,*,#5720,.T.);
#5720 = EDGE_CURVE('',#5713,#5685,#5721,.T.);
#5721 = LINE('',#5722,#5723);
#5722 = CARTESIAN_POINT('',(136.47239,-117.550029,1.585));
#5723 = VECTOR('',#5724,1.);
#5724 = DIRECTION('',(0.494338300196,0.8692696043,0.));
#5725 = PLANE('',#5726);
#5726 = AXIS2_PLACEMENT_3D('',#5727,#5728,#5729);
#5727 = CARTESIAN_POINT('',(0.,0.,1.585));
#5728 = DIRECTION('',(0.,0.,1.));
#5729 = DIRECTION('',(1.,0.,-0.));
#5730 = SHELL_BASED_SURFACE_MODEL('',(#5731));
#5731 = OPEN_SHELL('',(#5732));
#5732 = ADVANCED_FACE('',(#5733),#5777,.T.);
#5733 = FACE_BOUND('',#5734,.F.);
#5734 = EDGE_LOOP('',(#5735,#5746,#5754,#5763,#5771));
#5735 = ORIENTED_EDGE('',*,*,#5736,.T.);
#5736 = EDGE_CURVE('',#5737,#5739,#5741,.T.);
#5737 = VERTEX_POINT('',#5738);
#5738 = CARTESIAN_POINT('',(137.139297,-117.516112,1.585));
#5739 = VERTEX_POINT('',#5740);
#5740 = CARTESIAN_POINT('',(137.314652,-117.57436,1.585));
#5741 = CIRCLE('',#5742,9.999955993919E-02);
#5742 = AXIS2_PLACEMENT_3D('',#5743,#5744,#5745);
#5743 = CARTESIAN_POINT('',(137.21491139104,-117.5815518644,1.585));
#5744 = DIRECTION('',(0.,0.,-1.));
#5745 = DIRECTION('',(-0.75614723798,0.65440152391,0.));
#5746 = ORIENTED_EDGE('',*,*,#5747,.T.);
#5747 = EDGE_CURVE('',#5739,#5748,#5750,.T.);
#5748 = VERTEX_POINT('',#5749);
#5749 = CARTESIAN_POINT('',(137.269337,-117.936886,1.585));
#5750 = LINE('',#5751,#5752);
#5751 = CARTESIAN_POINT('',(137.314652,-117.57436,1.585));
#5752 = VECTOR('',#5753,1.);
#5753 = DIRECTION('',(-0.124032713329,-0.992278129369,0.));
#5754 = ORIENTED_EDGE('',*,*,#5755,.T.);
#5755 = EDGE_CURVE('',#5748,#5756,#5758,.T.);
#5756 = VERTEX_POINT('',#5757);
#5757 = CARTESIAN_POINT('',(137.074694,-117.912555,1.585));
#5758 = CIRCLE('',#5759,0.100000504821);
#5759 = AXIS2_PLACEMENT_3D('',#5760,#5761,#5762);
#5760 = CARTESIAN_POINT('',(137.1744354379,-117.905361494,1.585));
#5761 = DIRECTION('',(-0.,0.,-1.));
#5762 = DIRECTION('',(0.949010830098,-0.31524346838,-0.));
#5763 = ORIENTED_EDGE('',*,*,#5764,.T.);
#5764 = EDGE_CURVE('',#5756,#5765,#5767,.T.);
#5765 = VERTEX_POINT('',#5766);
#5766 = CARTESIAN_POINT('',(137.120009,-117.550029,1.585));
#5767 = LINE('',#5768,#5769);
#5768 = CARTESIAN_POINT('',(137.074694,-117.912555,1.585));
#5769 = VECTOR('',#5770,1.);
#5770 = DIRECTION('',(0.124032713329,0.992278129369,0.));
#5771 = ORIENTED_EDGE('',*,*,#5772,.T.);
#5772 = EDGE_CURVE('',#5765,#5737,#5773,.T.);
#5773 = LINE('',#5774,#5775);
#5774 = CARTESIAN_POINT('',(137.120009,-117.550029,1.585));
#5775 = VECTOR('',#5776,1.);
#5776 = DIRECTION('',(0.494338300196,0.8692696043,0.));
#5777 = PLANE('',#5778);
#5778 = AXIS2_PLACEMENT_3D('',#5779,#5780,#5781);
#5779 = CARTESIAN_POINT('',(0.,0.,1.585));
#5780 = DIRECTION('',(0.,0.,1.));
#5781 = DIRECTION('',(1.,0.,-0.));
#5782 = SHELL_BASED_SURFACE_MODEL('',(#5783));
#5783 = OPEN_SHELL('',(#5784));
#5784 = ADVANCED_FACE('',(#5785),#5878,.T.);
#5785 = FACE_BOUND('',#5786,.F.);
#5786 = EDGE_LOOP('',(#5787,#5798,#5806,#5814,#5822,#5830,#5838,#5846,
    #5855,#5863,#5872));
#5787 = ORIENTED_EDGE('',*,*,#5788,.T.);
#5788 = EDGE_CURVE('',#5789,#5791,#5793,.T.);
#5789 = VERTEX_POINT('',#5790);
#5790 = CARTESIAN_POINT('',(130.156227,-117.712408,1.585));
#5791 = VERTEX_POINT('',#5792);
#5792 = CARTESIAN_POINT('',(130.164145,-117.601078,1.585));
#5793 = CIRCLE('',#5794,9.970064568581E-02);
#5794 = AXIS2_PLACEMENT_3D('',#5795,#5796,#5797);
#5795 = CARTESIAN_POINT('',(130.24259715666,-117.6626042372,1.585));
#5796 = DIRECTION('',(0.,0.,-1.));
#5797 = DIRECTION('',(-0.866294857661,-0.499533001503,-0.));
#5798 = ORIENTED_EDGE('',*,*,#5799,.T.);
#5799 = EDGE_CURVE('',#5791,#5800,#5802,.T.);
#5800 = VERTEX_POINT('',#5801);
#5801 = CARTESIAN_POINT('',(130.284053,-117.494895,1.585));
#5802 = LINE('',#5803,#5804);
#5803 = CARTESIAN_POINT('',(130.164145,-117.601078,1.585));
#5804 = VECTOR('',#5805,1.);
#5805 = DIRECTION('',(0.748653962464,0.662960967544,0.));
#5806 = ORIENTED_EDGE('',*,*,#5807,.T.);
#5807 = EDGE_CURVE('',#5800,#5808,#5810,.T.);
#5808 = VERTEX_POINT('',#5809);
#5809 = CARTESIAN_POINT('',(130.326764,-117.481812,1.585));
#5810 = LINE('',#5811,#5812);
#5811 = CARTESIAN_POINT('',(130.284053,-117.494895,1.585));
#5812 = VECTOR('',#5813,1.);
#5813 = DIRECTION('',(0.956148535425,0.292882191683,0.));
#5814 = ORIENTED_EDGE('',*,*,#5815,.T.);
#5815 = EDGE_CURVE('',#5808,#5816,#5818,.T.);
#5816 = VERTEX_POINT('',#5817);
#5817 = CARTESIAN_POINT('',(130.342929,-117.483832,1.585));
#5818 = LINE('',#5819,#5820);
#5819 = CARTESIAN_POINT('',(130.326764,-117.481812,1.585));
#5820 = VECTOR('',#5821,1.);
#5821 = DIRECTION('',(0.992282597889,-0.12399695934,0.));
#5822 = ORIENTED_EDGE('',*,*,#5823,.T.);
#5823 = EDGE_CURVE('',#5816,#5824,#5826,.T.);
#5824 = VERTEX_POINT('',#5825);
#5825 = CARTESIAN_POINT('',(130.36548,-117.486651,1.585));
#5826 = LINE('',#5827,#5828);
#5827 = CARTESIAN_POINT('',(130.342929,-117.483832,1.585));
#5828 = VECTOR('',#5829,1.);
#5829 = DIRECTION('',(0.992277199753,-0.124040150153,0.));
#5830 = ORIENTED_EDGE('',*,*,#5831,.T.);
#5831 = EDGE_CURVE('',#5824,#5832,#5834,.T.);
#5832 = VERTEX_POINT('',#5833);
#5833 = CARTESIAN_POINT('',(130.400977,-117.507969,1.585));
#5834 = LINE('',#5835,#5836);
#5835 = CARTESIAN_POINT('',(130.36548,-117.486651,1.585));
#5836 = VECTOR('',#5837,1.);
#5837 = DIRECTION('',(0.857281889053,-0.514847319797,0.));
#5838 = ORIENTED_EDGE('',*,*,#5839,.T.);
#5839 = EDGE_CURVE('',#5832,#5840,#5842,.T.);
#5840 = VERTEX_POINT('',#5841);
#5841 = CARTESIAN_POINT('',(130.491449,-117.612601,1.585));
#5842 = LINE('',#5843,#5844);
#5843 = CARTESIAN_POINT('',(130.400977,-117.507969,1.585));
#5844 = VECTOR('',#5845,1.);
#5845 = DIRECTION('',(0.654066975428,-0.756436640872,0.));
#5846 = ORIENTED_EDGE('',*,*,#5847,.T.);
#5847 = EDGE_CURVE('',#5840,#5848,#5850,.T.);
#5848 = VERTEX_POINT('',#5849);
#5849 = CARTESIAN_POINT('',(130.483531,-117.723931,1.585));
#5850 = CIRCLE('',#5851,9.969451166476E-02);
#5851 = AXIS2_PLACEMENT_3D('',#5852,#5853,#5854);
#5852 = CARTESIAN_POINT('',(130.405086227,-117.6624052879,1.585));
#5853 = DIRECTION('',(0.,0.,-1.));
#5854 = DIRECTION('',(0.866274096284,0.49956900435,0.));
#5855 = ORIENTED_EDGE('',*,*,#5856,.T.);
#5856 = EDGE_CURVE('',#5848,#5857,#5859,.T.);
#5857 = VERTEX_POINT('',#5858);
#5858 = CARTESIAN_POINT('',(130.363622,-117.830117,1.585));
#5859 = LINE('',#5860,#5861);
#5860 = CARTESIAN_POINT('',(130.483531,-117.723931,1.585));
#5861 = VECTOR('',#5862,1.);
#5862 = DIRECTION('',(-0.748647410114,-0.662968366764,0.));
#5863 = ORIENTED_EDGE('',*,*,#5864,.T.);
#5864 = EDGE_CURVE('',#5857,#5865,#5867,.T.);
#5865 = VERTEX_POINT('',#5866);
#5866 = CARTESIAN_POINT('',(130.246698,-117.817041,1.585));
#5867 = CIRCLE('',#5868,9.902449458719E-02);
#5868 = AXIS2_PLACEMENT_3D('',#5869,#5870,#5871);
#5869 = CARTESIAN_POINT('',(130.31401316103,-117.7444151118,1.585));
#5870 = DIRECTION('',(-0.,0.,-1.));
#5871 = DIRECTION('',(0.500975432106,-0.865461504878,-0.));
#5872 = ORIENTED_EDGE('',*,*,#5873,.T.);
#5873 = EDGE_CURVE('',#5865,#5789,#5874,.T.);
#5874 = LINE('',#5875,#5876);
#5875 = CARTESIAN_POINT('',(130.246698,-117.817041,1.585));
#5876 = VECTOR('',#5877,1.);
#5877 = DIRECTION('',(-0.654059261841,0.7564433105,0.));
#5878 = PLANE('',#5879);
#5879 = AXIS2_PLACEMENT_3D('',#5880,#5881,#5882);
#5880 = CARTESIAN_POINT('',(0.,0.,1.585));
#5881 = DIRECTION('',(0.,0.,1.));
#5882 = DIRECTION('',(1.,0.,-0.));
#5883 = SHELL_BASED_SURFACE_MODEL('',(#5884));
#5884 = OPEN_SHELL('',(#5885));
#5885 = ADVANCED_FACE('',(#5886),#5979,.T.);
#5886 = FACE_BOUND('',#5887,.F.);
#5887 = EDGE_LOOP('',(#5888,#5899,#5907,#5915,#5923,#5931,#5939,#5947,
    #5956,#5964,#5973));
#5888 = ORIENTED_EDGE('',*,*,#5889,.T.);
#5889 = EDGE_CURVE('',#5890,#5892,#5894,.T.);
#5890 = VERTEX_POINT('',#5891);
#5891 = CARTESIAN_POINT('',(133.232418,-117.712408,1.585));
#5892 = VERTEX_POINT('',#5893);
#5893 = CARTESIAN_POINT('',(133.240336,-117.601078,1.585));
#5894 = CIRCLE('',#5895,9.970064568578E-02);
#5895 = AXIS2_PLACEMENT_3D('',#5896,#5897,#5898);
#5896 = CARTESIAN_POINT('',(133.31878815666,-117.6626042372,1.585));
#5897 = DIRECTION('',(0.,0.,-1.));
#5898 = DIRECTION('',(-0.866294857661,-0.499533001503,-0.));
#5899 = ORIENTED_EDGE('',*,*,#5900,.T.);
#5900 = EDGE_CURVE('',#5892,#5901,#5903,.T.);
#5901 = VERTEX_POINT('',#5902);
#5902 = CARTESIAN_POINT('',(133.360244,-117.494895,1.585));
#5903 = LINE('',#5904,#5905);
#5904 = CARTESIAN_POINT('',(133.240336,-117.601078,1.585));
#5905 = VECTOR('',#5906,1.);
#5906 = DIRECTION('',(0.748653962464,0.662960967544,0.));
#5907 = ORIENTED_EDGE('',*,*,#5908,.T.);
#5908 = EDGE_CURVE('',#5901,#5909,#5911,.T.);
#5909 = VERTEX_POINT('',#5910);
#5910 = CARTESIAN_POINT('',(133.402955,-117.481812,1.585));
#5911 = LINE('',#5912,#5913);
#5912 = CARTESIAN_POINT('',(133.360244,-117.494895,1.585));
#5913 = VECTOR('',#5914,1.);
#5914 = DIRECTION('',(0.956148535425,0.292882191683,0.));
#5915 = ORIENTED_EDGE('',*,*,#5916,.T.);
#5916 = EDGE_CURVE('',#5909,#5917,#5919,.T.);
#5917 = VERTEX_POINT('',#5918);
#5918 = CARTESIAN_POINT('',(133.41912,-117.483832,1.585));
#5919 = LINE('',#5920,#5921);
#5920 = CARTESIAN_POINT('',(133.402955,-117.481812,1.585));
#5921 = VECTOR('',#5922,1.);
#5922 = DIRECTION('',(0.992282597889,-0.12399695934,0.));
#5923 = ORIENTED_EDGE('',*,*,#5924,.T.);
#5924 = EDGE_CURVE('',#5917,#5925,#5927,.T.);
#5925 = VERTEX_POINT('',#5926);
#5926 = CARTESIAN_POINT('',(133.441671,-117.486651,1.585));
#5927 = LINE('',#5928,#5929);
#5928 = CARTESIAN_POINT('',(133.41912,-117.483832,1.585));
#5929 = VECTOR('',#5930,1.);
#5930 = DIRECTION('',(0.992277199753,-0.124040150153,0.));
#5931 = ORIENTED_EDGE('',*,*,#5932,.T.);
#5932 = EDGE_CURVE('',#5925,#5933,#5935,.T.);
#5933 = VERTEX_POINT('',#5934);
#5934 = CARTESIAN_POINT('',(133.477168,-117.507969,1.585));
#5935 = LINE('',#5936,#5937);
#5936 = CARTESIAN_POINT('',(133.441671,-117.486651,1.585));
#5937 = VECTOR('',#5938,1.);
#5938 = DIRECTION('',(0.857281889053,-0.514847319797,0.));
#5939 = ORIENTED_EDGE('',*,*,#5940,.T.);
#5940 = EDGE_CURVE('',#5933,#5941,#5943,.T.);
#5941 = VERTEX_POINT('',#5942);
#5942 = CARTESIAN_POINT('',(133.56764,-117.612601,1.585));
#5943 = LINE('',#5944,#5945);
#5944 = CARTESIAN_POINT('',(133.477168,-117.507969,1.585));
#5945 = VECTOR('',#5946,1.);
#5946 = DIRECTION('',(0.654066975428,-0.756436640872,0.));
#5947 = ORIENTED_EDGE('',*,*,#5948,.T.);
#5948 = EDGE_CURVE('',#5941,#5949,#5951,.T.);
#5949 = VERTEX_POINT('',#5950);
#5950 = CARTESIAN_POINT('',(133.559722,-117.723931,1.585));
#5951 = CIRCLE('',#5952,9.969451166486E-02);
#5952 = AXIS2_PLACEMENT_3D('',#5953,#5954,#5955);
#5953 = CARTESIAN_POINT('',(133.481277227,-117.6624052879,1.585));
#5954 = DIRECTION('',(0.,0.,-1.));
#5955 = DIRECTION('',(0.866274096285,0.499569004349,0.));
#5956 = ORIENTED_EDGE('',*,*,#5957,.T.);
#5957 = EDGE_CURVE('',#5949,#5958,#5960,.T.);
#5958 = VERTEX_POINT('',#5959);
#5959 = CARTESIAN_POINT('',(133.439813,-117.830117,1.585));
#5960 = LINE('',#5961,#5962);
#5961 = CARTESIAN_POINT('',(133.559722,-117.723931,1.585));
#5962 = VECTOR('',#5963,1.);
#5963 = DIRECTION('',(-0.748647410114,-0.662968366764,0.));
#5964 = ORIENTED_EDGE('',*,*,#5965,.T.);
#5965 = EDGE_CURVE('',#5958,#5966,#5968,.T.);
#5966 = VERTEX_POINT('',#5967);
#5967 = CARTESIAN_POINT('',(133.322889,-117.817041,1.585));
#5968 = CIRCLE('',#5969,9.902449458719E-02);
#5969 = AXIS2_PLACEMENT_3D('',#5970,#5971,#5972);
#5970 = CARTESIAN_POINT('',(133.39020416103,-117.7444151118,1.585));
#5971 = DIRECTION('',(-0.,0.,-1.));
#5972 = DIRECTION('',(0.500975432106,-0.865461504878,-0.));
#5973 = ORIENTED_EDGE('',*,*,#5974,.T.);
#5974 = EDGE_CURVE('',#5966,#5890,#5975,.T.);
#5975 = LINE('',#5976,#5977);
#5976 = CARTESIAN_POINT('',(133.322889,-117.817041,1.585));
#5977 = VECTOR('',#5978,1.);
#5978 = DIRECTION('',(-0.654059261841,0.7564433105,0.));
#5979 = PLANE('',#5980);
#5980 = AXIS2_PLACEMENT_3D('',#5981,#5982,#5983);
#5981 = CARTESIAN_POINT('',(0.,0.,1.585));
#5982 = DIRECTION('',(0.,0.,1.));
#5983 = DIRECTION('',(1.,0.,-0.));
#5984 = SHELL_BASED_SURFACE_MODEL('',(#5985));
#5985 = OPEN_SHELL('',(#5986));
#5986 = ADVANCED_FACE('',(#5987),#6023,.T.);
#5987 = FACE_BOUND('',#5988,.F.);
#5988 = EDGE_LOOP('',(#5989,#6000,#6008,#6017));
#5989 = ORIENTED_EDGE('',*,*,#5990,.T.);
#5990 = EDGE_CURVE('',#5991,#5993,#5995,.T.);
#5991 = VERTEX_POINT('',#5992);
#5992 = CARTESIAN_POINT('',(119.840489,-117.829724,1.585));
#5993 = VERTEX_POINT('',#5994);
#5994 = CARTESIAN_POINT('',(119.710169,-117.683114,1.585));
#5995 = CIRCLE('',#5996,0.100000232781);
#5996 = AXIS2_PLACEMENT_3D('',#5997,#5998,#5999);
#5997 = CARTESIAN_POINT('',(119.78991014806,-117.7434579794,1.585));
#5998 = DIRECTION('',(0.,0.,-1.));
#5999 = DIRECTION('',(0.505787341975,-0.862658196911,0.));
#6000 = ORIENTED_EDGE('',*,*,#6001,.T.);
#6001 = EDGE_CURVE('',#5993,#6002,#6004,.T.);
#6002 = VERTEX_POINT('',#6003);
#6003 = CARTESIAN_POINT('',(120.012546,-117.414335,1.585));
#6004 = LINE('',#6005,#6006);
#6005 = CARTESIAN_POINT('',(119.710169,-117.683114,1.585));
#6006 = VECTOR('',#6007,1.);
#6007 = DIRECTION('',(0.747410000554,0.664363071725,0.));
#6008 = ORIENTED_EDGE('',*,*,#6009,.T.);
#6009 = EDGE_CURVE('',#6002,#6010,#6012,.T.);
#6010 = VERTEX_POINT('',#6011);
#6011 = CARTESIAN_POINT('',(120.142866,-117.560945,1.585));
#6012 = CIRCLE('',#6013,0.100000232781);
#6013 = AXIS2_PLACEMENT_3D('',#6014,#6015,#6016);
#6014 = CARTESIAN_POINT('',(120.06312485193,-117.5006010205,1.585));
#6015 = DIRECTION('',(0.,0.,-1.));
#6016 = DIRECTION('',(-0.505787341975,0.862658196911,0.));
#6017 = ORIENTED_EDGE('',*,*,#6018,.T.);
#6018 = EDGE_CURVE('',#6010,#5991,#6019,.T.);
#6019 = LINE('',#6020,#6021);
#6020 = CARTESIAN_POINT('',(120.142866,-117.560945,1.585));
#6021 = VECTOR('',#6022,1.);
#6022 = DIRECTION('',(-0.747410000554,-0.664363071725,0.));
#6023 = PLANE('',#6024);
#6024 = AXIS2_PLACEMENT_3D('',#6025,#6026,#6027);
#6025 = CARTESIAN_POINT('',(0.,0.,1.585));
#6026 = DIRECTION('',(0.,0.,1.));
#6027 = DIRECTION('',(1.,0.,-0.));
#6028 = SHELL_BASED_SURFACE_MODEL('',(#6029));
#6029 = OPEN_SHELL('',(#6030));
#6030 = ADVANCED_FACE('',(#6031),#6067,.T.);
#6031 = FACE_BOUND('',#6032,.F.);
#6032 = EDGE_LOOP('',(#6033,#6044,#6052,#6061));
#6033 = ORIENTED_EDGE('',*,*,#6034,.T.);
#6034 = EDGE_CURVE('',#6035,#6037,#6039,.T.);
#6035 = VERTEX_POINT('',#6036);
#6036 = CARTESIAN_POINT('',(124.130965,-117.829724,1.585));
#6037 = VERTEX_POINT('',#6038);
#6038 = CARTESIAN_POINT('',(124.000645,-117.683114,1.585));
#6039 = CIRCLE('',#6040,0.100000232781);
#6040 = AXIS2_PLACEMENT_3D('',#6041,#6042,#6043);
#6041 = CARTESIAN_POINT('',(124.08038614806,-117.7434579794,1.585));
#6042 = DIRECTION('',(0.,0.,-1.));
#6043 = DIRECTION('',(0.505787341975,-0.862658196911,0.));
#6044 = ORIENTED_EDGE('',*,*,#6045,.T.);
#6045 = EDGE_CURVE('',#6037,#6046,#6048,.T.);
#6046 = VERTEX_POINT('',#6047);
#6047 = CARTESIAN_POINT('',(124.303022,-117.414335,1.585));
#6048 = LINE('',#6049,#6050);
#6049 = CARTESIAN_POINT('',(124.000645,-117.683114,1.585));
#6050 = VECTOR('',#6051,1.);
#6051 = DIRECTION('',(0.747410000554,0.664363071725,0.));
#6052 = ORIENTED_EDGE('',*,*,#6053,.T.);
#6053 = EDGE_CURVE('',#6046,#6054,#6056,.T.);
#6054 = VERTEX_POINT('',#6055);
#6055 = CARTESIAN_POINT('',(124.433342,-117.560945,1.585));
#6056 = CIRCLE('',#6057,0.100000232781);
#6057 = AXIS2_PLACEMENT_3D('',#6058,#6059,#6060);
#6058 = CARTESIAN_POINT('',(124.35360085193,-117.5006010205,1.585));
#6059 = DIRECTION('',(0.,0.,-1.));
#6060 = DIRECTION('',(-0.505787341975,0.862658196911,0.));
#6061 = ORIENTED_EDGE('',*,*,#6062,.T.);
#6062 = EDGE_CURVE('',#6054,#6035,#6063,.T.);
#6063 = LINE('',#6064,#6065);
#6064 = CARTESIAN_POINT('',(124.433342,-117.560945,1.585));
#6065 = VECTOR('',#6066,1.);
#6066 = DIRECTION('',(-0.747410000554,-0.664363071725,0.));
#6067 = PLANE('',#6068);
#6068 = AXIS2_PLACEMENT_3D('',#6069,#6070,#6071);
#6069 = CARTESIAN_POINT('',(0.,0.,1.585));
#6070 = DIRECTION('',(0.,0.,1.));
#6071 = DIRECTION('',(1.,0.,-0.));
#6072 = SHELL_BASED_SURFACE_MODEL('',(#6073));
#6073 = OPEN_SHELL('',(#6074));
#6074 = ADVANCED_FACE('',(#6075),#6202,.T.);
#6075 = FACE_BOUND('',#6076,.F.);
#6076 = EDGE_LOOP('',(#6077,#6088,#6096,#6105,#6113,#6121,#6129,#6138,
    #6146,#6154,#6162,#6171,#6179,#6188,#6196));
#6077 = ORIENTED_EDGE('',*,*,#6078,.T.);
#6078 = EDGE_CURVE('',#6079,#6081,#6083,.T.);
#6079 = VERTEX_POINT('',#6080);
#6080 = CARTESIAN_POINT('',(122.716211,-112.04901,1.585));
#6081 = VERTEX_POINT('',#6082);
#6082 = CARTESIAN_POINT('',(122.906014,-111.912057,1.585));
#6083 = CIRCLE('',#6084,0.200000482869);
#6084 = AXIS2_PLACEMENT_3D('',#6085,#6086,#6087);
#6085 = CARTESIAN_POINT('',(122.90601407703,-112.1120574828,1.585));
#6086 = DIRECTION('',(0.,0.,-1.));
#6087 = DIRECTION('',(-0.949013093927,0.315236653254,0.));
#6088 = ORIENTED_EDGE('',*,*,#6089,.T.);
#6089 = EDGE_CURVE('',#6081,#6090,#6092,.T.);
#6090 = VERTEX_POINT('',#6091);
#6091 = CARTESIAN_POINT('',(124.334586,-111.912057,1.585));
#6092 = LINE('',#6093,#6094);
#6093 = CARTESIAN_POINT('',(122.906014,-111.912057,1.585));
#6094 = VECTOR('',#6095,1.);
#6095 = DIRECTION('',(1.,0.,0.));
#6096 = ORIENTED_EDGE('',*,*,#6097,.T.);
#6097 = EDGE_CURVE('',#6090,#6098,#6100,.T.);
#6098 = VERTEX_POINT('',#6099);
#6099 = CARTESIAN_POINT('',(124.334586,-112.312057,1.585));
#6100 = CIRCLE('',#6101,0.2);
#6101 = AXIS2_PLACEMENT_3D('',#6102,#6103,#6104);
#6102 = CARTESIAN_POINT('',(124.3345859311,-112.112057,1.585));
#6103 = DIRECTION('',(0.,0.,-1.));
#6104 = DIRECTION('',(3.44456196899E-07,1.,0.));
#6105 = ORIENTED_EDGE('',*,*,#6106,.T.);
#6106 = EDGE_CURVE('',#6098,#6107,#6109,.T.);
#6107 = VERTEX_POINT('',#6108);
#6108 = CARTESIAN_POINT('',(123.082571,-112.312057,1.585));
#6109 = LINE('',#6110,#6111);
#6110 = CARTESIAN_POINT('',(124.334586,-112.312057,1.585));
#6111 = VECTOR('',#6112,1.);
#6112 = DIRECTION('',(-1.,0.,0.));
#6113 = ORIENTED_EDGE('',*,*,#6114,.T.);
#6114 = EDGE_CURVE('',#6107,#6115,#6117,.T.);
#6115 = VERTEX_POINT('',#6116);
#6116 = CARTESIAN_POINT('',(122.954,-113.340628,1.585));
#6117 = LINE('',#6118,#6119);
#6118 = CARTESIAN_POINT('',(123.082571,-112.312057,1.585));
#6119 = VECTOR('',#6120,1.);
#6120 = DIRECTION('',(-0.124034378387,-0.992277921239,0.));
#6121 = ORIENTED_EDGE('',*,*,#6122,.T.);
#6122 = EDGE_CURVE('',#6115,#6123,#6125,.T.);
#6123 = VERTEX_POINT('',#6124);
#6124 = CARTESIAN_POINT('',(123.727443,-113.340628,1.585));
#6125 = LINE('',#6126,#6127);
#6126 = CARTESIAN_POINT('',(122.954,-113.340628,1.585));
#6127 = VECTOR('',#6128,1.);
#6128 = DIRECTION('',(1.,0.,0.));
#6129 = ORIENTED_EDGE('',*,*,#6130,.T.);
#6130 = EDGE_CURVE('',#6123,#6131,#6133,.T.);
#6131 = VERTEX_POINT('',#6132);
#6132 = CARTESIAN_POINT('',(123.727443,-113.740628,1.585));
#6133 = CIRCLE('',#6134,0.2);
#6134 = AXIS2_PLACEMENT_3D('',#6135,#6136,#6137);
#6135 = CARTESIAN_POINT('',(123.7274429311,-113.540628,1.585));
#6136 = DIRECTION('',(0.,0.,-1.));
#6137 = DIRECTION('',(3.44456196899E-07,1.,0.));
#6138 = ORIENTED_EDGE('',*,*,#6139,.T.);
#6139 = EDGE_CURVE('',#6131,#6140,#6142,.T.);
#6140 = VERTEX_POINT('',#6141);
#6141 = CARTESIAN_POINT('',(122.904,-113.740628,1.585));
#6142 = LINE('',#6143,#6144);
#6143 = CARTESIAN_POINT('',(123.727443,-113.740628,1.585));
#6144 = VECTOR('',#6145,1.);
#6145 = DIRECTION('',(-1.,0.,0.));
#6146 = ORIENTED_EDGE('',*,*,#6147,.T.);
#6147 = EDGE_CURVE('',#6140,#6148,#6150,.T.);
#6148 = VERTEX_POINT('',#6149);
#6149 = CARTESIAN_POINT('',(122.757571,-114.912057,1.585));
#6150 = LINE('',#6151,#6152);
#6151 = CARTESIAN_POINT('',(122.904,-113.740628,1.585));
#6152 = VECTOR('',#6153,1.);
#6153 = DIRECTION('',(-0.124035047352,-0.992277837618,0.));
#6154 = ORIENTED_EDGE('',*,*,#6155,.T.);
#6155 = EDGE_CURVE('',#6148,#6156,#6158,.T.);
#6156 = VERTEX_POINT('',#6157);
#6157 = CARTESIAN_POINT('',(123.959586,-114.912057,1.585));
#6158 = LINE('',#6159,#6160);
#6159 = CARTESIAN_POINT('',(122.757571,-114.912057,1.585));
#6160 = VECTOR('',#6161,1.);
#6161 = DIRECTION('',(1.,0.,0.));
#6162 = ORIENTED_EDGE('',*,*,#6163,.T.);
#6163 = EDGE_CURVE('',#6156,#6164,#6166,.T.);
#6164 = VERTEX_POINT('',#6165);
#6165 = CARTESIAN_POINT('',(123.959586,-115.312057,1.585));
#6166 = CIRCLE('',#6167,0.2);
#6167 = AXIS2_PLACEMENT_3D('',#6168,#6169,#6170);
#6168 = CARTESIAN_POINT('',(123.9595859311,-115.112057,1.585));
#6169 = DIRECTION('',(0.,0.,-1.));
#6170 = DIRECTION('',(3.44456196899E-07,1.,0.));
#6171 = ORIENTED_EDGE('',*,*,#6172,.T.);
#6172 = EDGE_CURVE('',#6164,#6173,#6175,.T.);
#6173 = VERTEX_POINT('',#6174);
#6174 = CARTESIAN_POINT('',(122.531014,-115.312057,1.585));
#6175 = LINE('',#6176,#6177);
#6176 = CARTESIAN_POINT('',(123.959586,-115.312057,1.585));
#6177 = VECTOR('',#6178,1.);
#6178 = DIRECTION('',(-1.,0.,0.));
#6179 = ORIENTED_EDGE('',*,*,#6180,.T.);
#6180 = EDGE_CURVE('',#6173,#6181,#6183,.T.);
#6181 = VERTEX_POINT('',#6182);
#6182 = CARTESIAN_POINT('',(122.332558,-115.08725,1.585));
#6183 = CIRCLE('',#6184,0.200000537694);
#6184 = AXIS2_PLACEMENT_3D('',#6185,#6186,#6187);
#6185 = CARTESIAN_POINT('',(122.53101417779,-115.1120564623,1.585));
#6186 = DIRECTION('',(0.,0.,-1.));
#6187 = DIRECTION('',(-8.889818562158E-07,-1.,-0.));
#6188 = ORIENTED_EDGE('',*,*,#6189,.T.);
#6189 = EDGE_CURVE('',#6181,#6190,#6192,.T.);
#6190 = VERTEX_POINT('',#6191);
#6191 = CARTESIAN_POINT('',(122.711877,-112.068161,1.585));
#6192 = LINE('',#6193,#6194);
#6193 = CARTESIAN_POINT('',(122.332558,-115.08725,1.585));
#6194 = VECTOR('',#6195,1.);
#6195 = DIRECTION('',(0.124660161212,0.992199498189,0.));
#6196 = ORIENTED_EDGE('',*,*,#6197,.T.);
#6197 = EDGE_CURVE('',#6190,#6079,#6198,.T.);
#6198 = LINE('',#6199,#6200);
#6199 = CARTESIAN_POINT('',(122.711877,-112.068161,1.585));
#6200 = VECTOR('',#6201,1.);
#6201 = DIRECTION('',(0.220725104699,0.975336059087,0.));
#6202 = PLANE('',#6203);
#6203 = AXIS2_PLACEMENT_3D('',#6204,#6205,#6206);
#6204 = CARTESIAN_POINT('',(0.,0.,1.585));
#6205 = DIRECTION('',(0.,0.,1.));
#6206 = DIRECTION('',(1.,0.,-0.));
#6207 = SHELL_BASED_SURFACE_MODEL('',(#6208));
#6208 = OPEN_SHELL('',(#6209));
#6209 = ADVANCED_FACE('',(#6210,#6304),#6330,.T.);
#6210 = FACE_BOUND('',#6211,.F.);
#6211 = EDGE_LOOP('',(#6212,#6223,#6231,#6239,#6248,#6256,#6265,#6273,
    #6281,#6289,#6298));
#6212 = ORIENTED_EDGE('',*,*,#6213,.T.);
#6213 = EDGE_CURVE('',#6214,#6216,#6218,.T.);
#6214 = VERTEX_POINT('',#6215);
#6215 = CARTESIAN_POINT('',(118.152772,-112.028726,1.585));
#6216 = VERTEX_POINT('',#6217);
#6217 = CARTESIAN_POINT('',(118.332776,-111.912065,1.585));
#6218 = CIRCLE('',#6219,0.200000186988);
#6219 = AXIS2_PLACEMENT_3D('',#6220,#6221,#6222);
#6220 = CARTESIAN_POINT('',(118.33458514174,-112.1120570043,1.585));
#6221 = DIRECTION('',(0.,0.,-1.));
#6222 = DIRECTION('',(-0.909064858792,0.416654632171,0.));
#6223 = ORIENTED_EDGE('',*,*,#6224,.T.);
#6224 = EDGE_CURVE('',#6216,#6225,#6227,.T.);
#6225 = VERTEX_POINT('',#6226);
#6226 = CARTESIAN_POINT('',(118.356606,-111.916581,1.585));
#6227 = LINE('',#6228,#6229);
#6228 = CARTESIAN_POINT('',(118.332776,-111.912065,1.585));
#6229 = VECTOR('',#6230,1.);
#6230 = DIRECTION('',(0.982512802403,-0.186195040522,0.));
#6231 = ORIENTED_EDGE('',*,*,#6232,.T.);
#6232 = EDGE_CURVE('',#6225,#6233,#6235,.T.);
#6233 = VERTEX_POINT('',#6234);
#6234 = CARTESIAN_POINT('',(118.380845,-111.91748,1.585));
#6235 = LINE('',#6236,#6237);
#6236 = CARTESIAN_POINT('',(118.356606,-111.916581,1.585));
#6237 = VECTOR('',#6238,1.);
#6238 = DIRECTION('',(0.999312912238,-3.706350542951E-02,0.));
#6239 = ORIENTED_EDGE('',*,*,#6240,.T.);
#6240 = EDGE_CURVE('',#6233,#6241,#6243,.T.);
#6241 = VERTEX_POINT('',#6242);
#6242 = CARTESIAN_POINT('',(118.530381,-112.071266,1.585));
#6243 = CIRCLE('',#6244,0.199998226946);
#6244 = AXIS2_PLACEMENT_3D('',#6245,#6246,#6247);
#6245 = CARTESIAN_POINT('',(118.33458633972,-112.112054991,1.585));
#6246 = DIRECTION('',(0.,0.,-1.));
#6247 = DIRECTION('',(0.231295351882,0.972883579982,0.));
#6248 = ORIENTED_EDGE('',*,*,#6249,.T.);
#6249 = EDGE_CURVE('',#6241,#6250,#6252,.T.);
#6250 = VERTEX_POINT('',#6251);
#6251 = CARTESIAN_POINT('',(119.155381,-115.071266,1.585));
#6252 = LINE('',#6253,#6254);
#6253 = CARTESIAN_POINT('',(118.530381,-112.071266,1.585));
#6254 = VECTOR('',#6255,1.);
#6255 = DIRECTION('',(0.203954254112,-0.978980419738,0.));
#6256 = ORIENTED_EDGE('',*,*,#6257,.T.);
#6257 = EDGE_CURVE('',#6250,#6258,#6260,.T.);
#6258 = VERTEX_POINT('',#6259);
#6259 = CARTESIAN_POINT('',(118.763789,-115.152848,1.585));
#6260 = CIRCLE('',#6261,0.199999948243);
#6261 = AXIS2_PLACEMENT_3D('',#6262,#6263,#6264);
#6262 = CARTESIAN_POINT('',(118.95958500858,-115.1120570411,1.585));
#6263 = DIRECTION('',(0.,0.,-1.));
#6264 = DIRECTION('',(0.978980210448,0.203955258701,0.));
#6265 = ORIENTED_EDGE('',*,*,#6266,.T.);
#6266 = EDGE_CURVE('',#6258,#6267,#6269,.T.);
#6267 = VERTEX_POINT('',#6268);
#6268 = CARTESIAN_POINT('',(118.618386,-114.454914,1.585));
#6269 = LINE('',#6270,#6271);
#6270 = CARTESIAN_POINT('',(118.763789,-115.152848,1.585));
#6271 = VECTOR('',#6272,1.);
#6272 = DIRECTION('',(-0.20395436614,0.978980396398,0.));
#6273 = ORIENTED_EDGE('',*,*,#6274,.T.);
#6274 = EDGE_CURVE('',#6267,#6275,#6277,.T.);
#6275 = VERTEX_POINT('',#6276);
#6276 = CARTESIAN_POINT('',(117.480782,-114.454914,1.585));
#6277 = LINE('',#6278,#6279);
#6278 = CARTESIAN_POINT('',(118.618386,-114.454914,1.585));
#6279 = VECTOR('',#6280,1.);
#6280 = DIRECTION('',(-1.,0.,0.));
#6281 = ORIENTED_EDGE('',*,*,#6282,.T.);
#6282 = EDGE_CURVE('',#6275,#6283,#6285,.T.);
#6283 = VERTEX_POINT('',#6284);
#6284 = CARTESIAN_POINT('',(117.141398,-115.195388,1.585));
#6285 = LINE('',#6286,#6287);
#6286 = CARTESIAN_POINT('',(117.480782,-114.454914,1.585));
#6287 = VECTOR('',#6288,1.);
#6288 = DIRECTION('',(-0.416654795039,-0.909064784144,0.));
#6289 = ORIENTED_EDGE('',*,*,#6290,.T.);
#6290 = EDGE_CURVE('',#6283,#6291,#6293,.T.);
#6291 = VERTEX_POINT('',#6292);
#6292 = CARTESIAN_POINT('',(116.777772,-115.028726,1.585));
#6293 = CIRCLE('',#6294,0.200000056326);
#6294 = AXIS2_PLACEMENT_3D('',#6295,#6296,#6297);
#6295 = CARTESIAN_POINT('',(116.9595852285,-115.1120565014,1.585));
#6296 = DIRECTION('',(-0.,0.,-1.));
#6297 = DIRECTION('',(0.909063601464,-0.416657375422,-0.));
#6298 = ORIENTED_EDGE('',*,*,#6299,.T.);
#6299 = EDGE_CURVE('',#6291,#6214,#6300,.T.);
#6300 = LINE('',#6301,#6302);
#6301 = CARTESIAN_POINT('',(116.777772,-115.028726,1.585));
#6302 = VECTOR('',#6303,1.);
#6303 = DIRECTION('',(0.416654710493,0.909064822894,0.));
#6304 = FACE_BOUND('',#6305,.F.);
#6305 = EDGE_LOOP('',(#6306,#6316,#6324));
#6306 = ORIENTED_EDGE('',*,*,#6307,.T.);
#6307 = EDGE_CURVE('',#6308,#6310,#6312,.T.);
#6308 = VERTEX_POINT('',#6309);
#6309 = CARTESIAN_POINT('',(117.664115,-114.054914,1.585));
#6310 = VERTEX_POINT('',#6311);
#6311 = CARTESIAN_POINT('',(118.535053,-114.054914,1.585));
#6312 = LINE('',#6313,#6314);
#6313 = CARTESIAN_POINT('',(117.664115,-114.054914,1.585));
#6314 = VECTOR('',#6315,1.);
#6315 = DIRECTION('',(1.,0.,0.));
#6316 = ORIENTED_EDGE('',*,*,#6317,.T.);
#6317 = EDGE_CURVE('',#6310,#6318,#6320,.T.);
#6318 = VERTEX_POINT('',#6319);
#6319 = CARTESIAN_POINT('',(118.262884,-112.748507,1.585));
#6320 = LINE('',#6321,#6322);
#6321 = CARTESIAN_POINT('',(118.535053,-114.054914,1.585));
#6322 = VECTOR('',#6323,1.);
#6323 = DIRECTION('',(-0.203954882534,0.978980288816,0.));
#6324 = ORIENTED_EDGE('',*,*,#6325,.T.);
#6325 = EDGE_CURVE('',#6318,#6308,#6326,.T.);
#6326 = LINE('',#6327,#6328);
#6327 = CARTESIAN_POINT('',(118.262884,-112.748507,1.585));
#6328 = VECTOR('',#6329,1.);
#6329 = DIRECTION('',(-0.416654207324,-0.909065053513,0.));
#6330 = PLANE('',#6331);
#6331 = AXIS2_PLACEMENT_3D('',#6332,#6333,#6334);
#6332 = CARTESIAN_POINT('',(0.,0.,1.585));
#6333 = DIRECTION('',(0.,0.,1.));
#6334 = DIRECTION('',(1.,0.,-0.));
#6335 = SHELL_BASED_SURFACE_MODEL('',(#6336));
#6336 = OPEN_SHELL('',(#6337));
#6337 = ADVANCED_FACE('',(#6338),#6399,.T.);
#6338 = FACE_BOUND('',#6339,.F.);
#6339 = EDGE_LOOP('',(#6340,#6350,#6359,#6367,#6376,#6384,#6393));
#6340 = ORIENTED_EDGE('',*,*,#6341,.T.);
#6341 = EDGE_CURVE('',#6342,#6344,#6346,.T.);
#6342 = VERTEX_POINT('',#6343);
#6343 = CARTESIAN_POINT('',(120.602714,-114.475606,1.585));
#6344 = VERTEX_POINT('',#6345);
#6345 = CARTESIAN_POINT('',(121.724201,-112.028726,1.585));
#6346 = LINE('',#6347,#6348);
#6347 = CARTESIAN_POINT('',(120.602714,-114.475606,1.585));
#6348 = VECTOR('',#6349,1.);
#6349 = DIRECTION('',(0.416654812834,0.909064775988,0.));
#6350 = ORIENTED_EDGE('',*,*,#6351,.T.);
#6351 = EDGE_CURVE('',#6344,#6352,#6354,.T.);
#6352 = VERTEX_POINT('',#6353);
#6353 = CARTESIAN_POINT('',(122.087827,-112.195388,1.585));
#6354 = CIRCLE('',#6355,0.200000056325);
#6355 = AXIS2_PLACEMENT_3D('',#6356,#6357,#6358);
#6356 = CARTESIAN_POINT('',(121.90601418479,-112.1120565968,1.585));
#6357 = DIRECTION('',(0.,0.,-1.));
#6358 = DIRECTION('',(-0.909065667953,0.416652866724,0.));
#6359 = ORIENTED_EDGE('',*,*,#6360,.T.);
#6360 = EDGE_CURVE('',#6352,#6361,#6363,.T.);
#6361 = VERTEX_POINT('',#6362);
#6362 = CARTESIAN_POINT('',(120.712827,-115.195388,1.585));
#6363 = LINE('',#6364,#6365);
#6364 = CARTESIAN_POINT('',(122.087827,-112.195388,1.585));
#6365 = VECTOR('',#6366,1.);
#6366 = DIRECTION('',(-0.416654710493,-0.909064822894,0.));
#6367 = ORIENTED_EDGE('',*,*,#6368,.T.);
#6368 = EDGE_CURVE('',#6361,#6369,#6371,.T.);
#6369 = VERTEX_POINT('',#6370);
#6370 = CARTESIAN_POINT('',(120.335218,-115.152848,1.585));
#6371 = CIRCLE('',#6372,0.199999923253);
#6372 = AXIS2_PLACEMENT_3D('',#6373,#6374,#6375);
#6373 = CARTESIAN_POINT('',(120.53101402819,-115.1120572578,1.585));
#6374 = DIRECTION('',(-0.,0.,-1.));
#6375 = DIRECTION('',(0.909065207864,-0.416653870559,-0.));
#6376 = ORIENTED_EDGE('',*,*,#6377,.T.);
#6377 = EDGE_CURVE('',#6369,#6378,#6380,.T.);
#6378 = VERTEX_POINT('',#6379);
#6379 = CARTESIAN_POINT('',(119.710218,-112.152848,1.585));
#6380 = LINE('',#6381,#6382);
#6381 = CARTESIAN_POINT('',(120.335218,-115.152848,1.585));
#6382 = VECTOR('',#6383,1.);
#6383 = DIRECTION('',(-0.203954254112,0.978980419738,0.));
#6384 = ORIENTED_EDGE('',*,*,#6385,.T.);
#6385 = EDGE_CURVE('',#6378,#6386,#6388,.T.);
#6386 = VERTEX_POINT('',#6387);
#6387 = CARTESIAN_POINT('',(120.10181,-112.071266,1.585));
#6388 = CIRCLE('',#6389,0.199999948246);
#6389 = AXIS2_PLACEMENT_3D('',#6390,#6391,#6392);
#6390 = CARTESIAN_POINT('',(119.90601375628,-112.1120558301,1.585));
#6391 = DIRECTION('',(0.,0.,-1.));
#6392 = DIRECTION('',(-0.978979034777,-0.20396090181,-0.));
#6393 = ORIENTED_EDGE('',*,*,#6394,.T.);
#6394 = EDGE_CURVE('',#6386,#6342,#6395,.T.);
#6395 = LINE('',#6396,#6397);
#6396 = CARTESIAN_POINT('',(120.10181,-112.071266,1.585));
#6397 = VECTOR('',#6398,1.);
#6398 = DIRECTION('',(0.203954189073,-0.978980433287,0.));
#6399 = PLANE('',#6400);
#6400 = AXIS2_PLACEMENT_3D('',#6401,#6402,#6403);
#6401 = CARTESIAN_POINT('',(0.,0.,1.585));
#6402 = DIRECTION('',(0.,0.,1.));
#6403 = DIRECTION('',(1.,0.,-0.));
#6404 = SHELL_BASED_SURFACE_MODEL('',(#6405));
#6405 = OPEN_SHELL('',(#6406));
#6406 = ADVANCED_FACE('',(#6407),#6560,.T.);
#6407 = FACE_BOUND('',#6408,.F.);
#6408 = EDGE_LOOP('',(#6409,#6419,#6427,#6436,#6444,#6452,#6461,#6469,
    #6478,#6486,#6495,#6503,#6511,#6520,#6528,#6537,#6545,#6554));
#6409 = ORIENTED_EDGE('',*,*,#6410,.T.);
#6410 = EDGE_CURVE('',#6411,#6413,#6415,.T.);
#6411 = VERTEX_POINT('',#6412);
#6412 = CARTESIAN_POINT('',(114.496208,-114.28777,1.585));
#6413 = VERTEX_POINT('',#6414);
#6414 = CARTESIAN_POINT('',(115.050378,-112.87829,1.585));
#6415 = LINE('',#6416,#6417);
#6416 = CARTESIAN_POINT('',(114.496208,-114.28777,1.585));
#6417 = VECTOR('',#6418,1.);
#6418 = DIRECTION('',(0.365907306998,0.930651300265,0.));
#6419 = ORIENTED_EDGE('',*,*,#6420,.T.);
#6420 = EDGE_CURVE('',#6413,#6421,#6423,.T.);
#6421 = VERTEX_POINT('',#6422);
#6422 = CARTESIAN_POINT('',(115.059024,-112.861333,1.585));
#6423 = LINE('',#6424,#6425);
#6424 = CARTESIAN_POINT('',(115.050378,-112.87829,1.585));
#6425 = VECTOR('',#6426,1.);
#6426 = DIRECTION('',(0.454239775802,0.890879467762,0.));
#6427 = ORIENTED_EDGE('',*,*,#6428,.T.);
#6428 = EDGE_CURVE('',#6421,#6429,#6431,.T.);
#6429 = VERTEX_POINT('',#6430);
#6430 = CARTESIAN_POINT('',(115.425465,-112.941147,1.585));
#6431 = CIRCLE('',#6432,0.19999995896);
#6432 = AXIS2_PLACEMENT_3D('',#6433,#6434,#6435);
#6433 = CARTESIAN_POINT('',(115.22744223625,-112.969199961,1.585));
#6434 = DIRECTION('',(0.,0.,-1.));
#6435 = DIRECTION('',(-0.842091354067,0.539334915804,0.));
#6436 = ORIENTED_EDGE('',*,*,#6437,.T.);
#6437 = EDGE_CURVE('',#6429,#6438,#6440,.T.);
#6438 = VERTEX_POINT('',#6439);
#6439 = CARTESIAN_POINT('',(115.6166,-114.290337,1.585));
#6440 = LINE('',#6441,#6442);
#6441 = CARTESIAN_POINT('',(115.425465,-112.941147,1.585));
#6442 = VECTOR('',#6443,1.);
#6443 = DIRECTION('',(0.140265947294,-0.990113864174,0.));
#6444 = ORIENTED_EDGE('',*,*,#6445,.T.);
#6445 = EDGE_CURVE('',#6438,#6446,#6448,.T.);
#6446 = VERTEX_POINT('',#6447);
#6447 = CARTESIAN_POINT('',(116.432308,-112.043798,1.585));
#6448 = LINE('',#6449,#6450);
#6449 = CARTESIAN_POINT('',(115.6166,-114.290337,1.585));
#6450 = VECTOR('',#6451,1.);
#6451 = DIRECTION('',(0.341293935082,0.939956621274,0.));
#6452 = ORIENTED_EDGE('',*,*,#6453,.T.);
#6453 = EDGE_CURVE('',#6446,#6454,#6456,.T.);
#6454 = VERTEX_POINT('',#6455);
#6455 = CARTESIAN_POINT('',(116.80829,-112.180316,1.585));
#6456 = CIRCLE('',#6457,0.199999767906);
#6457 = AXIS2_PLACEMENT_3D('',#6458,#6459,#6460);
#6458 = CARTESIAN_POINT('',(116.62029882587,-112.1120574795,1.585));
#6459 = DIRECTION('',(0.,0.,-1.));
#6460 = DIRECTION('',(-0.939955220169,0.341297793836,0.));
#6461 = ORIENTED_EDGE('',*,*,#6462,.T.);
#6462 = EDGE_CURVE('',#6454,#6463,#6465,.T.);
#6463 = VERTEX_POINT('',#6464);
#6464 = CARTESIAN_POINT('',(115.70831,-115.202656,1.585));
#6465 = LINE('',#6466,#6467);
#6466 = CARTESIAN_POINT('',(116.80829,-112.180316,1.585));
#6467 = VECTOR('',#6468,1.);
#6468 = DIRECTION('',(-0.342003176849,-0.939698795905,0.));
#6469 = ORIENTED_EDGE('',*,*,#6470,.T.);
#6470 = EDGE_CURVE('',#6463,#6471,#6473,.T.);
#6471 = VERTEX_POINT('',#6472);
#6472 = CARTESIAN_POINT('',(115.519896,-115.311747,1.585));
#6473 = CIRCLE('',#6474,0.195938122702);
#6474 = AXIS2_PLACEMENT_3D('',#6475,#6476,#6477);
#6475 = CARTESIAN_POINT('',(115.53247108306,-115.1162128208,1.585));
#6476 = DIRECTION('',(0.,0.,-1.));
#6477 = DIRECTION('',(0.897420647426,-0.441175907743,0.));
#6478 = ORIENTED_EDGE('',*,*,#6479,.T.);
#6479 = EDGE_CURVE('',#6471,#6480,#6482,.T.);
#6480 = VERTEX_POINT('',#6481);
#6481 = CARTESIAN_POINT('',(115.444324,-115.292292,1.585));
#6482 = LINE('',#6483,#6484);
#6483 = CARTESIAN_POINT('',(115.519896,-115.311747,1.585));
#6484 = VECTOR('',#6485,1.);
#6485 = DIRECTION('',(-0.968424279883,0.249307870178,0.));
#6486 = ORIENTED_EDGE('',*,*,#6487,.T.);
#6487 = EDGE_CURVE('',#6480,#6488,#6490,.T.);
#6488 = VERTEX_POINT('',#6489);
#6489 = CARTESIAN_POINT('',(115.332991,-115.14011,1.585));
#6490 = CIRCLE('',#6491,0.200000234936);
#6491 = AXIS2_PLACEMENT_3D('',#6492,#6493,#6494);
#6492 = CARTESIAN_POINT('',(115.53101392045,-115.1120561776,1.585));
#6493 = DIRECTION('',(0.,0.,-1.));
#6494 = DIRECTION('',(-0.433449093101,-0.901178053267,-0.));
#6495 = ORIENTED_EDGE('',*,*,#6496,.T.);
#6496 = EDGE_CURVE('',#6488,#6497,#6499,.T.);
#6497 = VERTEX_POINT('',#6498);
#6498 = CARTESIAN_POINT('',(115.136155,-113.750682,1.585));
#6499 = LINE('',#6500,#6501);
#6500 = CARTESIAN_POINT('',(115.332991,-115.14011,1.585));
#6501 = VECTOR('',#6502,1.);
#6502 = DIRECTION('',(-0.140266383296,0.990113802407,0.));
#6503 = ORIENTED_EDGE('',*,*,#6504,.T.);
#6504 = EDGE_CURVE('',#6497,#6505,#6507,.T.);
#6505 = VERTEX_POINT('',#6506);
#6506 = CARTESIAN_POINT('',(114.562892,-115.207533,1.585));
#6507 = LINE('',#6508,#6509);
#6508 = CARTESIAN_POINT('',(115.136155,-113.750682,1.585));
#6509 = VECTOR('',#6510,1.);
#6510 = DIRECTION('',(-0.366166191397,-0.930549472236,0.));
#6511 = ORIENTED_EDGE('',*,*,#6512,.T.);
#6512 = EDGE_CURVE('',#6505,#6513,#6515,.T.);
#6513 = VERTEX_POINT('',#6514);
#6514 = CARTESIAN_POINT('',(114.37143,-115.311356,1.585));
#6515 = CIRCLE('',#6516,0.196008798928);
#6516 = AXIS2_PLACEMENT_3D('',#6517,#6518,#6519);
#6517 = CARTESIAN_POINT('',(114.38947348891,-115.11617946,1.585));
#6518 = DIRECTION('',(0.,0.,-1.));
#6519 = DIRECTION('',(0.884748603299,-0.466068566801,0.));
#6520 = ORIENTED_EDGE('',*,*,#6521,.T.);
#6521 = EDGE_CURVE('',#6513,#6522,#6524,.T.);
#6522 = VERTEX_POINT('',#6523);
#6523 = CARTESIAN_POINT('',(114.296435,-115.289785,1.585));
#6524 = LINE('',#6525,#6526);
#6525 = CARTESIAN_POINT('',(114.37143,-115.311356,1.585));
#6526 = VECTOR('',#6527,1.);
#6527 = DIRECTION('',(-0.961035480009,0.276425046194,0.));
#6528 = ORIENTED_EDGE('',*,*,#6529,.T.);
#6529 = EDGE_CURVE('',#6522,#6530,#6532,.T.);
#6530 = VERTEX_POINT('',#6531);
#6531 = CARTESIAN_POINT('',(114.189424,-115.134533,1.585));
#6532 = CIRCLE('',#6533,0.200000438687);
#6533 = AXIS2_PLACEMENT_3D('',#6534,#6535,#6536);
#6534 = CARTESIAN_POINT('',(114.38815753056,-115.1120572507,1.585));
#6535 = DIRECTION('',(0.,0.,-1.));
#6536 = DIRECTION('',(-0.458611646874,-0.888636797208,-0.));
#6537 = ORIENTED_EDGE('',*,*,#6538,.T.);
#6538 = EDGE_CURVE('',#6530,#6539,#6541,.T.);
#6539 = VERTEX_POINT('',#6540);
#6540 = CARTESIAN_POINT('',(113.850138,-112.134533,1.585));
#6541 = LINE('',#6542,#6543);
#6542 = CARTESIAN_POINT('',(114.189424,-115.134533,1.585));
#6543 = VECTOR('',#6544,1.);
#6544 = DIRECTION('',(-0.112378922515,0.99366542547,0.));
#6545 = ORIENTED_EDGE('',*,*,#6546,.T.);
#6546 = EDGE_CURVE('',#6539,#6547,#6549,.T.);
#6547 = VERTEX_POINT('',#6548);
#6548 = CARTESIAN_POINT('',(114.247604,-112.089581,1.585));
#6549 = CIRCLE('',#6550,0.199999939666);
#6550 = AXIS2_PLACEMENT_3D('',#6551,#6552,#6553);
#6551 = CARTESIAN_POINT('',(114.04887113239,-112.1120581706,1.585));
#6552 = DIRECTION('',(0.,0.,-1.));
#6553 = DIRECTION('',(-0.993665961735,-0.112374180705,-0.));
#6554 = ORIENTED_EDGE('',*,*,#6555,.T.);
#6555 = EDGE_CURVE('',#6547,#6411,#6556,.T.);
#6556 = LINE('',#6557,#6558);
#6557 = CARTESIAN_POINT('',(114.247604,-112.089581,1.585));
#6558 = VECTOR('',#6559,1.);
#6559 = DIRECTION('',(0.112378512926,-0.993665471793,0.));
#6560 = PLANE('',#6561);
#6561 = AXIS2_PLACEMENT_3D('',#6562,#6563,#6564);
#6562 = CARTESIAN_POINT('',(0.,0.,1.585));
#6563 = DIRECTION('',(0.,0.,1.));
#6564 = DIRECTION('',(1.,0.,-0.));
#6565 = SHELL_BASED_SURFACE_MODEL('',(#6566));
#6566 = OPEN_SHELL('',(#6567));
#6567 = ADVANCED_FACE('',(#6568),#6653,.T.);
#6568 = FACE_BOUND('',#6569,.F.);
#6569 = EDGE_LOOP('',(#6570,#6581,#6589,#6597,#6606,#6614,#6622,#6631,
    #6639,#6647));
#6570 = ORIENTED_EDGE('',*,*,#6571,.T.);
#6571 = EDGE_CURVE('',#6572,#6574,#6576,.T.);
#6572 = VERTEX_POINT('',#6573);
#6573 = CARTESIAN_POINT('',(127.059295,-111.962187,1.585));
#6574 = VERTEX_POINT('',#6575);
#6575 = CARTESIAN_POINT('',(127.350857,-112.233212,1.585));
#6576 = CIRCLE('',#6577,0.20000011556);
#6577 = AXIS2_PLACEMENT_3D('',#6578,#6579,#6580);
#6578 = CARTESIAN_POINT('',(127.19172894225,-112.112057935,1.585));
#6579 = DIRECTION('',(0.,0.,-1.));
#6580 = DIRECTION('',(-0.662169328648,0.74935424213,0.));
#6581 = ORIENTED_EDGE('',*,*,#6582,.T.);
#6582 = EDGE_CURVE('',#6574,#6583,#6585,.T.);
#6583 = VERTEX_POINT('',#6584);
#6584 = CARTESIAN_POINT('',(126.187072,-113.761763,1.585));
#6585 = LINE('',#6586,#6587);
#6586 = CARTESIAN_POINT('',(127.350857,-112.233212,1.585));
#6587 = VECTOR('',#6588,1.);
#6588 = DIRECTION('',(-0.605771381958,-0.795638757729,0.));
#6589 = ORIENTED_EDGE('',*,*,#6590,.T.);
#6590 = EDGE_CURVE('',#6583,#6591,#6593,.T.);
#6591 = VERTEX_POINT('',#6592);
#6592 = CARTESIAN_POINT('',(126.015185,-115.136864,1.585));
#6593 = LINE('',#6594,#6595);
#6594 = CARTESIAN_POINT('',(126.187072,-113.761763,1.585));
#6595 = VECTOR('',#6596,1.);
#6596 = DIRECTION('',(-0.124034290525,-0.992277932222,0.));
#6597 = ORIENTED_EDGE('',*,*,#6598,.T.);
#6598 = EDGE_CURVE('',#6591,#6599,#6601,.T.);
#6599 = VERTEX_POINT('',#6600);
#6600 = CARTESIAN_POINT('',(125.618273,-115.08725,1.585));
#6601 = CIRCLE('',#6602,0.200000427962);
#6602 = AXIS2_PLACEMENT_3D('',#6603,#6604,#6605);
#6603 = CARTESIAN_POINT('',(125.81672904611,-115.112056631,1.585));
#6604 = DIRECTION('',(-0.,0.,-1.));
#6605 = DIRECTION('',(0.992277646128,-0.124036579261,-0.));
#6606 = ORIENTED_EDGE('',*,*,#6607,.T.);
#6607 = EDGE_CURVE('',#6599,#6608,#6610,.T.);
#6608 = VERTEX_POINT('',#6609);
#6609 = CARTESIAN_POINT('',(125.78921,-113.719747,1.585));
#6610 = LINE('',#6611,#6612);
#6611 = CARTESIAN_POINT('',(125.618273,-115.08725,1.585));
#6612 = VECTOR('',#6613,1.);
#6613 = DIRECTION('',(0.124034109446,0.992277954856,0.));
#6614 = ORIENTED_EDGE('',*,*,#6615,.T.);
#6615 = EDGE_CURVE('',#6608,#6616,#6618,.T.);
#6616 = VERTEX_POINT('',#6617);
#6617 = CARTESIAN_POINT('',(125.01366,-112.203115,1.585));
#6618 = LINE('',#6619,#6620);
#6619 = CARTESIAN_POINT('',(125.78921,-113.719747,1.585));
#6620 = VECTOR('',#6621,1.);
#6621 = DIRECTION('',(-0.455289104338,0.890343659196,0.));
#6622 = ORIENTED_EDGE('',*,*,#6623,.T.);
#6623 = EDGE_CURVE('',#6616,#6624,#6626,.T.);
#6624 = VERTEX_POINT('',#6625);
#6625 = CARTESIAN_POINT('',(125.369798,-112.020999,1.585));
#6626 = CIRCLE('',#6627,0.200000320312);
#6627 = AXIS2_PLACEMENT_3D('',#6628,#6629,#6630);
#6628 = CARTESIAN_POINT('',(125.19172893748,-112.1120568777,1.585));
#6629 = DIRECTION('',(0.,0.,-1.));
#6630 = DIRECTION('',(-0.890343261486,-0.455289882082,-0.));
#6631 = ORIENTED_EDGE('',*,*,#6632,.T.);
#6632 = EDGE_CURVE('',#6624,#6633,#6635,.T.);
#6633 = VERTEX_POINT('',#6634);
#6634 = CARTESIAN_POINT('',(126.028681,-113.309482,1.585));
#6635 = LINE('',#6636,#6637);
#6636 = CARTESIAN_POINT('',(125.369798,-112.020999,1.585));
#6637 = VECTOR('',#6638,1.);
#6638 = DIRECTION('',(0.455289122904,-0.890343649702,0.));
#6639 = ORIENTED_EDGE('',*,*,#6640,.T.);
#6640 = EDGE_CURVE('',#6633,#6641,#6643,.T.);
#6641 = VERTEX_POINT('',#6642);
#6642 = CARTESIAN_POINT('',(127.032601,-111.990903,1.585));
#6643 = LINE('',#6644,#6645);
#6644 = CARTESIAN_POINT('',(126.028681,-113.309482,1.585));
#6645 = VECTOR('',#6646,1.);
#6646 = DIRECTION('',(0.605771496512,0.795638670511,0.));
#6647 = ORIENTED_EDGE('',*,*,#6648,.T.);
#6648 = EDGE_CURVE('',#6641,#6572,#6649,.T.);
#6649 = LINE('',#6650,#6651);
#6650 = CARTESIAN_POINT('',(127.032601,-111.990903,1.585));
#6651 = VECTOR('',#6652,1.);
#6652 = DIRECTION('',(0.680850145741,0.732422746127,0.));
#6653 = PLANE('',#6654);
#6654 = AXIS2_PLACEMENT_3D('',#6655,#6656,#6657);
#6655 = CARTESIAN_POINT('',(0.,0.,1.585));
#6656 = DIRECTION('',(0.,0.,1.));
#6657 = DIRECTION('',(1.,0.,-0.));
#6658 = SHELL_BASED_SURFACE_MODEL('',(#6659));
#6659 = OPEN_SHELL('',(#6660));
#6660 = ADVANCED_FACE('',(#6661),#6672,.T.);
#6661 = FACE_BOUND('',#6662,.T.);
#6662 = EDGE_LOOP('',(#6663));
#6663 = ORIENTED_EDGE('',*,*,#6664,.T.);
#6664 = EDGE_CURVE('',#6665,#6665,#6667,.T.);
#6665 = VERTEX_POINT('',#6666);
#6666 = CARTESIAN_POINT('',(188.964999,-109.18,1.585));
#6667 = CIRCLE('',#6668,0.503999);
#6668 = AXIS2_PLACEMENT_3D('',#6669,#6670,#6671);
#6669 = CARTESIAN_POINT('',(188.461,-109.18,1.585));
#6670 = DIRECTION('',(0.,0.,1.));
#6671 = DIRECTION('',(1.,0.,-0.));
#6672 = PLANE('',#6673);
#6673 = AXIS2_PLACEMENT_3D('',#6674,#6675,#6676);
#6674 = CARTESIAN_POINT('',(0.,0.,1.585));
#6675 = DIRECTION('',(0.,0.,1.));
#6676 = DIRECTION('',(1.,0.,-0.));
#6677 = SHELL_BASED_SURFACE_MODEL('',(#6678));
#6678 = OPEN_SHELL('',(#6679));
#6679 = ADVANCED_FACE('',(#6680,#6750),#6784,.T.);
#6680 = FACE_BOUND('',#6681,.F.);
#6681 = EDGE_LOOP('',(#6682,#6693,#6701,#6710,#6718,#6727,#6735,#6744));
#6682 = ORIENTED_EDGE('',*,*,#6683,.T.);
#6683 = EDGE_CURVE('',#6684,#6686,#6688,.T.);
#6684 = VERTEX_POINT('',#6685);
#6685 = CARTESIAN_POINT('',(152.915,-91.905,1.585));
#6686 = VERTEX_POINT('',#6687);
#6687 = CARTESIAN_POINT('',(152.975,-91.845,1.585));
#6688 = CIRCLE('',#6689,5.999932016264E-02);
#6689 = AXIS2_PLACEMENT_3D('',#6690,#6691,#6692);
#6690 = CARTESIAN_POINT('',(152.97499932015,-91.90499932015,1.585));
#6691 = DIRECTION('',(0.,0.,-1.));
#6692 = DIRECTION('',(-0.999999999936,-1.133081541086E-05,-0.));
#6693 = ORIENTED_EDGE('',*,*,#6694,.T.);
#6694 = EDGE_CURVE('',#6686,#6695,#6697,.T.);
#6695 = VERTEX_POINT('',#6696);
#6696 = CARTESIAN_POINT('',(166.945,-91.845,1.585));
#6697 = LINE('',#6698,#6699);
#6698 = CARTESIAN_POINT('',(152.975,-91.845,1.585));
#6699 = VECTOR('',#6700,1.);
#6700 = DIRECTION('',(1.,0.,0.));
#6701 = ORIENTED_EDGE('',*,*,#6702,.T.);
#6702 = EDGE_CURVE('',#6695,#6703,#6705,.T.);
#6703 = VERTEX_POINT('',#6704);
#6704 = CARTESIAN_POINT('',(167.005,-91.905,1.585));
#6705 = CIRCLE('',#6706,5.999932016257E-02);
#6706 = AXIS2_PLACEMENT_3D('',#6707,#6708,#6709);
#6707 = CARTESIAN_POINT('',(166.94500067984,-91.90499932015,1.585));
#6708 = DIRECTION('',(0.,0.,-1.));
#6709 = DIRECTION('',(-1.133081659513E-05,0.999999999936,0.));
#6710 = ORIENTED_EDGE('',*,*,#6711,.T.);
#6711 = EDGE_CURVE('',#6703,#6712,#6714,.T.);
#6712 = VERTEX_POINT('',#6713);
#6713 = CARTESIAN_POINT('',(167.005,-105.875,1.585));
#6714 = LINE('',#6715,#6716);
#6715 = CARTESIAN_POINT('',(167.005,-91.905,1.585));
#6716 = VECTOR('',#6717,1.);
#6717 = DIRECTION('',(0.,-1.,0.));
#6718 = ORIENTED_EDGE('',*,*,#6719,.T.);
#6719 = EDGE_CURVE('',#6712,#6720,#6722,.T.);
#6720 = VERTEX_POINT('',#6721);
#6721 = CARTESIAN_POINT('',(166.945,-105.935,1.585));
#6722 = CIRCLE('',#6723,5.999932016264E-02);
#6723 = AXIS2_PLACEMENT_3D('',#6724,#6725,#6726);
#6724 = CARTESIAN_POINT('',(166.94500067984,-105.8750006798,1.585));
#6725 = DIRECTION('',(0.,0.,-1.));
#6726 = DIRECTION('',(0.999999999936,1.133081541086E-05,0.));
#6727 = ORIENTED_EDGE('',*,*,#6728,.T.);
#6728 = EDGE_CURVE('',#6720,#6729,#6731,.T.);
#6729 = VERTEX_POINT('',#6730);
#6730 = CARTESIAN_POINT('',(152.975,-105.935,1.585));
#6731 = LINE('',#6732,#6733);
#6732 = CARTESIAN_POINT('',(166.945,-105.935,1.585));
#6733 = VECTOR('',#6734,1.);
#6734 = DIRECTION('',(-1.,0.,0.));
#6735 = ORIENTED_EDGE('',*,*,#6736,.T.);
#6736 = EDGE_CURVE('',#6729,#6737,#6739,.T.);
#6737 = VERTEX_POINT('',#6738);
#6738 = CARTESIAN_POINT('',(152.915,-105.875,1.585));
#6739 = CIRCLE('',#6740,5.999932016268E-02);
#6740 = AXIS2_PLACEMENT_3D('',#6741,#6742,#6743);
#6741 = CARTESIAN_POINT('',(152.97499932015,-105.8750006798,1.585));
#6742 = DIRECTION('',(0.,0.,-1.));
#6743 = DIRECTION('',(1.133081470031E-05,-0.999999999936,0.));
#6744 = ORIENTED_EDGE('',*,*,#6745,.T.);
#6745 = EDGE_CURVE('',#6737,#6684,#6746,.T.);
#6746 = LINE('',#6747,#6748);
#6747 = CARTESIAN_POINT('',(152.915,-105.875,1.585));
#6748 = VECTOR('',#6749,1.);
#6749 = DIRECTION('',(0.,1.,0.));
#6750 = FACE_BOUND('',#6751,.F.);
#6751 = EDGE_LOOP('',(#6752,#6762,#6770,#6778));
#6752 = ORIENTED_EDGE('',*,*,#6753,.T.);
#6753 = EDGE_CURVE('',#6754,#6756,#6758,.T.);
#6754 = VERTEX_POINT('',#6755);
#6755 = CARTESIAN_POINT('',(166.885,-105.815,1.585));
#6756 = VERTEX_POINT('',#6757);
#6757 = CARTESIAN_POINT('',(166.885,-91.965,1.585));
#6758 = LINE('',#6759,#6760);
#6759 = CARTESIAN_POINT('',(166.885,-105.815,1.585));
#6760 = VECTOR('',#6761,1.);
#6761 = DIRECTION('',(0.,1.,0.));
#6762 = ORIENTED_EDGE('',*,*,#6763,.T.);
#6763 = EDGE_CURVE('',#6756,#6764,#6766,.T.);
#6764 = VERTEX_POINT('',#6765);
#6765 = CARTESIAN_POINT('',(153.035,-91.965,1.585));
#6766 = LINE('',#6767,#6768);
#6767 = CARTESIAN_POINT('',(166.885,-91.965,1.585));
#6768 = VECTOR('',#6769,1.);
#6769 = DIRECTION('',(-1.,0.,0.));
#6770 = ORIENTED_EDGE('',*,*,#6771,.T.);
#6771 = EDGE_CURVE('',#6764,#6772,#6774,.T.);
#6772 = VERTEX_POINT('',#6773);
#6773 = CARTESIAN_POINT('',(153.035,-105.815,1.585));
#6774 = LINE('',#6775,#6776);
#6775 = CARTESIAN_POINT('',(153.035,-91.965,1.585));
#6776 = VECTOR('',#6777,1.);
#6777 = DIRECTION('',(0.,-1.,0.));
#6778 = ORIENTED_EDGE('',*,*,#6779,.T.);
#6779 = EDGE_CURVE('',#6772,#6754,#6780,.T.);
#6780 = LINE('',#6781,#6782);
#6781 = CARTESIAN_POINT('',(153.035,-105.815,1.585));
#6782 = VECTOR('',#6783,1.);
#6783 = DIRECTION('',(1.,0.,0.));
#6784 = PLANE('',#6785);
#6785 = AXIS2_PLACEMENT_3D('',#6786,#6787,#6788);
#6786 = CARTESIAN_POINT('',(0.,0.,1.585));
#6787 = DIRECTION('',(0.,0.,1.));
#6788 = DIRECTION('',(1.,0.,-0.));
#6789 = SHELL_BASED_SURFACE_MODEL('',(#6790));
#6790 = OPEN_SHELL('',(#6791));
#6791 = ADVANCED_FACE('',(#6792,#6862),#6896,.T.);
#6792 = FACE_BOUND('',#6793,.F.);
#6793 = EDGE_LOOP('',(#6794,#6805,#6813,#6822,#6830,#6839,#6847,#6856));
#6794 = ORIENTED_EDGE('',*,*,#6795,.T.);
#6795 = EDGE_CURVE('',#6796,#6798,#6800,.T.);
#6796 = VERTEX_POINT('',#6797);
#6797 = CARTESIAN_POINT('',(171.915,-91.905,1.585));
#6798 = VERTEX_POINT('',#6799);
#6799 = CARTESIAN_POINT('',(171.975,-91.845,1.585));
#6800 = CIRCLE('',#6801,5.999932016264E-02);
#6801 = AXIS2_PLACEMENT_3D('',#6802,#6803,#6804);
#6802 = CARTESIAN_POINT('',(171.97499932015,-91.90499932015,1.585));
#6803 = DIRECTION('',(0.,0.,-1.));
#6804 = DIRECTION('',(-0.999999999936,-1.133081541086E-05,-0.));
#6805 = ORIENTED_EDGE('',*,*,#6806,.T.);
#6806 = EDGE_CURVE('',#6798,#6807,#6809,.T.);
#6807 = VERTEX_POINT('',#6808);
#6808 = CARTESIAN_POINT('',(185.945,-91.845,1.585));
#6809 = LINE('',#6810,#6811);
#6810 = CARTESIAN_POINT('',(171.975,-91.845,1.585));
#6811 = VECTOR('',#6812,1.);
#6812 = DIRECTION('',(1.,0.,0.));
#6813 = ORIENTED_EDGE('',*,*,#6814,.T.);
#6814 = EDGE_CURVE('',#6807,#6815,#6817,.T.);
#6815 = VERTEX_POINT('',#6816);
#6816 = CARTESIAN_POINT('',(186.005,-91.905,1.585));
#6817 = CIRCLE('',#6818,5.999932016257E-02);
#6818 = AXIS2_PLACEMENT_3D('',#6819,#6820,#6821);
#6819 = CARTESIAN_POINT('',(185.94500067984,-91.90499932015,1.585));
#6820 = DIRECTION('',(0.,0.,-1.));
#6821 = DIRECTION('',(-1.133081659513E-05,0.999999999936,0.));
#6822 = ORIENTED_EDGE('',*,*,#6823,.T.);
#6823 = EDGE_CURVE('',#6815,#6824,#6826,.T.);
#6824 = VERTEX_POINT('',#6825);
#6825 = CARTESIAN_POINT('',(186.005,-105.875,1.585));
#6826 = LINE('',#6827,#6828);
#6827 = CARTESIAN_POINT('',(186.005,-91.905,1.585));
#6828 = VECTOR('',#6829,1.);
#6829 = DIRECTION('',(0.,-1.,0.));
#6830 = ORIENTED_EDGE('',*,*,#6831,.T.);
#6831 = EDGE_CURVE('',#6824,#6832,#6834,.T.);
#6832 = VERTEX_POINT('',#6833);
#6833 = CARTESIAN_POINT('',(185.945,-105.935,1.585));
#6834 = CIRCLE('',#6835,5.999932016264E-02);
#6835 = AXIS2_PLACEMENT_3D('',#6836,#6837,#6838);
#6836 = CARTESIAN_POINT('',(185.94500067984,-105.8750006798,1.585));
#6837 = DIRECTION('',(0.,0.,-1.));
#6838 = DIRECTION('',(0.999999999936,1.133081541086E-05,0.));
#6839 = ORIENTED_EDGE('',*,*,#6840,.T.);
#6840 = EDGE_CURVE('',#6832,#6841,#6843,.T.);
#6841 = VERTEX_POINT('',#6842);
#6842 = CARTESIAN_POINT('',(171.975,-105.935,1.585));
#6843 = LINE('',#6844,#6845);
#6844 = CARTESIAN_POINT('',(185.945,-105.935,1.585));
#6845 = VECTOR('',#6846,1.);
#6846 = DIRECTION('',(-1.,0.,0.));
#6847 = ORIENTED_EDGE('',*,*,#6848,.T.);
#6848 = EDGE_CURVE('',#6841,#6849,#6851,.T.);
#6849 = VERTEX_POINT('',#6850);
#6850 = CARTESIAN_POINT('',(171.915,-105.875,1.585));
#6851 = CIRCLE('',#6852,5.999932016268E-02);
#6852 = AXIS2_PLACEMENT_3D('',#6853,#6854,#6855);
#6853 = CARTESIAN_POINT('',(171.97499932015,-105.8750006798,1.585));
#6854 = DIRECTION('',(0.,0.,-1.));
#6855 = DIRECTION('',(1.133081470031E-05,-0.999999999936,0.));
#6856 = ORIENTED_EDGE('',*,*,#6857,.T.);
#6857 = EDGE_CURVE('',#6849,#6796,#6858,.T.);
#6858 = LINE('',#6859,#6860);
#6859 = CARTESIAN_POINT('',(171.915,-105.875,1.585));
#6860 = VECTOR('',#6861,1.);
#6861 = DIRECTION('',(0.,1.,0.));
#6862 = FACE_BOUND('',#6863,.F.);
#6863 = EDGE_LOOP('',(#6864,#6874,#6882,#6890));
#6864 = ORIENTED_EDGE('',*,*,#6865,.T.);
#6865 = EDGE_CURVE('',#6866,#6868,#6870,.T.);
#6866 = VERTEX_POINT('',#6867);
#6867 = CARTESIAN_POINT('',(185.885,-105.815,1.585));
#6868 = VERTEX_POINT('',#6869);
#6869 = CARTESIAN_POINT('',(185.885,-91.965,1.585));
#6870 = LINE('',#6871,#6872);
#6871 = CARTESIAN_POINT('',(185.885,-105.815,1.585));
#6872 = VECTOR('',#6873,1.);
#6873 = DIRECTION('',(0.,1.,0.));
#6874 = ORIENTED_EDGE('',*,*,#6875,.T.);
#6875 = EDGE_CURVE('',#6868,#6876,#6878,.T.);
#6876 = VERTEX_POINT('',#6877);
#6877 = CARTESIAN_POINT('',(172.035,-91.965,1.585));
#6878 = LINE('',#6879,#6880);
#6879 = CARTESIAN_POINT('',(185.885,-91.965,1.585));
#6880 = VECTOR('',#6881,1.);
#6881 = DIRECTION('',(-1.,0.,0.));
#6882 = ORIENTED_EDGE('',*,*,#6883,.T.);
#6883 = EDGE_CURVE('',#6876,#6884,#6886,.T.);
#6884 = VERTEX_POINT('',#6885);
#6885 = CARTESIAN_POINT('',(172.035,-105.815,1.585));
#6886 = LINE('',#6887,#6888);
#6887 = CARTESIAN_POINT('',(172.035,-91.965,1.585));
#6888 = VECTOR('',#6889,1.);
#6889 = DIRECTION('',(0.,-1.,0.));
#6890 = ORIENTED_EDGE('',*,*,#6891,.T.);
#6891 = EDGE_CURVE('',#6884,#6866,#6892,.T.);
#6892 = LINE('',#6893,#6894);
#6893 = CARTESIAN_POINT('',(172.035,-105.815,1.585));
#6894 = VECTOR('',#6895,1.);
#6895 = DIRECTION('',(1.,0.,0.));
#6896 = PLANE('',#6897);
#6897 = AXIS2_PLACEMENT_3D('',#6898,#6899,#6900);
#6898 = CARTESIAN_POINT('',(0.,0.,1.585));
#6899 = DIRECTION('',(0.,0.,1.));
#6900 = DIRECTION('',(1.,0.,-0.));
#6901 = SHELL_BASED_SURFACE_MODEL('',(#6902));
#6902 = OPEN_SHELL('',(#6903));
#6903 = ADVANCED_FACE('',(#6904,#6974),#7008,.T.);
#6904 = FACE_BOUND('',#6905,.F.);
#6905 = EDGE_LOOP('',(#6906,#6917,#6925,#6934,#6942,#6951,#6959,#6968));
#6906 = ORIENTED_EDGE('',*,*,#6907,.T.);
#6907 = EDGE_CURVE('',#6908,#6910,#6912,.T.);
#6908 = VERTEX_POINT('',#6909);
#6909 = CARTESIAN_POINT('',(114.915,-91.825,1.585));
#6910 = VERTEX_POINT('',#6911);
#6911 = CARTESIAN_POINT('',(114.975,-91.765,1.585));
#6912 = CIRCLE('',#6913,5.999932016258E-02);
#6913 = AXIS2_PLACEMENT_3D('',#6914,#6915,#6916);
#6914 = CARTESIAN_POINT('',(114.97499932015,-91.82499932015,1.585));
#6915 = DIRECTION('',(0.,0.,-1.));
#6916 = DIRECTION('',(-0.999999999936,-1.133081635828E-05,-0.));
#6917 = ORIENTED_EDGE('',*,*,#6918,.T.);
#6918 = EDGE_CURVE('',#6910,#6919,#6921,.T.);
#6919 = VERTEX_POINT('',#6920);
#6920 = CARTESIAN_POINT('',(128.945,-91.765,1.585));
#6921 = LINE('',#6922,#6923);
#6922 = CARTESIAN_POINT('',(114.975,-91.765,1.585));
#6923 = VECTOR('',#6924,1.);
#6924 = DIRECTION('',(1.,0.,0.));
#6925 = ORIENTED_EDGE('',*,*,#6926,.T.);
#6926 = EDGE_CURVE('',#6919,#6927,#6929,.T.);
#6927 = VERTEX_POINT('',#6928);
#6928 = CARTESIAN_POINT('',(129.005,-91.825,1.585));
#6929 = CIRCLE('',#6930,5.999932016256E-02);
#6930 = AXIS2_PLACEMENT_3D('',#6931,#6932,#6933);
#6931 = CARTESIAN_POINT('',(128.94500067984,-91.82499932015,1.585));
#6932 = DIRECTION('',(0.,0.,-1.));
#6933 = DIRECTION('',(-1.133081659513E-05,0.999999999936,0.));
#6934 = ORIENTED_EDGE('',*,*,#6935,.T.);
#6935 = EDGE_CURVE('',#6927,#6936,#6938,.T.);
#6936 = VERTEX_POINT('',#6937);
#6937 = CARTESIAN_POINT('',(129.005,-105.795,1.585));
#6938 = LINE('',#6939,#6940);
#6939 = CARTESIAN_POINT('',(129.005,-91.825,1.585));
#6940 = VECTOR('',#6941,1.);
#6941 = DIRECTION('',(0.,-1.,0.));
#6942 = ORIENTED_EDGE('',*,*,#6943,.T.);
#6943 = EDGE_CURVE('',#6936,#6944,#6946,.T.);
#6944 = VERTEX_POINT('',#6945);
#6945 = CARTESIAN_POINT('',(128.945,-105.855,1.585));
#6946 = CIRCLE('',#6947,5.999932016265E-02);
#6947 = AXIS2_PLACEMENT_3D('',#6948,#6949,#6950);
#6948 = CARTESIAN_POINT('',(128.94500067984,-105.7950006798,1.585));
#6949 = DIRECTION('',(0.,0.,-1.));
#6950 = DIRECTION('',(0.999999999936,1.133081517401E-05,0.));
#6951 = ORIENTED_EDGE('',*,*,#6952,.T.);
#6952 = EDGE_CURVE('',#6944,#6953,#6955,.T.);
#6953 = VERTEX_POINT('',#6954);
#6954 = CARTESIAN_POINT('',(114.975,-105.855,1.585));
#6955 = LINE('',#6956,#6957);
#6956 = CARTESIAN_POINT('',(128.945,-105.855,1.585));
#6957 = VECTOR('',#6958,1.);
#6958 = DIRECTION('',(-1.,0.,0.));
#6959 = ORIENTED_EDGE('',*,*,#6960,.T.);
#6960 = EDGE_CURVE('',#6953,#6961,#6963,.T.);
#6961 = VERTEX_POINT('',#6962);
#6962 = CARTESIAN_POINT('',(114.915,-105.795,1.585));
#6963 = CIRCLE('',#6964,5.99993201626E-02);
#6964 = AXIS2_PLACEMENT_3D('',#6965,#6966,#6967);
#6965 = CARTESIAN_POINT('',(114.97499932015,-105.7950006798,1.585));
#6966 = DIRECTION('',(0.,0.,-1.));
#6967 = DIRECTION('',(1.133081564772E-05,-0.999999999936,0.));
#6968 = ORIENTED_EDGE('',*,*,#6969,.T.);
#6969 = EDGE_CURVE('',#6961,#6908,#6970,.T.);
#6970 = LINE('',#6971,#6972);
#6971 = CARTESIAN_POINT('',(114.915,-105.795,1.585));
#6972 = VECTOR('',#6973,1.);
#6973 = DIRECTION('',(0.,1.,0.));
#6974 = FACE_BOUND('',#6975,.F.);
#6975 = EDGE_LOOP('',(#6976,#6986,#6994,#7002));
#6976 = ORIENTED_EDGE('',*,*,#6977,.T.);
#6977 = EDGE_CURVE('',#6978,#6980,#6982,.T.);
#6978 = VERTEX_POINT('',#6979);
#6979 = CARTESIAN_POINT('',(128.885,-105.735,1.585));
#6980 = VERTEX_POINT('',#6981);
#6981 = CARTESIAN_POINT('',(128.885,-91.885,1.585));
#6982 = LINE('',#6983,#6984);
#6983 = CARTESIAN_POINT('',(128.885,-105.735,1.585));
#6984 = VECTOR('',#6985,1.);
#6985 = DIRECTION('',(0.,1.,0.));
#6986 = ORIENTED_EDGE('',*,*,#6987,.T.);
#6987 = EDGE_CURVE('',#6980,#6988,#6990,.T.);
#6988 = VERTEX_POINT('',#6989);
#6989 = CARTESIAN_POINT('',(115.035,-91.885,1.585));
#6990 = LINE('',#6991,#6992);
#6991 = CARTESIAN_POINT('',(128.885,-91.885,1.585));
#6992 = VECTOR('',#6993,1.);
#6993 = DIRECTION('',(-1.,0.,0.));
#6994 = ORIENTED_EDGE('',*,*,#6995,.T.);
#6995 = EDGE_CURVE('',#6988,#6996,#6998,.T.);
#6996 = VERTEX_POINT('',#6997);
#6997 = CARTESIAN_POINT('',(115.035,-105.735,1.585));
#6998 = LINE('',#6999,#7000);
#6999 = CARTESIAN_POINT('',(115.035,-91.885,1.585));
#7000 = VECTOR('',#7001,1.);
#7001 = DIRECTION('',(0.,-1.,0.));
#7002 = ORIENTED_EDGE('',*,*,#7003,.T.);
#7003 = EDGE_CURVE('',#6996,#6978,#7004,.T.);
#7004 = LINE('',#7005,#7006);
#7005 = CARTESIAN_POINT('',(115.035,-105.735,1.585));
#7006 = VECTOR('',#7007,1.);
#7007 = DIRECTION('',(1.,0.,0.));
#7008 = PLANE('',#7009);
#7009 = AXIS2_PLACEMENT_3D('',#7010,#7011,#7012);
#7010 = CARTESIAN_POINT('',(0.,0.,1.585));
#7011 = DIRECTION('',(0.,0.,1.));
#7012 = DIRECTION('',(1.,0.,-0.));
#7013 = SHELL_BASED_SURFACE_MODEL('',(#7014));
#7014 = OPEN_SHELL('',(#7015));
#7015 = ADVANCED_FACE('',(#7016,#7086),#7120,.T.);
#7016 = FACE_BOUND('',#7017,.F.);
#7017 = EDGE_LOOP('',(#7018,#7029,#7037,#7046,#7054,#7063,#7071,#7080));
#7018 = ORIENTED_EDGE('',*,*,#7019,.T.);
#7019 = EDGE_CURVE('',#7020,#7022,#7024,.T.);
#7020 = VERTEX_POINT('',#7021);
#7021 = CARTESIAN_POINT('',(133.915,-91.825,1.585));
#7022 = VERTEX_POINT('',#7023);
#7023 = CARTESIAN_POINT('',(133.975,-91.765,1.585));
#7024 = CIRCLE('',#7025,5.999932016262E-02);
#7025 = AXIS2_PLACEMENT_3D('',#7026,#7027,#7028);
#7026 = CARTESIAN_POINT('',(133.97499932015,-91.82499932015,1.585));
#7027 = DIRECTION('',(0.,0.,-1.));
#7028 = DIRECTION('',(-0.999999999936,-1.133081564772E-05,-0.));
#7029 = ORIENTED_EDGE('',*,*,#7030,.T.);
#7030 = EDGE_CURVE('',#7022,#7031,#7033,.T.);
#7031 = VERTEX_POINT('',#7032);
#7032 = CARTESIAN_POINT('',(147.945,-91.765,1.585));
#7033 = LINE('',#7034,#7035);
#7034 = CARTESIAN_POINT('',(133.975,-91.765,1.585));
#7035 = VECTOR('',#7036,1.);
#7036 = DIRECTION('',(1.,0.,0.));
#7037 = ORIENTED_EDGE('',*,*,#7038,.T.);
#7038 = EDGE_CURVE('',#7031,#7039,#7041,.T.);
#7039 = VERTEX_POINT('',#7040);
#7040 = CARTESIAN_POINT('',(148.005,-91.825,1.585));
#7041 = CIRCLE('',#7042,5.999932016256E-02);
#7042 = AXIS2_PLACEMENT_3D('',#7043,#7044,#7045);
#7043 = CARTESIAN_POINT('',(147.94500067984,-91.82499932015,1.585));
#7044 = DIRECTION('',(0.,0.,-1.));
#7045 = DIRECTION('',(-1.133081659513E-05,0.999999999936,0.));
#7046 = ORIENTED_EDGE('',*,*,#7047,.T.);
#7047 = EDGE_CURVE('',#7039,#7048,#7050,.T.);
#7048 = VERTEX_POINT('',#7049);
#7049 = CARTESIAN_POINT('',(148.005,-105.795,1.585));
#7050 = LINE('',#7051,#7052);
#7051 = CARTESIAN_POINT('',(148.005,-91.825,1.585));
#7052 = VECTOR('',#7053,1.);
#7053 = DIRECTION('',(0.,-1.,0.));
#7054 = ORIENTED_EDGE('',*,*,#7055,.T.);
#7055 = EDGE_CURVE('',#7048,#7056,#7058,.T.);
#7056 = VERTEX_POINT('',#7057);
#7057 = CARTESIAN_POINT('',(147.945,-105.855,1.585));
#7058 = CIRCLE('',#7059,5.999932016265E-02);
#7059 = AXIS2_PLACEMENT_3D('',#7060,#7061,#7062);
#7060 = CARTESIAN_POINT('',(147.94500067984,-105.7950006798,1.585));
#7061 = DIRECTION('',(0.,0.,-1.));
#7062 = DIRECTION('',(0.999999999936,1.133081517401E-05,0.));
#7063 = ORIENTED_EDGE('',*,*,#7064,.T.);
#7064 = EDGE_CURVE('',#7056,#7065,#7067,.T.);
#7065 = VERTEX_POINT('',#7066);
#7066 = CARTESIAN_POINT('',(133.975,-105.855,1.585));
#7067 = LINE('',#7068,#7069);
#7068 = CARTESIAN_POINT('',(147.945,-105.855,1.585));
#7069 = VECTOR('',#7070,1.);
#7070 = DIRECTION('',(-1.,0.,0.));
#7071 = ORIENTED_EDGE('',*,*,#7072,.T.);
#7072 = EDGE_CURVE('',#7065,#7073,#7075,.T.);
#7073 = VERTEX_POINT('',#7074);
#7074 = CARTESIAN_POINT('',(133.915,-105.795,1.585));
#7075 = CIRCLE('',#7076,5.999932016268E-02);
#7076 = AXIS2_PLACEMENT_3D('',#7077,#7078,#7079);
#7077 = CARTESIAN_POINT('',(133.97499932015,-105.7950006798,1.585));
#7078 = DIRECTION('',(0.,0.,-1.));
#7079 = DIRECTION('',(1.133081470031E-05,-0.999999999936,0.));
#7080 = ORIENTED_EDGE('',*,*,#7081,.T.);
#7081 = EDGE_CURVE('',#7073,#7020,#7082,.T.);
#7082 = LINE('',#7083,#7084);
#7083 = CARTESIAN_POINT('',(133.915,-105.795,1.585));
#7084 = VECTOR('',#7085,1.);
#7085 = DIRECTION('',(0.,1.,0.));
#7086 = FACE_BOUND('',#7087,.F.);
#7087 = EDGE_LOOP('',(#7088,#7098,#7106,#7114));
#7088 = ORIENTED_EDGE('',*,*,#7089,.T.);
#7089 = EDGE_CURVE('',#7090,#7092,#7094,.T.);
#7090 = VERTEX_POINT('',#7091);
#7091 = CARTESIAN_POINT('',(147.885,-105.735,1.585));
#7092 = VERTEX_POINT('',#7093);
#7093 = CARTESIAN_POINT('',(147.885,-91.885,1.585));
#7094 = LINE('',#7095,#7096);
#7095 = CARTESIAN_POINT('',(147.885,-105.735,1.585));
#7096 = VECTOR('',#7097,1.);
#7097 = DIRECTION('',(0.,1.,0.));
#7098 = ORIENTED_EDGE('',*,*,#7099,.T.);
#7099 = EDGE_CURVE('',#7092,#7100,#7102,.T.);
#7100 = VERTEX_POINT('',#7101);
#7101 = CARTESIAN_POINT('',(134.035,-91.885,1.585));
#7102 = LINE('',#7103,#7104);
#7103 = CARTESIAN_POINT('',(147.885,-91.885,1.585));
#7104 = VECTOR('',#7105,1.);
#7105 = DIRECTION('',(-1.,0.,0.));
#7106 = ORIENTED_EDGE('',*,*,#7107,.T.);
#7107 = EDGE_CURVE('',#7100,#7108,#7110,.T.);
#7108 = VERTEX_POINT('',#7109);
#7109 = CARTESIAN_POINT('',(134.035,-105.735,1.585));
#7110 = LINE('',#7111,#7112);
#7111 = CARTESIAN_POINT('',(134.035,-91.885,1.585));
#7112 = VECTOR('',#7113,1.);
#7113 = DIRECTION('',(0.,-1.,0.));
#7114 = ORIENTED_EDGE('',*,*,#7115,.T.);
#7115 = EDGE_CURVE('',#7108,#7090,#7116,.T.);
#7116 = LINE('',#7117,#7118);
#7117 = CARTESIAN_POINT('',(134.035,-105.735,1.585));
#7118 = VECTOR('',#7119,1.);
#7119 = DIRECTION('',(1.,0.,0.));
#7120 = PLANE('',#7121);
#7121 = AXIS2_PLACEMENT_3D('',#7122,#7123,#7124);
#7122 = CARTESIAN_POINT('',(0.,0.,1.585));
#7123 = DIRECTION('',(0.,0.,1.));
#7124 = DIRECTION('',(1.,0.,-0.));
#7125 = SHELL_BASED_SURFACE_MODEL('',(#7126));
#7126 = OPEN_SHELL('',(#7127));
#7127 = ADVANCED_FACE('',(#7128),#7287,.T.);
#7128 = FACE_BOUND('',#7129,.F.);
#7129 = EDGE_LOOP('',(#7130,#7141,#7149,#7157,#7165,#7173,#7181,#7189,
    #7198,#7206,#7215,#7223,#7231,#7239,#7248,#7256,#7264,#7272,#7281));
#7130 = ORIENTED_EDGE('',*,*,#7131,.T.);
#7131 = EDGE_CURVE('',#7132,#7134,#7136,.T.);
#7132 = VERTEX_POINT('',#7133);
#7133 = CARTESIAN_POINT('',(160.775983,-87.435356,1.585));
#7134 = VERTEX_POINT('',#7135);
#7135 = CARTESIAN_POINT('',(161.285378,-87.444686,1.585));
#7136 = CIRCLE('',#7137,0.450326844012);
#7137 = AXIS2_PLACEMENT_3D('',#7138,#7139,#7140);
#7138 = CARTESIAN_POINT('',(161.0238800301,-87.81130989199,1.585));
#7139 = DIRECTION('',(0.,0.,-1.));
#7140 = DIRECTION('',(-0.550482462684,0.834846727416,0.));
#7141 = ORIENTED_EDGE('',*,*,#7142,.T.);
#7142 = EDGE_CURVE('',#7134,#7143,#7145,.T.);
#7143 = VERTEX_POINT('',#7144);
#7144 = CARTESIAN_POINT('',(161.348831,-87.510216,1.585));
#7145 = LINE('',#7146,#7147);
#7146 = CARTESIAN_POINT('',(161.285378,-87.444686,1.585));
#7147 = VECTOR('',#7148,1.);
#7148 = DIRECTION('',(0.695630129574,-0.718400113328,0.));
#7149 = ORIENTED_EDGE('',*,*,#7150,.T.);
#7150 = EDGE_CURVE('',#7143,#7151,#7153,.T.);
#7151 = VERTEX_POINT('',#7152);
#7152 = CARTESIAN_POINT('',(161.406892,-87.630663,1.585));
#7153 = LINE('',#7154,#7155);
#7154 = CARTESIAN_POINT('',(161.348831,-87.510216,1.585));
#7155 = VECTOR('',#7156,1.);
#7156 = DIRECTION('',(0.434228424707,-0.900802794831,0.));
#7157 = ORIENTED_EDGE('',*,*,#7158,.T.);
#7158 = EDGE_CURVE('',#7151,#7159,#7161,.T.);
#7159 = VERTEX_POINT('',#7160);
#7160 = CARTESIAN_POINT('',(161.406133,-87.756995,1.585));
#7161 = LINE('',#7162,#7163);
#7162 = CARTESIAN_POINT('',(161.406892,-87.630663,1.585));
#7163 = VECTOR('',#7164,1.);
#7164 = DIRECTION('',(-6.007870547433E-03,-0.999981952583,0.));
#7165 = ORIENTED_EDGE('',*,*,#7166,.T.);
#7166 = EDGE_CURVE('',#7159,#7167,#7169,.T.);
#7167 = VERTEX_POINT('',#7168);
#7168 = CARTESIAN_POINT('',(161.348075,-87.925058,1.585));
#7169 = LINE('',#7170,#7171);
#7170 = CARTESIAN_POINT('',(161.406133,-87.756995,1.585));
#7171 = VECTOR('',#7172,1.);
#7172 = DIRECTION('',(-0.326519613327,-0.945190426376,0.));
#7173 = ORIENTED_EDGE('',*,*,#7174,.T.);
#7174 = EDGE_CURVE('',#7167,#7175,#7177,.T.);
#7175 = VERTEX_POINT('',#7176);
#7176 = CARTESIAN_POINT('',(160.895352,-88.379819,1.585));
#7177 = LINE('',#7178,#7179);
#7178 = CARTESIAN_POINT('',(161.348075,-87.925058,1.585));
#7179 = VECTOR('',#7180,1.);
#7180 = DIRECTION('',(-0.705517003129,-0.708692992978,0.));
#7181 = ORIENTED_EDGE('',*,*,#7182,.T.);
#7182 = EDGE_CURVE('',#7175,#7183,#7185,.T.);
#7183 = VERTEX_POINT('',#7184);
#7184 = CARTESIAN_POINT('',(161.347965,-88.38126,1.585));
#7185 = LINE('',#7186,#7187);
#7186 = CARTESIAN_POINT('',(160.895352,-88.379819,1.585));
#7187 = VECTOR('',#7188,1.);
#7188 = DIRECTION('',(0.999994931953,-3.183719197072E-03,0.));
#7189 = ORIENTED_EDGE('',*,*,#7190,.T.);
#7190 = EDGE_CURVE('',#7183,#7191,#7193,.T.);
#7191 = VERTEX_POINT('',#7192);
#7192 = CARTESIAN_POINT('',(161.333333,-88.529819,1.585));
#7193 = CIRCLE('',#7194,7.500006711464E-02);
#7194 = AXIS2_PLACEMENT_3D('',#7195,#7196,#7197);
#7195 = CARTESIAN_POINT('',(161.33333306711,-88.45481893288,1.585));
#7196 = DIRECTION('',(0.,0.,-1.));
#7197 = DIRECTION('',(0.195092263891,0.980784894138,0.));
#7198 = ORIENTED_EDGE('',*,*,#7199,.T.);
#7199 = EDGE_CURVE('',#7191,#7200,#7202,.T.);
#7200 = VERTEX_POINT('',#7201);
#7201 = CARTESIAN_POINT('',(160.699654,-88.528378,1.585));
#7202 = LINE('',#7203,#7204);
#7203 = CARTESIAN_POINT('',(161.333333,-88.529819,1.585));
#7204 = VECTOR('',#7205,1.);
#7205 = DIRECTION('',(-0.999997414422,2.274016140951E-03,0.));
#7206 = ORIENTED_EDGE('',*,*,#7207,.T.);
#7207 = EDGE_CURVE('',#7200,#7208,#7210,.T.);
#7208 = VERTEX_POINT('',#7209);
#7209 = CARTESIAN_POINT('',(160.661253,-88.401786,1.585));
#7210 = CIRCLE('',#7211,7.500021013111E-02);
#7211 = AXIS2_PLACEMENT_3D('',#7212,#7213,#7214);
#7212 = CARTESIAN_POINT('',(160.7142863167,-88.45481899764,1.585));
#7213 = DIRECTION('',(0.,0.,-1.));
#7214 = DIRECTION('',(-0.195097009436,-0.980783950169,-0.));
#7215 = ORIENTED_EDGE('',*,*,#7216,.T.);
#7216 = EDGE_CURVE('',#7208,#7217,#7219,.T.);
#7217 = VERTEX_POINT('',#7218);
#7218 = CARTESIAN_POINT('',(161.220161,-87.842876,1.585));
#7219 = LINE('',#7220,#7221);
#7220 = CARTESIAN_POINT('',(160.661253,-88.401786,1.585));
#7221 = VECTOR('',#7222,1.);
#7222 = DIRECTION('',(0.70710551603,0.707108046341,0.));
#7223 = ORIENTED_EDGE('',*,*,#7224,.T.);
#7224 = EDGE_CURVE('',#7217,#7225,#7227,.T.);
#7225 = VERTEX_POINT('',#7226);
#7226 = CARTESIAN_POINT('',(161.258333,-87.728363,1.585));
#7227 = LINE('',#7228,#7229);
#7228 = CARTESIAN_POINT('',(161.220161,-87.842876,1.585));
#7229 = VECTOR('',#7230,1.);
#7230 = DIRECTION('',(0.31623522204,0.948680812677,0.));
#7231 = ORIENTED_EDGE('',*,*,#7232,.T.);
#7232 = EDGE_CURVE('',#7225,#7233,#7235,.T.);
#7233 = VERTEX_POINT('',#7234);
#7234 = CARTESIAN_POINT('',(161.258333,-87.663,1.585));
#7235 = LINE('',#7236,#7237);
#7236 = CARTESIAN_POINT('',(161.258333,-87.728363,1.585));
#7237 = VECTOR('',#7238,1.);
#7238 = DIRECTION('',(0.,1.,0.));
#7239 = ORIENTED_EDGE('',*,*,#7240,.T.);
#7240 = EDGE_CURVE('',#7233,#7241,#7243,.T.);
#7241 = VERTEX_POINT('',#7242);
#7242 = CARTESIAN_POINT('',(161.125152,-87.529819,1.585));
#7243 = CIRCLE('',#7244,0.18686440374);
#7244 = AXIS2_PLACEMENT_3D('',#7245,#7246,#7247);
#7245 = CARTESIAN_POINT('',(161.077616,-87.710536,1.585));
#7246 = DIRECTION('',(0.,0.,1.));
#7247 = DIRECTION('',(0.967102328658,0.254387668537,-0.));
#7248 = ORIENTED_EDGE('',*,*,#7249,.T.);
#7249 = EDGE_CURVE('',#7241,#7250,#7252,.T.);
#7250 = VERTEX_POINT('',#7251);
#7251 = CARTESIAN_POINT('',(160.922467,-87.529819,1.585));
#7252 = LINE('',#7253,#7254);
#7253 = CARTESIAN_POINT('',(161.125152,-87.529819,1.585));
#7254 = VECTOR('',#7255,1.);
#7255 = DIRECTION('',(-1.,0.,0.));
#7256 = ORIENTED_EDGE('',*,*,#7257,.T.);
#7257 = EDGE_CURVE('',#7250,#7258,#7260,.T.);
#7258 = VERTEX_POINT('',#7259);
#7259 = CARTESIAN_POINT('',(160.853951,-87.564077,1.585));
#7260 = LINE('',#7261,#7262);
#7261 = CARTESIAN_POINT('',(160.922467,-87.529819,1.585));
#7262 = VECTOR('',#7263,1.);
#7263 = DIRECTION('',(-0.894427191,-0.4472135955,0.));
#7264 = ORIENTED_EDGE('',*,*,#7265,.T.);
#7265 = EDGE_CURVE('',#7258,#7266,#7268,.T.);
#7266 = VERTEX_POINT('',#7267);
#7267 = CARTESIAN_POINT('',(160.803573,-87.612417,1.585));
#7268 = LINE('',#7269,#7270);
#7269 = CARTESIAN_POINT('',(160.853951,-87.564077,1.585));
#7270 = VECTOR('',#7271,1.);
#7271 = DIRECTION('',(-0.721551016594,-0.692361271629,0.));
#7272 = ORIENTED_EDGE('',*,*,#7273,.T.);
#7273 = EDGE_CURVE('',#7266,#7274,#7276,.T.);
#7274 = VERTEX_POINT('',#7275);
#7275 = CARTESIAN_POINT('',(160.708872,-87.497024,1.585));
#7276 = CIRCLE('',#7277,7.499996838527E-02);
#7277 = AXIS2_PLACEMENT_3D('',#7278,#7279,#7280);
#7278 = CARTESIAN_POINT('',(160.761905,-87.55005697246,1.585));
#7279 = DIRECTION('',(0.,0.,-1.));
#7280 = DIRECTION('',(0.555573567524,-0.831467384248,0.));
#7281 = ORIENTED_EDGE('',*,*,#7282,.T.);
#7282 = EDGE_CURVE('',#7274,#7132,#7283,.T.);
#7283 = LINE('',#7284,#7285);
#7284 = CARTESIAN_POINT('',(160.708872,-87.497024,1.585));
#7285 = VECTOR('',#7286,1.);
#7286 = DIRECTION('',(0.736336089652,0.676615964248,0.));
#7287 = PLANE('',#7288);
#7288 = AXIS2_PLACEMENT_3D('',#7289,#7290,#7291);
#7289 = CARTESIAN_POINT('',(0.,0.,1.585));
#7290 = DIRECTION('',(0.,0.,1.));
#7291 = DIRECTION('',(1.,0.,-0.));
#7292 = SHELL_BASED_SURFACE_MODEL('',(#7293));
#7293 = OPEN_SHELL('',(#7294));
#7294 = ADVANCED_FACE('',(#7295),#7429,.T.);
#7295 = FACE_BOUND('',#7296,.F.);
#7296 = EDGE_LOOP('',(#7297,#7307,#7315,#7324,#7332,#7340,#7349,#7357,
    #7366,#7374,#7382,#7390,#7398,#7407,#7415,#7423));
#7297 = ORIENTED_EDGE('',*,*,#7298,.T.);
#7298 = EDGE_CURVE('',#7299,#7301,#7303,.T.);
#7299 = VERTEX_POINT('',#7300);
#7300 = CARTESIAN_POINT('',(179.994531,-87.401841,1.585));
#7301 = VERTEX_POINT('',#7302);
#7302 = CARTESIAN_POINT('',(180.032987,-87.38126,1.585));
#7303 = LINE('',#7304,#7305);
#7304 = CARTESIAN_POINT('',(179.994531,-87.401841,1.585));
#7305 = VECTOR('',#7306,1.);
#7306 = DIRECTION('',(0.881674852639,0.471857451169,0.));
#7307 = ORIENTED_EDGE('',*,*,#7308,.T.);
#7308 = EDGE_CURVE('',#7301,#7309,#7311,.T.);
#7309 = VERTEX_POINT('',#7310);
#7310 = CARTESIAN_POINT('',(180.054824,-87.38126,1.585));
#7311 = LINE('',#7312,#7313);
#7312 = CARTESIAN_POINT('',(180.032987,-87.38126,1.585));
#7313 = VECTOR('',#7314,1.);
#7314 = DIRECTION('',(1.,0.,0.));
#7315 = ORIENTED_EDGE('',*,*,#7316,.T.);
#7316 = EDGE_CURVE('',#7309,#7317,#7319,.T.);
#7317 = VERTEX_POINT('',#7318);
#7318 = CARTESIAN_POINT('',(180.122619,-87.454819,1.585));
#7319 = CIRCLE('',#7320,7.216898094225E-02);
#7320 = AXIS2_PLACEMENT_3D('',#7321,#7322,#7323);
#7321 = CARTESIAN_POINT('',(180.05046606389,-87.45329728342,1.585));
#7322 = DIRECTION('',(0.,0.,-1.));
#7323 = DIRECTION('',(6.038516895228E-02,0.998175150648,0.));
#7324 = ORIENTED_EDGE('',*,*,#7325,.T.);
#7325 = EDGE_CURVE('',#7317,#7326,#7328,.T.);
#7326 = VERTEX_POINT('',#7327);
#7327 = CARTESIAN_POINT('',(180.122619,-88.379819,1.585));
#7328 = LINE('',#7329,#7330);
#7329 = CARTESIAN_POINT('',(180.122619,-87.454819,1.585));
#7330 = VECTOR('',#7331,1.);
#7331 = DIRECTION('',(0.,-1.,0.));
#7332 = ORIENTED_EDGE('',*,*,#7333,.T.);
#7333 = EDGE_CURVE('',#7326,#7334,#7336,.T.);
#7334 = VERTEX_POINT('',#7335);
#7335 = CARTESIAN_POINT('',(180.347965,-88.38126,1.585));
#7336 = LINE('',#7337,#7338);
#7337 = CARTESIAN_POINT('',(180.122619,-88.379819,1.585));
#7338 = VECTOR('',#7339,1.);
#7339 = DIRECTION('',(0.999979555102,-6.394480216655E-03,0.));
#7340 = ORIENTED_EDGE('',*,*,#7341,.T.);
#7341 = EDGE_CURVE('',#7334,#7342,#7344,.T.);
#7342 = VERTEX_POINT('',#7343);
#7343 = CARTESIAN_POINT('',(180.333333,-88.529819,1.585));
#7344 = CIRCLE('',#7345,7.500006711464E-02);
#7345 = AXIS2_PLACEMENT_3D('',#7346,#7347,#7348);
#7346 = CARTESIAN_POINT('',(180.33333306711,-88.45481893288,1.585));
#7347 = DIRECTION('',(0.,0.,-1.));
#7348 = DIRECTION('',(0.195092263891,0.980784894138,0.));
#7349 = ORIENTED_EDGE('',*,*,#7350,.T.);
#7350 = EDGE_CURVE('',#7342,#7351,#7353,.T.);
#7351 = VERTEX_POINT('',#7352);
#7352 = CARTESIAN_POINT('',(179.747273,-88.528378,1.585));
#7353 = LINE('',#7354,#7355);
#7354 = CARTESIAN_POINT('',(180.333333,-88.529819,1.585));
#7355 = VECTOR('',#7356,1.);
#7356 = DIRECTION('',(-0.999996977183,2.45878518261E-03,0.));
#7357 = ORIENTED_EDGE('',*,*,#7358,.T.);
#7358 = EDGE_CURVE('',#7351,#7359,#7361,.T.);
#7359 = VERTEX_POINT('',#7360);
#7360 = CARTESIAN_POINT('',(179.761905,-88.379819,1.585));
#7361 = CIRCLE('',#7362,7.500006711464E-02);
#7362 = AXIS2_PLACEMENT_3D('',#7363,#7364,#7365);
#7363 = CARTESIAN_POINT('',(179.76190493288,-88.45481906711,1.585));
#7364 = DIRECTION('',(0.,0.,-1.));
#7365 = DIRECTION('',(-0.195092263891,-0.980784894138,-0.));
#7366 = ORIENTED_EDGE('',*,*,#7367,.T.);
#7367 = EDGE_CURVE('',#7359,#7368,#7370,.T.);
#7368 = VERTEX_POINT('',#7369);
#7369 = CARTESIAN_POINT('',(179.972619,-88.379819,1.585));
#7370 = LINE('',#7371,#7372);
#7371 = CARTESIAN_POINT('',(179.761905,-88.379819,1.585));
#7372 = VECTOR('',#7373,1.);
#7373 = DIRECTION('',(1.,0.,0.));
#7374 = ORIENTED_EDGE('',*,*,#7375,.T.);
#7375 = EDGE_CURVE('',#7368,#7376,#7378,.T.);
#7376 = VERTEX_POINT('',#7377);
#7377 = CARTESIAN_POINT('',(179.972619,-87.683504,1.585));
#7378 = LINE('',#7379,#7380);
#7379 = CARTESIAN_POINT('',(179.972619,-88.379819,1.585));
#7380 = VECTOR('',#7381,1.);
#7381 = DIRECTION('',(0.,1.,0.));
#7382 = ORIENTED_EDGE('',*,*,#7383,.T.);
#7383 = EDGE_CURVE('',#7376,#7384,#7386,.T.);
#7384 = VERTEX_POINT('',#7385);
#7385 = CARTESIAN_POINT('',(179.896983,-87.756031,1.585));
#7386 = LINE('',#7387,#7388);
#7387 = CARTESIAN_POINT('',(179.972619,-87.683504,1.585));
#7388 = VECTOR('',#7389,1.);
#7389 = DIRECTION('',(-0.721785571396,-0.692116745156,0.));
#7390 = ORIENTED_EDGE('',*,*,#7391,.T.);
#7391 = EDGE_CURVE('',#7384,#7392,#7394,.T.);
#7392 = VERTEX_POINT('',#7393);
#7393 = CARTESIAN_POINT('',(179.781714,-87.81287,1.585));
#7394 = LINE('',#7395,#7396);
#7395 = CARTESIAN_POINT('',(179.896983,-87.756031,1.585));
#7396 = VECTOR('',#7397,1.);
#7397 = DIRECTION('',(-0.896889346494,-0.442255017094,0.));
#7398 = ORIENTED_EDGE('',*,*,#7399,.T.);
#7399 = EDGE_CURVE('',#7392,#7400,#7402,.T.);
#7400 = VERTEX_POINT('',#7401);
#7401 = CARTESIAN_POINT('',(179.728364,-87.673451,1.585));
#7402 = CIRCLE('',#7403,7.500005272362E-02);
#7403 = AXIS2_PLACEMENT_3D('',#7404,#7405,#7406);
#7404 = CARTESIAN_POINT('',(179.76190455676,-87.74053332972,1.585));
#7405 = DIRECTION('',(0.,0.,-1.));
#7406 = DIRECTION('',(0.264125724195,-0.964488259036,0.));
#7407 = ORIENTED_EDGE('',*,*,#7408,.T.);
#7408 = EDGE_CURVE('',#7400,#7409,#7411,.T.);
#7409 = VERTEX_POINT('',#7410);
#7410 = CARTESIAN_POINT('',(179.812716,-87.631275,1.585));
#7411 = LINE('',#7412,#7413);
#7412 = CARTESIAN_POINT('',(179.728364,-87.673451,1.585));
#7413 = VECTOR('',#7414,1.);
#7414 = DIRECTION('',(0.894427191,0.4472135955,0.));
#7415 = ORIENTED_EDGE('',*,*,#7416,.T.);
#7416 = EDGE_CURVE('',#7409,#7417,#7419,.T.);
#7417 = VERTEX_POINT('',#7418);
#7418 = CARTESIAN_POINT('',(179.894095,-87.549896,1.585));
#7419 = LINE('',#7420,#7421);
#7420 = CARTESIAN_POINT('',(179.812716,-87.631275,1.585));
#7421 = VECTOR('',#7422,1.);
#7422 = DIRECTION('',(0.707106781187,0.707106781187,0.));
#7423 = ORIENTED_EDGE('',*,*,#7424,.T.);
#7424 = EDGE_CURVE('',#7417,#7299,#7425,.T.);
#7425 = LINE('',#7426,#7427);
#7426 = CARTESIAN_POINT('',(179.894095,-87.549896,1.585));
#7427 = VECTOR('',#7428,1.);
#7428 = DIRECTION('',(0.561387006404,0.82755339951,0.));
#7429 = PLANE('',#7430);
#7430 = AXIS2_PLACEMENT_3D('',#7431,#7432,#7433);
#7431 = CARTESIAN_POINT('',(0.,0.,1.585));
#7432 = DIRECTION('',(0.,0.,1.));
#7433 = DIRECTION('',(1.,0.,-0.));
#7434 = SHELL_BASED_SURFACE_MODEL('',(#7435));
#7435 = OPEN_SHELL('',(#7436));
#7436 = ADVANCED_FACE('',(#7437),#7556,.T.);
#7437 = FACE_BOUND('',#7438,.F.);
#7438 = EDGE_LOOP('',(#7439,#7450,#7458,#7467,#7475,#7483,#7492,#7500,
    #7509,#7517,#7525,#7534,#7542,#7550));
#7439 = ORIENTED_EDGE('',*,*,#7440,.T.);
#7440 = EDGE_CURVE('',#7441,#7443,#7445,.T.);
#7441 = VERTEX_POINT('',#7442);
#7442 = CARTESIAN_POINT('',(122.377559,-87.39984,1.585));
#7443 = VERTEX_POINT('',#7444);
#7444 = CARTESIAN_POINT('',(122.501532,-87.472191,1.585));
#7445 = CIRCLE('',#7446,7.499997880119E-02);
#7446 = AXIS2_PLACEMENT_3D('',#7447,#7448,#7449);
#7447 = CARTESIAN_POINT('',(122.42857162542,-87.45481916757,1.585));
#7448 = DIRECTION('',(0.,0.,-1.));
#7449 = DIRECTION('',(-0.680168531214,0.733055774922,0.));
#7450 = ORIENTED_EDGE('',*,*,#7451,.T.);
#7451 = EDGE_CURVE('',#7443,#7452,#7454,.T.);
#7452 = VERTEX_POINT('',#7453);
#7453 = CARTESIAN_POINT('',(122.258646,-88.486091,1.585));
#7454 = LINE('',#7455,#7456);
#7455 = CARTESIAN_POINT('',(122.501532,-87.472191,1.585));
#7456 = VECTOR('',#7457,1.);
#7457 = DIRECTION('',(-0.232964820327,-0.972485163121,0.));
#7458 = ORIENTED_EDGE('',*,*,#7459,.T.);
#7459 = EDGE_CURVE('',#7452,#7460,#7462,.T.);
#7460 = VERTEX_POINT('',#7461);
#7461 = CARTESIAN_POINT('',(122.118008,-88.474144,1.585));
#7462 = CIRCLE('',#7463,7.50005533174E-02);
#7463 = AXIS2_PLACEMENT_3D('',#7464,#7465,#7466);
#7464 = CARTESIAN_POINT('',(122.19047608181,-88.45481888379,1.585));
#7465 = DIRECTION('',(-0.,0.,-1.));
#7466 = DIRECTION('',(0.908925536853,-0.4169584733,-0.));
#7467 = ORIENTED_EDGE('',*,*,#7468,.T.);
#7468 = EDGE_CURVE('',#7460,#7469,#7471,.T.);
#7469 = VERTEX_POINT('',#7470);
#7470 = CARTESIAN_POINT('',(121.999999,-88.031613,1.585));
#7471 = LINE('',#7472,#7473);
#7472 = CARTESIAN_POINT('',(122.118008,-88.474144,1.585));
#7473 = VECTOR('',#7474,1.);
#7474 = DIRECTION('',(-0.257664145438,0.966234540966,0.));
#7475 = ORIENTED_EDGE('',*,*,#7476,.T.);
#7476 = EDGE_CURVE('',#7469,#7477,#7479,.T.);
#7477 = VERTEX_POINT('',#7478);
#7478 = CARTESIAN_POINT('',(121.876829,-88.48791,1.585));
#7479 = LINE('',#7480,#7481);
#7480 = CARTESIAN_POINT('',(121.999999,-88.031613,1.585));
#7481 = VECTOR('',#7482,1.);
#7482 = DIRECTION('',(-0.260606315218,-0.965445155598,0.));
#7483 = ORIENTED_EDGE('',*,*,#7484,.T.);
#7484 = EDGE_CURVE('',#7477,#7485,#7487,.T.);
#7485 = VERTEX_POINT('',#7486);
#7486 = CARTESIAN_POINT('',(121.736564,-88.472191,1.585));
#7487 = CIRCLE('',#7488,7.499976850751E-02);
#7488 = AXIS2_PLACEMENT_3D('',#7489,#7490,#7491);
#7489 = CARTESIAN_POINT('',(121.80952410899,-88.45481896007,1.585));
#7490 = DIRECTION('',(-0.,0.,-1.));
#7491 = DIRECTION('',(0.897401316583,-0.44121522752,-0.));
#7492 = ORIENTED_EDGE('',*,*,#7493,.T.);
#7493 = EDGE_CURVE('',#7485,#7494,#7496,.T.);
#7494 = VERTEX_POINT('',#7495);
#7495 = CARTESIAN_POINT('',(121.496481,-87.457623,1.585));
#7496 = LINE('',#7497,#7498);
#7497 = CARTESIAN_POINT('',(121.736564,-88.472191,1.585));
#7498 = VECTOR('',#7499,1.);
#7499 = DIRECTION('',(-0.23027618176,0.97312531573,0.));
#7500 = ORIENTED_EDGE('',*,*,#7501,.T.);
#7501 = EDGE_CURVE('',#7494,#7502,#7504,.T.);
#7502 = VERTEX_POINT('',#7503);
#7503 = CARTESIAN_POINT('',(121.644389,-87.437447,1.585));
#7504 = CIRCLE('',#7505,7.499999556138E-02);
#7505 = AXIS2_PLACEMENT_3D('',#7506,#7507,#7508);
#7506 = CARTESIAN_POINT('',(121.5714285449,-87.45481856662,1.585));
#7507 = DIRECTION('',(0.,0.,-1.));
#7508 = DIRECTION('',(-0.999300657904,-3.739244726397E-02,-0.));
#7509 = ORIENTED_EDGE('',*,*,#7510,.T.);
#7510 = EDGE_CURVE('',#7502,#7511,#7513,.T.);
#7511 = VERTEX_POINT('',#7512);
#7512 = CARTESIAN_POINT('',(121.81364,-88.148303,1.585));
#7513 = LINE('',#7514,#7515);
#7514 = CARTESIAN_POINT('',(121.644389,-87.437447,1.585));
#7515 = VECTOR('',#7516,1.);
#7516 = DIRECTION('',(0.231619972271,-0.972806346836,0.));
#7517 = ORIENTED_EDGE('',*,*,#7518,.T.);
#7518 = EDGE_CURVE('',#7511,#7519,#7521,.T.);
#7519 = VERTEX_POINT('',#7520);
#7520 = CARTESIAN_POINT('',(121.932695,-87.707441,1.585));
#7521 = LINE('',#7522,#7523);
#7522 = CARTESIAN_POINT('',(121.81364,-88.148303,1.585));
#7523 = VECTOR('',#7524,1.);
#7524 = DIRECTION('',(0.260711285702,0.96541681439,0.));
#7525 = ORIENTED_EDGE('',*,*,#7526,.T.);
#7526 = EDGE_CURVE('',#7519,#7527,#7529,.T.);
#7527 = VERTEX_POINT('',#7528);
#7528 = CARTESIAN_POINT('',(122.072468,-87.721208,1.585));
#7529 = CIRCLE('',#7530,7.50001399244E-02);
#7530 = AXIS2_PLACEMENT_3D('',#7531,#7532,#7533);
#7531 = CARTESIAN_POINT('',(122.00000014547,-87.74053236414,1.585));
#7532 = DIRECTION('',(0.,0.,-1.));
#7533 = DIRECTION('',(-0.897400265457,0.44121736543,0.));
#7534 = ORIENTED_EDGE('',*,*,#7535,.T.);
#7535 = EDGE_CURVE('',#7527,#7536,#7538,.T.);
#7536 = VERTEX_POINT('',#7537);
#7537 = CARTESIAN_POINT('',(122.186359,-88.148303,1.585));
#7538 = LINE('',#7539,#7540);
#7539 = CARTESIAN_POINT('',(122.072468,-87.721208,1.585));
#7540 = VECTOR('',#7541,1.);
#7541 = DIRECTION('',(0.257660538413,-0.966235502838,0.));
#7542 = ORIENTED_EDGE('',*,*,#7543,.T.);
#7543 = EDGE_CURVE('',#7536,#7544,#7546,.T.);
#7544 = VERTEX_POINT('',#7545);
#7545 = CARTESIAN_POINT('',(122.360402,-87.423547,1.585));
#7546 = LINE('',#7547,#7548);
#7547 = CARTESIAN_POINT('',(122.186359,-88.148303,1.585));
#7548 = VECTOR('',#7549,1.);
#7549 = DIRECTION('',(0.233501785734,0.972356372972,0.));
#7550 = ORIENTED_EDGE('',*,*,#7551,.T.);
#7551 = EDGE_CURVE('',#7544,#7441,#7552,.T.);
#7552 = LINE('',#7553,#7554);
#7553 = CARTESIAN_POINT('',(122.360402,-87.423547,1.585));
#7554 = VECTOR('',#7555,1.);
#7555 = DIRECTION('',(0.586282529115,0.810106657209,0.));
#7556 = PLANE('',#7557);
#7557 = AXIS2_PLACEMENT_3D('',#7558,#7559,#7560);
#7558 = CARTESIAN_POINT('',(0.,0.,1.585));
#7559 = DIRECTION('',(0.,0.,1.));
#7560 = DIRECTION('',(1.,0.,-0.));
#7561 = SHELL_BASED_SURFACE_MODEL('',(#7562));
#7562 = OPEN_SHELL('',(#7563));
#7563 = ADVANCED_FACE('',(#7564),#7683,.T.);
#7564 = FACE_BOUND('',#7565,.F.);
#7565 = EDGE_LOOP('',(#7566,#7577,#7585,#7594,#7602,#7610,#7619,#7627,
    #7636,#7644,#7652,#7661,#7669,#7677));
#7566 = ORIENTED_EDGE('',*,*,#7567,.T.);
#7567 = EDGE_CURVE('',#7568,#7570,#7572,.T.);
#7568 = VERTEX_POINT('',#7569);
#7569 = CARTESIAN_POINT('',(141.377559,-87.39984,1.585));
#7570 = VERTEX_POINT('',#7571);
#7571 = CARTESIAN_POINT('',(141.501532,-87.472191,1.585));
#7572 = CIRCLE('',#7573,7.499997880119E-02);
#7573 = AXIS2_PLACEMENT_3D('',#7574,#7575,#7576);
#7574 = CARTESIAN_POINT('',(141.42857162542,-87.45481916757,1.585));
#7575 = DIRECTION('',(0.,0.,-1.));
#7576 = DIRECTION('',(-0.680168531214,0.733055774922,0.));
#7577 = ORIENTED_EDGE('',*,*,#7578,.T.);
#7578 = EDGE_CURVE('',#7570,#7579,#7581,.T.);
#7579 = VERTEX_POINT('',#7580);
#7580 = CARTESIAN_POINT('',(141.258646,-88.486091,1.585));
#7581 = LINE('',#7582,#7583);
#7582 = CARTESIAN_POINT('',(141.501532,-87.472191,1.585));
#7583 = VECTOR('',#7584,1.);
#7584 = DIRECTION('',(-0.232964820327,-0.972485163121,0.));
#7585 = ORIENTED_EDGE('',*,*,#7586,.T.);
#7586 = EDGE_CURVE('',#7579,#7587,#7589,.T.);
#7587 = VERTEX_POINT('',#7588);
#7588 = CARTESIAN_POINT('',(141.118008,-88.474144,1.585));
#7589 = CIRCLE('',#7590,7.50005533174E-02);
#7590 = AXIS2_PLACEMENT_3D('',#7591,#7592,#7593);
#7591 = CARTESIAN_POINT('',(141.19047608181,-88.45481888379,1.585));
#7592 = DIRECTION('',(-0.,0.,-1.));
#7593 = DIRECTION('',(0.908925536853,-0.4169584733,-0.));
#7594 = ORIENTED_EDGE('',*,*,#7595,.T.);
#7595 = EDGE_CURVE('',#7587,#7596,#7598,.T.);
#7596 = VERTEX_POINT('',#7597);
#7597 = CARTESIAN_POINT('',(140.999999,-88.031613,1.585));
#7598 = LINE('',#7599,#7600);
#7599 = CARTESIAN_POINT('',(141.118008,-88.474144,1.585));
#7600 = VECTOR('',#7601,1.);
#7601 = DIRECTION('',(-0.257664145438,0.966234540966,0.));
#7602 = ORIENTED_EDGE('',*,*,#7603,.T.);
#7603 = EDGE_CURVE('',#7596,#7604,#7606,.T.);
#7604 = VERTEX_POINT('',#7605);
#7605 = CARTESIAN_POINT('',(140.876829,-88.48791,1.585));
#7606 = LINE('',#7607,#7608);
#7607 = CARTESIAN_POINT('',(140.999999,-88.031613,1.585));
#7608 = VECTOR('',#7609,1.);
#7609 = DIRECTION('',(-0.260606315218,-0.965445155598,0.));
#7610 = ORIENTED_EDGE('',*,*,#7611,.T.);
#7611 = EDGE_CURVE('',#7604,#7612,#7614,.T.);
#7612 = VERTEX_POINT('',#7613);
#7613 = CARTESIAN_POINT('',(140.736564,-88.472191,1.585));
#7614 = CIRCLE('',#7615,7.499976850751E-02);
#7615 = AXIS2_PLACEMENT_3D('',#7616,#7617,#7618);
#7616 = CARTESIAN_POINT('',(140.80952410899,-88.45481896007,1.585));
#7617 = DIRECTION('',(-0.,0.,-1.));
#7618 = DIRECTION('',(0.897401316583,-0.44121522752,-0.));
#7619 = ORIENTED_EDGE('',*,*,#7620,.T.);
#7620 = EDGE_CURVE('',#7612,#7621,#7623,.T.);
#7621 = VERTEX_POINT('',#7622);
#7622 = CARTESIAN_POINT('',(140.496481,-87.457623,1.585));
#7623 = LINE('',#7624,#7625);
#7624 = CARTESIAN_POINT('',(140.736564,-88.472191,1.585));
#7625 = VECTOR('',#7626,1.);
#7626 = DIRECTION('',(-0.23027618176,0.97312531573,0.));
#7627 = ORIENTED_EDGE('',*,*,#7628,.T.);
#7628 = EDGE_CURVE('',#7621,#7629,#7631,.T.);
#7629 = VERTEX_POINT('',#7630);
#7630 = CARTESIAN_POINT('',(140.644389,-87.437447,1.585));
#7631 = CIRCLE('',#7632,7.499999556138E-02);
#7632 = AXIS2_PLACEMENT_3D('',#7633,#7634,#7635);
#7633 = CARTESIAN_POINT('',(140.5714285449,-87.45481856662,1.585));
#7634 = DIRECTION('',(0.,0.,-1.));
#7635 = DIRECTION('',(-0.999300657904,-3.739244726397E-02,-0.));
#7636 = ORIENTED_EDGE('',*,*,#7637,.T.);
#7637 = EDGE_CURVE('',#7629,#7638,#7640,.T.);
#7638 = VERTEX_POINT('',#7639);
#7639 = CARTESIAN_POINT('',(140.81364,-88.148303,1.585));
#7640 = LINE('',#7641,#7642);
#7641 = CARTESIAN_POINT('',(140.644389,-87.437447,1.585));
#7642 = VECTOR('',#7643,1.);
#7643 = DIRECTION('',(0.231619972271,-0.972806346836,0.));
#7644 = ORIENTED_EDGE('',*,*,#7645,.T.);
#7645 = EDGE_CURVE('',#7638,#7646,#7648,.T.);
#7646 = VERTEX_POINT('',#7647);
#7647 = CARTESIAN_POINT('',(140.932695,-87.707441,1.585));
#7648 = LINE('',#7649,#7650);
#7649 = CARTESIAN_POINT('',(140.81364,-88.148303,1.585));
#7650 = VECTOR('',#7651,1.);
#7651 = DIRECTION('',(0.260711285702,0.96541681439,0.));
#7652 = ORIENTED_EDGE('',*,*,#7653,.T.);
#7653 = EDGE_CURVE('',#7646,#7654,#7656,.T.);
#7654 = VERTEX_POINT('',#7655);
#7655 = CARTESIAN_POINT('',(141.072468,-87.721208,1.585));
#7656 = CIRCLE('',#7657,7.500013992438E-02);
#7657 = AXIS2_PLACEMENT_3D('',#7658,#7659,#7660);
#7658 = CARTESIAN_POINT('',(141.00000014547,-87.74053236414,1.585));
#7659 = DIRECTION('',(0.,0.,-1.));
#7660 = DIRECTION('',(-0.897400265457,0.44121736543,0.));
#7661 = ORIENTED_EDGE('',*,*,#7662,.T.);
#7662 = EDGE_CURVE('',#7654,#7663,#7665,.T.);
#7663 = VERTEX_POINT('',#7664);
#7664 = CARTESIAN_POINT('',(141.186359,-88.148303,1.585));
#7665 = LINE('',#7666,#7667);
#7666 = CARTESIAN_POINT('',(141.072468,-87.721208,1.585));
#7667 = VECTOR('',#7668,1.);
#7668 = DIRECTION('',(0.257660538414,-0.966235502838,0.));
#7669 = ORIENTED_EDGE('',*,*,#7670,.T.);
#7670 = EDGE_CURVE('',#7663,#7671,#7673,.T.);
#7671 = VERTEX_POINT('',#7672);
#7672 = CARTESIAN_POINT('',(141.360402,-87.423547,1.585));
#7673 = LINE('',#7674,#7675);
#7674 = CARTESIAN_POINT('',(141.186359,-88.148303,1.585));
#7675 = VECTOR('',#7676,1.);
#7676 = DIRECTION('',(0.233501785734,0.972356372972,0.));
#7677 = ORIENTED_EDGE('',*,*,#7678,.T.);
#7678 = EDGE_CURVE('',#7671,#7568,#7679,.T.);
#7679 = LINE('',#7680,#7681);
#7680 = CARTESIAN_POINT('',(141.360402,-87.423547,1.585));
#7681 = VECTOR('',#7682,1.);
#7682 = DIRECTION('',(0.586282529115,0.810106657209,0.));
#7683 = PLANE('',#7684);
#7684 = AXIS2_PLACEMENT_3D('',#7685,#7686,#7687);
#7685 = CARTESIAN_POINT('',(0.,0.,1.585));
#7686 = DIRECTION('',(0.,0.,1.));
#7687 = DIRECTION('',(1.,0.,-0.));
#7688 = SHELL_BASED_SURFACE_MODEL('',(#7689));
#7689 = OPEN_SHELL('',(#7690));
#7690 = ADVANCED_FACE('',(#7691),#7810,.T.);
#7691 = FACE_BOUND('',#7692,.F.);
#7692 = EDGE_LOOP('',(#7693,#7704,#7712,#7721,#7729,#7737,#7746,#7754,
    #7763,#7771,#7779,#7788,#7796,#7804));
#7693 = ORIENTED_EDGE('',*,*,#7694,.T.);
#7694 = EDGE_CURVE('',#7695,#7697,#7699,.T.);
#7695 = VERTEX_POINT('',#7696);
#7696 = CARTESIAN_POINT('',(160.377559,-87.39984,1.585));
#7697 = VERTEX_POINT('',#7698);
#7698 = CARTESIAN_POINT('',(160.501532,-87.472191,1.585));
#7699 = CIRCLE('',#7700,7.499997880119E-02);
#7700 = AXIS2_PLACEMENT_3D('',#7701,#7702,#7703);
#7701 = CARTESIAN_POINT('',(160.42857162542,-87.45481916757,1.585));
#7702 = DIRECTION('',(0.,0.,-1.));
#7703 = DIRECTION('',(-0.680168531214,0.733055774922,0.));
#7704 = ORIENTED_EDGE('',*,*,#7705,.T.);
#7705 = EDGE_CURVE('',#7697,#7706,#7708,.T.);
#7706 = VERTEX_POINT('',#7707);
#7707 = CARTESIAN_POINT('',(160.258646,-88.486091,1.585));
#7708 = LINE('',#7709,#7710);
#7709 = CARTESIAN_POINT('',(160.501532,-87.472191,1.585));
#7710 = VECTOR('',#7711,1.);
#7711 = DIRECTION('',(-0.232964820327,-0.972485163121,0.));
#7712 = ORIENTED_EDGE('',*,*,#7713,.T.);
#7713 = EDGE_CURVE('',#7706,#7714,#7716,.T.);
#7714 = VERTEX_POINT('',#7715);
#7715 = CARTESIAN_POINT('',(160.118008,-88.474144,1.585));
#7716 = CIRCLE('',#7717,7.50005533174E-02);
#7717 = AXIS2_PLACEMENT_3D('',#7718,#7719,#7720);
#7718 = CARTESIAN_POINT('',(160.19047608181,-88.45481888379,1.585));
#7719 = DIRECTION('',(-0.,0.,-1.));
#7720 = DIRECTION('',(0.908925536853,-0.4169584733,-0.));
#7721 = ORIENTED_EDGE('',*,*,#7722,.T.);
#7722 = EDGE_CURVE('',#7714,#7723,#7725,.T.);
#7723 = VERTEX_POINT('',#7724);
#7724 = CARTESIAN_POINT('',(159.999999,-88.031613,1.585));
#7725 = LINE('',#7726,#7727);
#7726 = CARTESIAN_POINT('',(160.118008,-88.474144,1.585));
#7727 = VECTOR('',#7728,1.);
#7728 = DIRECTION('',(-0.257664145438,0.966234540966,0.));
#7729 = ORIENTED_EDGE('',*,*,#7730,.T.);
#7730 = EDGE_CURVE('',#7723,#7731,#7733,.T.);
#7731 = VERTEX_POINT('',#7732);
#7732 = CARTESIAN_POINT('',(159.876829,-88.48791,1.585));
#7733 = LINE('',#7734,#7735);
#7734 = CARTESIAN_POINT('',(159.999999,-88.031613,1.585));
#7735 = VECTOR('',#7736,1.);
#7736 = DIRECTION('',(-0.260606315218,-0.965445155598,0.));
#7737 = ORIENTED_EDGE('',*,*,#7738,.T.);
#7738 = EDGE_CURVE('',#7731,#7739,#7741,.T.);
#7739 = VERTEX_POINT('',#7740);
#7740 = CARTESIAN_POINT('',(159.736564,-88.472191,1.585));
#7741 = CIRCLE('',#7742,7.499976850751E-02);
#7742 = AXIS2_PLACEMENT_3D('',#7743,#7744,#7745);
#7743 = CARTESIAN_POINT('',(159.80952410899,-88.45481896007,1.585));
#7744 = DIRECTION('',(-0.,0.,-1.));
#7745 = DIRECTION('',(0.897401316583,-0.44121522752,-0.));
#7746 = ORIENTED_EDGE('',*,*,#7747,.T.);
#7747 = EDGE_CURVE('',#7739,#7748,#7750,.T.);
#7748 = VERTEX_POINT('',#7749);
#7749 = CARTESIAN_POINT('',(159.496481,-87.457623,1.585));
#7750 = LINE('',#7751,#7752);
#7751 = CARTESIAN_POINT('',(159.736564,-88.472191,1.585));
#7752 = VECTOR('',#7753,1.);
#7753 = DIRECTION('',(-0.23027618176,0.97312531573,0.));
#7754 = ORIENTED_EDGE('',*,*,#7755,.T.);
#7755 = EDGE_CURVE('',#7748,#7756,#7758,.T.);
#7756 = VERTEX_POINT('',#7757);
#7757 = CARTESIAN_POINT('',(159.644389,-87.437447,1.585));
#7758 = CIRCLE('',#7759,7.499999556138E-02);
#7759 = AXIS2_PLACEMENT_3D('',#7760,#7761,#7762);
#7760 = CARTESIAN_POINT('',(159.5714285449,-87.45481856662,1.585));
#7761 = DIRECTION('',(0.,0.,-1.));
#7762 = DIRECTION('',(-0.999300657904,-3.739244726397E-02,-0.));
#7763 = ORIENTED_EDGE('',*,*,#7764,.T.);
#7764 = EDGE_CURVE('',#7756,#7765,#7767,.T.);
#7765 = VERTEX_POINT('',#7766);
#7766 = CARTESIAN_POINT('',(159.81364,-88.148303,1.585));
#7767 = LINE('',#7768,#7769);
#7768 = CARTESIAN_POINT('',(159.644389,-87.437447,1.585));
#7769 = VECTOR('',#7770,1.);
#7770 = DIRECTION('',(0.231619972271,-0.972806346836,0.));
#7771 = ORIENTED_EDGE('',*,*,#7772,.T.);
#7772 = EDGE_CURVE('',#7765,#7773,#7775,.T.);
#7773 = VERTEX_POINT('',#7774);
#7774 = CARTESIAN_POINT('',(159.932695,-87.707441,1.585));
#7775 = LINE('',#7776,#7777);
#7776 = CARTESIAN_POINT('',(159.81364,-88.148303,1.585));
#7777 = VECTOR('',#7778,1.);
#7778 = DIRECTION('',(0.260711285702,0.96541681439,0.));
#7779 = ORIENTED_EDGE('',*,*,#7780,.T.);
#7780 = EDGE_CURVE('',#7773,#7781,#7783,.T.);
#7781 = VERTEX_POINT('',#7782);
#7782 = CARTESIAN_POINT('',(160.072468,-87.721208,1.585));
#7783 = CIRCLE('',#7784,7.500013992438E-02);
#7784 = AXIS2_PLACEMENT_3D('',#7785,#7786,#7787);
#7785 = CARTESIAN_POINT('',(160.00000014547,-87.74053236414,1.585));
#7786 = DIRECTION('',(0.,0.,-1.));
#7787 = DIRECTION('',(-0.897400265457,0.44121736543,0.));
#7788 = ORIENTED_EDGE('',*,*,#7789,.T.);
#7789 = EDGE_CURVE('',#7781,#7790,#7792,.T.);
#7790 = VERTEX_POINT('',#7791);
#7791 = CARTESIAN_POINT('',(160.186359,-88.148303,1.585));
#7792 = LINE('',#7793,#7794);
#7793 = CARTESIAN_POINT('',(160.072468,-87.721208,1.585));
#7794 = VECTOR('',#7795,1.);
#7795 = DIRECTION('',(0.257660538414,-0.966235502838,0.));
#7796 = ORIENTED_EDGE('',*,*,#7797,.T.);
#7797 = EDGE_CURVE('',#7790,#7798,#7800,.T.);
#7798 = VERTEX_POINT('',#7799);
#7799 = CARTESIAN_POINT('',(160.360402,-87.423547,1.585));
#7800 = LINE('',#7801,#7802);
#7801 = CARTESIAN_POINT('',(160.186359,-88.148303,1.585));
#7802 = VECTOR('',#7803,1.);
#7803 = DIRECTION('',(0.233501785734,0.972356372972,0.));
#7804 = ORIENTED_EDGE('',*,*,#7805,.T.);
#7805 = EDGE_CURVE('',#7798,#7695,#7806,.T.);
#7806 = LINE('',#7807,#7808);
#7807 = CARTESIAN_POINT('',(160.360402,-87.423547,1.585));
#7808 = VECTOR('',#7809,1.);
#7809 = DIRECTION('',(0.586282529115,0.810106657209,0.));
#7810 = PLANE('',#7811);
#7811 = AXIS2_PLACEMENT_3D('',#7812,#7813,#7814);
#7812 = CARTESIAN_POINT('',(0.,0.,1.585));
#7813 = DIRECTION('',(0.,0.,1.));
#7814 = DIRECTION('',(1.,0.,-0.));
#7815 = SHELL_BASED_SURFACE_MODEL('',(#7816));
#7816 = OPEN_SHELL('',(#7817));
#7817 = ADVANCED_FACE('',(#7818),#7937,.T.);
#7818 = FACE_BOUND('',#7819,.F.);
#7819 = EDGE_LOOP('',(#7820,#7831,#7839,#7848,#7856,#7864,#7873,#7881,
    #7890,#7898,#7906,#7915,#7923,#7931));
#7820 = ORIENTED_EDGE('',*,*,#7821,.T.);
#7821 = EDGE_CURVE('',#7822,#7824,#7826,.T.);
#7822 = VERTEX_POINT('',#7823);
#7823 = CARTESIAN_POINT('',(179.377559,-87.39984,1.585));
#7824 = VERTEX_POINT('',#7825);
#7825 = CARTESIAN_POINT('',(179.501532,-87.472191,1.585));
#7826 = CIRCLE('',#7827,7.499997880119E-02);
#7827 = AXIS2_PLACEMENT_3D('',#7828,#7829,#7830);
#7828 = CARTESIAN_POINT('',(179.42857162542,-87.45481916757,1.585));
#7829 = DIRECTION('',(0.,0.,-1.));
#7830 = DIRECTION('',(-0.680168531214,0.733055774922,0.));
#7831 = ORIENTED_EDGE('',*,*,#7832,.T.);
#7832 = EDGE_CURVE('',#7824,#7833,#7835,.T.);
#7833 = VERTEX_POINT('',#7834);
#7834 = CARTESIAN_POINT('',(179.258646,-88.486091,1.585));
#7835 = LINE('',#7836,#7837);
#7836 = CARTESIAN_POINT('',(179.501532,-87.472191,1.585));
#7837 = VECTOR('',#7838,1.);
#7838 = DIRECTION('',(-0.232964820327,-0.972485163121,0.));
#7839 = ORIENTED_EDGE('',*,*,#7840,.T.);
#7840 = EDGE_CURVE('',#7833,#7841,#7843,.T.);
#7841 = VERTEX_POINT('',#7842);
#7842 = CARTESIAN_POINT('',(179.118008,-88.474144,1.585));
#7843 = CIRCLE('',#7844,7.50005533174E-02);
#7844 = AXIS2_PLACEMENT_3D('',#7845,#7846,#7847);
#7845 = CARTESIAN_POINT('',(179.19047608181,-88.45481888379,1.585));
#7846 = DIRECTION('',(-0.,0.,-1.));
#7847 = DIRECTION('',(0.908925536853,-0.4169584733,-0.));
#7848 = ORIENTED_EDGE('',*,*,#7849,.T.);
#7849 = EDGE_CURVE('',#7841,#7850,#7852,.T.);
#7850 = VERTEX_POINT('',#7851);
#7851 = CARTESIAN_POINT('',(178.999999,-88.031613,1.585));
#7852 = LINE('',#7853,#7854);
#7853 = CARTESIAN_POINT('',(179.118008,-88.474144,1.585));
#7854 = VECTOR('',#7855,1.);
#7855 = DIRECTION('',(-0.257664145438,0.966234540966,0.));
#7856 = ORIENTED_EDGE('',*,*,#7857,.T.);
#7857 = EDGE_CURVE('',#7850,#7858,#7860,.T.);
#7858 = VERTEX_POINT('',#7859);
#7859 = CARTESIAN_POINT('',(178.876829,-88.48791,1.585));
#7860 = LINE('',#7861,#7862);
#7861 = CARTESIAN_POINT('',(178.999999,-88.031613,1.585));
#7862 = VECTOR('',#7863,1.);
#7863 = DIRECTION('',(-0.260606315218,-0.965445155598,0.));
#7864 = ORIENTED_EDGE('',*,*,#7865,.T.);
#7865 = EDGE_CURVE('',#7858,#7866,#7868,.T.);
#7866 = VERTEX_POINT('',#7867);
#7867 = CARTESIAN_POINT('',(178.736564,-88.472191,1.585));
#7868 = CIRCLE('',#7869,7.499976850751E-02);
#7869 = AXIS2_PLACEMENT_3D('',#7870,#7871,#7872);
#7870 = CARTESIAN_POINT('',(178.80952410899,-88.45481896007,1.585));
#7871 = DIRECTION('',(-0.,0.,-1.));
#7872 = DIRECTION('',(0.897401316583,-0.44121522752,-0.));
#7873 = ORIENTED_EDGE('',*,*,#7874,.T.);
#7874 = EDGE_CURVE('',#7866,#7875,#7877,.T.);
#7875 = VERTEX_POINT('',#7876);
#7876 = CARTESIAN_POINT('',(178.496481,-87.457623,1.585));
#7877 = LINE('',#7878,#7879);
#7878 = CARTESIAN_POINT('',(178.736564,-88.472191,1.585));
#7879 = VECTOR('',#7880,1.);
#7880 = DIRECTION('',(-0.23027618176,0.97312531573,0.));
#7881 = ORIENTED_EDGE('',*,*,#7882,.T.);
#7882 = EDGE_CURVE('',#7875,#7883,#7885,.T.);
#7883 = VERTEX_POINT('',#7884);
#7884 = CARTESIAN_POINT('',(178.644389,-87.437447,1.585));
#7885 = CIRCLE('',#7886,7.499999556138E-02);
#7886 = AXIS2_PLACEMENT_3D('',#7887,#7888,#7889);
#7887 = CARTESIAN_POINT('',(178.5714285449,-87.45481856662,1.585));
#7888 = DIRECTION('',(0.,0.,-1.));
#7889 = DIRECTION('',(-0.999300657904,-3.739244726397E-02,-0.));
#7890 = ORIENTED_EDGE('',*,*,#7891,.T.);
#7891 = EDGE_CURVE('',#7883,#7892,#7894,.T.);
#7892 = VERTEX_POINT('',#7893);
#7893 = CARTESIAN_POINT('',(178.81364,-88.148303,1.585));
#7894 = LINE('',#7895,#7896);
#7895 = CARTESIAN_POINT('',(178.644389,-87.437447,1.585));
#7896 = VECTOR('',#7897,1.);
#7897 = DIRECTION('',(0.231619972271,-0.972806346836,0.));
#7898 = ORIENTED_EDGE('',*,*,#7899,.T.);
#7899 = EDGE_CURVE('',#7892,#7900,#7902,.T.);
#7900 = VERTEX_POINT('',#7901);
#7901 = CARTESIAN_POINT('',(178.932695,-87.707441,1.585));
#7902 = LINE('',#7903,#7904);
#7903 = CARTESIAN_POINT('',(178.81364,-88.148303,1.585));
#7904 = VECTOR('',#7905,1.);
#7905 = DIRECTION('',(0.260711285702,0.96541681439,0.));
#7906 = ORIENTED_EDGE('',*,*,#7907,.T.);
#7907 = EDGE_CURVE('',#7900,#7908,#7910,.T.);
#7908 = VERTEX_POINT('',#7909);
#7909 = CARTESIAN_POINT('',(179.072468,-87.721208,1.585));
#7910 = CIRCLE('',#7911,7.500013992438E-02);
#7911 = AXIS2_PLACEMENT_3D('',#7912,#7913,#7914);
#7912 = CARTESIAN_POINT('',(179.00000014547,-87.74053236414,1.585));
#7913 = DIRECTION('',(0.,0.,-1.));
#7914 = DIRECTION('',(-0.897400265457,0.44121736543,0.));
#7915 = ORIENTED_EDGE('',*,*,#7916,.T.);
#7916 = EDGE_CURVE('',#7908,#7917,#7919,.T.);
#7917 = VERTEX_POINT('',#7918);
#7918 = CARTESIAN_POINT('',(179.186359,-88.148303,1.585));
#7919 = LINE('',#7920,#7921);
#7920 = CARTESIAN_POINT('',(179.072468,-87.721208,1.585));
#7921 = VECTOR('',#7922,1.);
#7922 = DIRECTION('',(0.257660538414,-0.966235502838,0.));
#7923 = ORIENTED_EDGE('',*,*,#7924,.T.);
#7924 = EDGE_CURVE('',#7917,#7925,#7927,.T.);
#7925 = VERTEX_POINT('',#7926);
#7926 = CARTESIAN_POINT('',(179.360402,-87.423547,1.585));
#7927 = LINE('',#7928,#7929);
#7928 = CARTESIAN_POINT('',(179.186359,-88.148303,1.585));
#7929 = VECTOR('',#7930,1.);
#7930 = DIRECTION('',(0.233501785734,0.972356372972,0.));
#7931 = ORIENTED_EDGE('',*,*,#7932,.T.);
#7932 = EDGE_CURVE('',#7925,#7822,#7933,.T.);
#7933 = LINE('',#7934,#7935);
#7934 = CARTESIAN_POINT('',(179.360402,-87.423547,1.585));
#7935 = VECTOR('',#7936,1.);
#7936 = DIRECTION('',(0.586282529115,0.810106657209,0.));
#7937 = PLANE('',#7938);
#7938 = AXIS2_PLACEMENT_3D('',#7939,#7940,#7941);
#7939 = CARTESIAN_POINT('',(0.,0.,1.585));
#7940 = DIRECTION('',(0.,0.,1.));
#7941 = DIRECTION('',(1.,0.,-0.));
#7942 = SHELL_BASED_SURFACE_MODEL('',(#7943));
#7943 = OPEN_SHELL('',(#7944));
#7944 = ADVANCED_FACE('',(#7945),#8209,.T.);
#7945 = FACE_BOUND('',#7946,.F.);
#7946 = EDGE_LOOP('',(#7947,#7957,#7965,#7973,#7982,#7990,#7998,#8007,
    #8015,#8023,#8031,#8039,#8047,#8055,#8063,#8072,#8080,#8088,#8096,
    #8104,#8113,#8121,#8129,#8138,#8146,#8154,#8162,#8170,#8178,#8186,
    #8194,#8203));
#7947 = ORIENTED_EDGE('',*,*,#7948,.T.);
#7948 = EDGE_CURVE('',#7949,#7951,#7953,.T.);
#7949 = VERTEX_POINT('',#7950);
#7950 = CARTESIAN_POINT('',(120.722064,-87.43932,1.585));
#7951 = VERTEX_POINT('',#7952);
#7952 = CARTESIAN_POINT('',(120.842511,-87.38126,1.585));
#7953 = LINE('',#7954,#7955);
#7954 = CARTESIAN_POINT('',(120.722064,-87.43932,1.585));
#7955 = VECTOR('',#7956,1.);
#7956 = DIRECTION('',(0.900805720197,0.434222356012,0.));
#7957 = ORIENTED_EDGE('',*,*,#7958,.T.);
#7958 = EDGE_CURVE('',#7951,#7959,#7961,.T.);
#7959 = VERTEX_POINT('',#7960);
#7960 = CARTESIAN_POINT('',(121.102643,-87.380548,1.585));
#7961 = LINE('',#7962,#7963);
#7962 = CARTESIAN_POINT('',(120.842511,-87.38126,1.585));
#7963 = VECTOR('',#7964,1.);
#7964 = DIRECTION('',(0.99999625424,2.737061695645E-03,0.));
#7965 = ORIENTED_EDGE('',*,*,#7966,.T.);
#7966 = EDGE_CURVE('',#7959,#7967,#7969,.T.);
#7967 = VERTEX_POINT('',#7968);
#7968 = CARTESIAN_POINT('',(121.275237,-87.437281,1.585));
#7969 = LINE('',#7970,#7971);
#7970 = CARTESIAN_POINT('',(121.102643,-87.380548,1.585));
#7971 = VECTOR('',#7972,1.);
#7972 = DIRECTION('',(0.949993312755,-0.312270244693,0.));
#7973 = ORIENTED_EDGE('',*,*,#7974,.T.);
#7974 = EDGE_CURVE('',#7967,#7975,#7977,.T.);
#7975 = VERTEX_POINT('',#7976);
#7976 = CARTESIAN_POINT('',(121.214377,-87.573589,1.585));
#7977 = CIRCLE('',#7978,7.499990197505E-02);
#7978 = AXIS2_PLACEMENT_3D('',#7979,#7980,#7981);
#7979 = CARTESIAN_POINT('',(121.23809495478,-87.50243814675,1.585));
#7980 = DIRECTION('',(0.,0.,-1.));
#7981 = DIRECTION('',(0.495227916747,0.86876309226,0.));
#7982 = ORIENTED_EDGE('',*,*,#7983,.T.);
#7983 = EDGE_CURVE('',#7975,#7984,#7986,.T.);
#7984 = VERTEX_POINT('',#7985);
#7985 = CARTESIAN_POINT('',(121.083068,-87.529819,1.585));
#7986 = LINE('',#7987,#7988);
#7987 = CARTESIAN_POINT('',(121.214377,-87.573589,1.585));
#7988 = VECTOR('',#7989,1.);
#7989 = DIRECTION('',(-0.948682575567,0.316229933459,0.));
#7990 = ORIENTED_EDGE('',*,*,#7991,.T.);
#7991 = EDGE_CURVE('',#7984,#7992,#7994,.T.);
#7992 = VERTEX_POINT('',#7993);
#7993 = CARTESIAN_POINT('',(120.874848,-87.529819,1.585));
#7994 = LINE('',#7995,#7996);
#7995 = CARTESIAN_POINT('',(121.083068,-87.529819,1.585));
#7996 = VECTOR('',#7997,1.);
#7997 = DIRECTION('',(-1.,0.,0.));
#7998 = ORIENTED_EDGE('',*,*,#7999,.T.);
#7999 = EDGE_CURVE('',#7992,#8000,#8002,.T.);
#8000 = VERTEX_POINT('',#8001);
#8001 = CARTESIAN_POINT('',(120.741667,-87.663,1.585));
#8002 = CIRCLE('',#8003,0.18686440374);
#8003 = AXIS2_PLACEMENT_3D('',#8004,#8005,#8006);
#8004 = CARTESIAN_POINT('',(120.922384,-87.710536,1.585));
#8005 = DIRECTION('',(0.,0.,1.));
#8006 = DIRECTION('',(-0.254387668537,0.967102328658,0.));
#8007 = ORIENTED_EDGE('',*,*,#8008,.T.);
#8008 = EDGE_CURVE('',#8000,#8009,#8011,.T.);
#8009 = VERTEX_POINT('',#8010);
#8010 = CARTESIAN_POINT('',(120.741667,-87.722828,1.585));
#8011 = LINE('',#8012,#8013);
#8012 = CARTESIAN_POINT('',(120.741667,-87.663,1.585));
#8013 = VECTOR('',#8014,1.);
#8014 = DIRECTION('',(0.,-1.,0.));
#8015 = ORIENTED_EDGE('',*,*,#8016,.T.);
#8016 = EDGE_CURVE('',#8009,#8017,#8019,.T.);
#8017 = VERTEX_POINT('',#8018);
#8018 = CARTESIAN_POINT('',(120.775925,-87.791344,1.585));
#8019 = LINE('',#8020,#8021);
#8020 = CARTESIAN_POINT('',(120.741667,-87.722828,1.585));
#8021 = VECTOR('',#8022,1.);
#8022 = DIRECTION('',(0.4472135955,-0.894427191,0.));
#8023 = ORIENTED_EDGE('',*,*,#8024,.T.);
#8024 = EDGE_CURVE('',#8017,#8025,#8027,.T.);
#8025 = VERTEX_POINT('',#8026);
#8026 = CARTESIAN_POINT('',(120.806332,-87.821751,1.585));
#8027 = LINE('',#8028,#8029);
#8028 = CARTESIAN_POINT('',(120.775925,-87.791344,1.585));
#8029 = VECTOR('',#8030,1.);
#8030 = DIRECTION('',(0.707106781186,-0.707106781187,0.));
#8031 = ORIENTED_EDGE('',*,*,#8032,.T.);
#8032 = EDGE_CURVE('',#8025,#8033,#8035,.T.);
#8033 = VERTEX_POINT('',#8034);
#8034 = CARTESIAN_POINT('',(120.883319,-87.860244,1.585));
#8035 = LINE('',#8036,#8037);
#8036 = CARTESIAN_POINT('',(120.806332,-87.821751,1.585));
#8037 = VECTOR('',#8038,1.);
#8038 = DIRECTION('',(0.894429514574,-0.447208948322,0.));
#8039 = ORIENTED_EDGE('',*,*,#8040,.T.);
#8040 = EDGE_CURVE('',#8033,#8041,#8043,.T.);
#8041 = VERTEX_POINT('',#8042);
#8042 = CARTESIAN_POINT('',(121.08116,-87.911546,1.585));
#8043 = LINE('',#8044,#8045);
#8044 = CARTESIAN_POINT('',(120.883319,-87.860244,1.585));
#8045 = VECTOR('',#8046,1.);
#8046 = DIRECTION('',(0.967985143201,-0.251007494991,0.));
#8047 = ORIENTED_EDGE('',*,*,#8048,.T.);
#8048 = EDGE_CURVE('',#8041,#8049,#8051,.T.);
#8049 = VERTEX_POINT('',#8050);
#8050 = CARTESIAN_POINT('',(121.19014,-87.968495,1.585));
#8051 = LINE('',#8052,#8053);
#8052 = CARTESIAN_POINT('',(121.08116,-87.911546,1.585));
#8053 = VECTOR('',#8054,1.);
#8054 = DIRECTION('',(0.886284927965,-0.46314039606,0.));
#8055 = ORIENTED_EDGE('',*,*,#8056,.T.);
#8056 = EDGE_CURVE('',#8049,#8057,#8059,.T.);
#8057 = VERTEX_POINT('',#8058);
#8058 = CARTESIAN_POINT('',(121.253593,-88.034025,1.585));
#8059 = LINE('',#8060,#8061);
#8060 = CARTESIAN_POINT('',(121.19014,-87.968495,1.585));
#8061 = VECTOR('',#8062,1.);
#8062 = DIRECTION('',(0.695630129574,-0.718400113328,0.));
#8063 = ORIENTED_EDGE('',*,*,#8064,.T.);
#8064 = EDGE_CURVE('',#8057,#8065,#8067,.T.);
#8065 = VERTEX_POINT('',#8066);
#8066 = CARTESIAN_POINT('',(121.248227,-88.406863,1.585));
#8067 = CIRCLE('',#8068,0.290999251663);
#8068 = AXIS2_PLACEMENT_3D('',#8069,#8070,#8071);
#8069 = CARTESIAN_POINT('',(121.0275023369,-88.2172286477,1.585));
#8070 = DIRECTION('',(0.,0.,-1.));
#8071 = DIRECTION('',(0.776945857418,0.629567418662,0.));
#8072 = ORIENTED_EDGE('',*,*,#8073,.T.);
#8073 = EDGE_CURVE('',#8065,#8074,#8076,.T.);
#8074 = VERTEX_POINT('',#8075);
#8075 = CARTESIAN_POINT('',(121.182697,-88.470317,1.585));
#8076 = LINE('',#8077,#8078);
#8077 = CARTESIAN_POINT('',(121.248227,-88.406863,1.585));
#8078 = VECTOR('',#8079,1.);
#8079 = DIRECTION('',(-0.718394634729,-0.695635787458,0.));
#8080 = ORIENTED_EDGE('',*,*,#8081,.T.);
#8081 = EDGE_CURVE('',#8074,#8082,#8084,.T.);
#8082 = VERTEX_POINT('',#8083);
#8083 = CARTESIAN_POINT('',(121.062251,-88.528378,1.585));
#8084 = LINE('',#8085,#8086);
#8085 = CARTESIAN_POINT('',(121.182697,-88.470317,1.585));
#8086 = VECTOR('',#8087,1.);
#8087 = DIRECTION('',(-0.900801384651,-0.434231350101,0.));
#8088 = ORIENTED_EDGE('',*,*,#8089,.T.);
#8089 = EDGE_CURVE('',#8082,#8090,#8092,.T.);
#8090 = VERTEX_POINT('',#8091);
#8091 = CARTESIAN_POINT('',(120.793061,-88.527619,1.585));
#8092 = LINE('',#8093,#8094);
#8093 = CARTESIAN_POINT('',(121.062251,-88.528378,1.585));
#8094 = VECTOR('',#8095,1.);
#8095 = DIRECTION('',(-0.999996025037,2.819558612894E-03,0.));
#8096 = ORIENTED_EDGE('',*,*,#8097,.T.);
#8097 = EDGE_CURVE('',#8090,#8098,#8100,.T.);
#8098 = VERTEX_POINT('',#8099);
#8099 = CARTESIAN_POINT('',(120.629524,-88.472357,1.585));
#8100 = LINE('',#8101,#8102);
#8101 = CARTESIAN_POINT('',(120.793061,-88.527619,1.585));
#8102 = VECTOR('',#8103,1.);
#8103 = DIRECTION('',(-0.94737239725,0.320133629801,0.));
#8104 = ORIENTED_EDGE('',*,*,#8105,.T.);
#8105 = EDGE_CURVE('',#8098,#8106,#8108,.T.);
#8106 = VERTEX_POINT('',#8107);
#8107 = CARTESIAN_POINT('',(120.690384,-88.336049,1.585));
#8108 = CIRCLE('',#8109,7.500001519551E-02);
#8109 = AXIS2_PLACEMENT_3D('',#8110,#8111,#8112);
#8110 = CARTESIAN_POINT('',(120.66666709996,-88.40720032417,1.585));
#8111 = DIRECTION('',(0.,0.,-1.));
#8112 = DIRECTION('',(-0.495241232499,-0.868755501642,-0.));
#8113 = ORIENTED_EDGE('',*,*,#8114,.T.);
#8114 = EDGE_CURVE('',#8106,#8115,#8117,.T.);
#8115 = VERTEX_POINT('',#8116);
#8116 = CARTESIAN_POINT('',(120.821694,-88.379819,1.585));
#8117 = LINE('',#8118,#8119);
#8118 = CARTESIAN_POINT('',(120.690384,-88.336049,1.585));
#8119 = VECTOR('',#8120,1.);
#8120 = DIRECTION('',(0.948683298051,-0.316227766017,0.));
#8121 = ORIENTED_EDGE('',*,*,#8122,.T.);
#8122 = EDGE_CURVE('',#8115,#8123,#8125,.T.);
#8123 = VERTEX_POINT('',#8124);
#8124 = CARTESIAN_POINT('',(121.029914,-88.379819,1.585));
#8125 = LINE('',#8126,#8127);
#8126 = CARTESIAN_POINT('',(120.821694,-88.379819,1.585));
#8127 = VECTOR('',#8128,1.);
#8128 = DIRECTION('',(1.,0.,0.));
#8129 = ORIENTED_EDGE('',*,*,#8130,.T.);
#8130 = EDGE_CURVE('',#8123,#8131,#8133,.T.);
#8131 = VERTEX_POINT('',#8132);
#8132 = CARTESIAN_POINT('',(121.163095,-88.246637,1.585));
#8133 = CIRCLE('',#8134,0.186867760544);
#8134 = AXIS2_PLACEMENT_3D('',#8135,#8136,#8137);
#8135 = CARTESIAN_POINT('',(120.98237496928,-88.19909932622,1.585));
#8136 = DIRECTION('',(0.,0.,1.));
#8137 = DIRECTION('',(0.254399317356,-0.967099264465,0.));
#8138 = ORIENTED_EDGE('',*,*,#8139,.T.);
#8139 = EDGE_CURVE('',#8131,#8140,#8142,.T.);
#8140 = VERTEX_POINT('',#8141);
#8141 = CARTESIAN_POINT('',(121.163095,-88.186809,1.585));
#8142 = LINE('',#8143,#8144);
#8143 = CARTESIAN_POINT('',(121.163095,-88.246637,1.585));
#8144 = VECTOR('',#8145,1.);
#8145 = DIRECTION('',(0.,1.,0.));
#8146 = ORIENTED_EDGE('',*,*,#8147,.T.);
#8147 = EDGE_CURVE('',#8140,#8148,#8150,.T.);
#8148 = VERTEX_POINT('',#8149);
#8149 = CARTESIAN_POINT('',(121.128837,-88.118293,1.585));
#8150 = LINE('',#8151,#8152);
#8151 = CARTESIAN_POINT('',(121.163095,-88.186809,1.585));
#8152 = VECTOR('',#8153,1.);
#8153 = DIRECTION('',(-0.4472135955,0.894427191,0.));
#8154 = ORIENTED_EDGE('',*,*,#8155,.T.);
#8155 = EDGE_CURVE('',#8148,#8156,#8158,.T.);
#8156 = VERTEX_POINT('',#8157);
#8157 = CARTESIAN_POINT('',(121.09843,-88.087886,1.585));
#8158 = LINE('',#8159,#8160);
#8159 = CARTESIAN_POINT('',(121.128837,-88.118293,1.585));
#8160 = VECTOR('',#8161,1.);
#8161 = DIRECTION('',(-0.707106781187,0.707106781186,0.));
#8162 = ORIENTED_EDGE('',*,*,#8163,.T.);
#8163 = EDGE_CURVE('',#8156,#8164,#8166,.T.);
#8164 = VERTEX_POINT('',#8165);
#8165 = CARTESIAN_POINT('',(121.021443,-88.049392,1.585));
#8166 = LINE('',#8167,#8168);
#8167 = CARTESIAN_POINT('',(121.09843,-88.087886,1.585));
#8168 = VECTOR('',#8169,1.);
#8169 = DIRECTION('',(-0.894424867414,0.447218242642,0.));
#8170 = ORIENTED_EDGE('',*,*,#8171,.T.);
#8171 = EDGE_CURVE('',#8164,#8172,#8174,.T.);
#8172 = VERTEX_POINT('',#8173);
#8173 = CARTESIAN_POINT('',(120.823602,-87.998091,1.585));
#8174 = LINE('',#8175,#8176);
#8175 = CARTESIAN_POINT('',(121.021443,-88.049392,1.585));
#8176 = VECTOR('',#8177,1.);
#8177 = DIRECTION('',(-0.967986331989,0.251002910506,0.));
#8178 = ORIENTED_EDGE('',*,*,#8179,.T.);
#8179 = EDGE_CURVE('',#8172,#8180,#8182,.T.);
#8180 = VERTEX_POINT('',#8181);
#8181 = CARTESIAN_POINT('',(120.714621,-87.941141,1.585));
#8182 = LINE('',#8183,#8184);
#8183 = CARTESIAN_POINT('',(120.823602,-87.998091,1.585));
#8184 = VECTOR('',#8185,1.);
#8185 = DIRECTION('',(-0.886283334198,0.463143445946,0.));
#8186 = ORIENTED_EDGE('',*,*,#8187,.T.);
#8187 = EDGE_CURVE('',#8180,#8188,#8190,.T.);
#8188 = VERTEX_POINT('',#8189);
#8189 = CARTESIAN_POINT('',(120.651168,-87.875611,1.585));
#8190 = LINE('',#8191,#8192);
#8191 = CARTESIAN_POINT('',(120.714621,-87.941141,1.585));
#8192 = VECTOR('',#8193,1.);
#8193 = DIRECTION('',(-0.695630129574,0.718400113328,0.));
#8194 = ORIENTED_EDGE('',*,*,#8195,.T.);
#8195 = EDGE_CURVE('',#8188,#8196,#8198,.T.);
#8196 = VERTEX_POINT('',#8197);
#8197 = CARTESIAN_POINT('',(120.656534,-87.502773,1.585));
#8198 = CIRCLE('',#8199,0.291002094877);
#8199 = AXIS2_PLACEMENT_3D('',#8200,#8201,#8202);
#8200 = CARTESIAN_POINT('',(120.87726236573,-87.69240740558,1.585));
#8201 = DIRECTION('',(0.,0.,-1.));
#8202 = DIRECTION('',(-0.776950990098,-0.629561084396,-0.));
#8203 = ORIENTED_EDGE('',*,*,#8204,.T.);
#8204 = EDGE_CURVE('',#8196,#7949,#8205,.T.);
#8205 = LINE('',#8206,#8207);
#8206 = CARTESIAN_POINT('',(120.656534,-87.502773,1.585));
#8207 = VECTOR('',#8208,1.);
#8208 = DIRECTION('',(0.718400113328,0.695630129574,0.));
#8209 = PLANE('',#8210);
#8210 = AXIS2_PLACEMENT_3D('',#8211,#8212,#8213);
#8211 = CARTESIAN_POINT('',(0.,0.,1.585));
#8212 = DIRECTION('',(0.,0.,1.));
#8213 = DIRECTION('',(1.,0.,-0.));
#8214 = SHELL_BASED_SURFACE_MODEL('',(#8215));
#8215 = OPEN_SHELL('',(#8216));
#8216 = ADVANCED_FACE('',(#8217),#8352,.T.);
#8217 = FACE_BOUND('',#8218,.F.);
#8218 = EDGE_LOOP('',(#8219,#8230,#8238,#8246,#8254,#8263,#8271,#8279,
    #8288,#8296,#8304,#8313,#8321,#8329,#8338,#8346));
#8219 = ORIENTED_EDGE('',*,*,#8220,.T.);
#8220 = EDGE_CURVE('',#8221,#8223,#8225,.T.);
#8221 = VERTEX_POINT('',#8222);
#8222 = CARTESIAN_POINT('',(122.954017,-87.347951,1.585));
#8223 = VERTEX_POINT('',#8224);
#8224 = CARTESIAN_POINT('',(123.071151,-87.430918,1.585));
#8225 = CIRCLE('',#8226,7.499955990672E-02);
#8226 = AXIS2_PLACEMENT_3D('',#8227,#8228,#8229);
#8227 = CARTESIAN_POINT('',(123.00000050095,-87.40720006435,1.585));
#8228 = DIRECTION('',(0.,0.,-1.));
#8229 = DIRECTION('',(-0.613116943749,0.78999216027,0.));
#8230 = ORIENTED_EDGE('',*,*,#8231,.T.);
#8231 = EDGE_CURVE('',#8223,#8232,#8234,.T.);
#8232 = VERTEX_POINT('',#8233);
#8233 = CARTESIAN_POINT('',(122.865962,-88.046485,1.585));
#8234 = LINE('',#8235,#8236);
#8235 = CARTESIAN_POINT('',(123.071151,-87.430918,1.585));
#8236 = VECTOR('',#8237,1.);
#8237 = DIRECTION('',(-0.316227766017,-0.948683298051,0.));
#8238 = ORIENTED_EDGE('',*,*,#8239,.T.);
#8239 = EDGE_CURVE('',#8232,#8240,#8242,.T.);
#8240 = VERTEX_POINT('',#8241);
#8241 = CARTESIAN_POINT('',(123.163095,-88.046485,1.585));
#8242 = LINE('',#8243,#8244);
#8243 = CARTESIAN_POINT('',(122.865962,-88.046485,1.585));
#8244 = VECTOR('',#8245,1.);
#8245 = DIRECTION('',(1.,0.,0.));
#8246 = ORIENTED_EDGE('',*,*,#8247,.T.);
#8247 = EDGE_CURVE('',#8240,#8248,#8250,.T.);
#8248 = VERTEX_POINT('',#8249);
#8249 = CARTESIAN_POINT('',(123.164536,-87.77352,1.585));
#8250 = LINE('',#8251,#8252);
#8251 = CARTESIAN_POINT('',(123.163095,-88.046485,1.585));
#8252 = VECTOR('',#8253,1.);
#8253 = DIRECTION('',(5.278991523254E-03,0.999986066027,0.));
#8254 = ORIENTED_EDGE('',*,*,#8255,.T.);
#8255 = EDGE_CURVE('',#8248,#8256,#8258,.T.);
#8256 = VERTEX_POINT('',#8257);
#8257 = CARTESIAN_POINT('',(123.313095,-87.788152,1.585));
#8258 = CIRCLE('',#8259,7.500006711465E-02);
#8259 = AXIS2_PLACEMENT_3D('',#8260,#8261,#8262);
#8260 = CARTESIAN_POINT('',(123.23809493288,-87.78815193288,1.585));
#8261 = DIRECTION('',(0.,0.,-1.));
#8262 = DIRECTION('',(-0.980784894138,0.195092263891,0.));
#8263 = ORIENTED_EDGE('',*,*,#8264,.T.);
#8264 = EDGE_CURVE('',#8256,#8265,#8267,.T.);
#8265 = VERTEX_POINT('',#8266);
#8266 = CARTESIAN_POINT('',(123.313095,-88.046485,1.585));
#8267 = LINE('',#8268,#8269);
#8268 = CARTESIAN_POINT('',(123.313095,-87.788152,1.585));
#8269 = VECTOR('',#8270,1.);
#8270 = DIRECTION('',(0.,-1.,0.));
#8271 = ORIENTED_EDGE('',*,*,#8272,.T.);
#8272 = EDGE_CURVE('',#8265,#8273,#8275,.T.);
#8273 = VERTEX_POINT('',#8274);
#8274 = CARTESIAN_POINT('',(123.395584,-88.047926,1.585));
#8275 = LINE('',#8276,#8277);
#8276 = CARTESIAN_POINT('',(123.313095,-88.046485,1.585));
#8277 = VECTOR('',#8278,1.);
#8278 = DIRECTION('',(0.999847452005,-1.746633100582E-02,0.));
#8279 = ORIENTED_EDGE('',*,*,#8280,.T.);
#8280 = EDGE_CURVE('',#8273,#8281,#8283,.T.);
#8281 = VERTEX_POINT('',#8282);
#8282 = CARTESIAN_POINT('',(123.380952,-88.196485,1.585));
#8283 = CIRCLE('',#8284,7.500006711463E-02);
#8284 = AXIS2_PLACEMENT_3D('',#8285,#8286,#8287);
#8285 = CARTESIAN_POINT('',(123.38095206711,-88.12148493288,1.585));
#8286 = DIRECTION('',(0.,0.,-1.));
#8287 = DIRECTION('',(0.195092263891,0.980784894138,0.));
#8288 = ORIENTED_EDGE('',*,*,#8289,.T.);
#8289 = EDGE_CURVE('',#8281,#8290,#8292,.T.);
#8290 = VERTEX_POINT('',#8291);
#8291 = CARTESIAN_POINT('',(123.313095,-88.196485,1.585));
#8292 = LINE('',#8293,#8294);
#8293 = CARTESIAN_POINT('',(123.380952,-88.196485,1.585));
#8294 = VECTOR('',#8295,1.);
#8295 = DIRECTION('',(-1.,0.,0.));
#8296 = ORIENTED_EDGE('',*,*,#8297,.T.);
#8297 = EDGE_CURVE('',#8290,#8298,#8300,.T.);
#8298 = VERTEX_POINT('',#8299);
#8299 = CARTESIAN_POINT('',(123.311654,-88.469451,1.585));
#8300 = LINE('',#8301,#8302);
#8301 = CARTESIAN_POINT('',(123.313095,-88.196485,1.585));
#8302 = VECTOR('',#8303,1.);
#8303 = DIRECTION('',(-5.278972184419E-03,-0.999986066129,0.));
#8304 = ORIENTED_EDGE('',*,*,#8305,.T.);
#8305 = EDGE_CURVE('',#8298,#8306,#8308,.T.);
#8306 = VERTEX_POINT('',#8307);
#8307 = CARTESIAN_POINT('',(123.163095,-88.454819,1.585));
#8308 = CIRCLE('',#8309,7.500006711464E-02);
#8309 = AXIS2_PLACEMENT_3D('',#8310,#8311,#8312);
#8310 = CARTESIAN_POINT('',(123.23809506711,-88.45481906711,1.585));
#8311 = DIRECTION('',(-0.,0.,-1.));
#8312 = DIRECTION('',(0.980784894138,-0.195092263891,-0.));
#8313 = ORIENTED_EDGE('',*,*,#8314,.T.);
#8314 = EDGE_CURVE('',#8306,#8315,#8317,.T.);
#8315 = VERTEX_POINT('',#8316);
#8316 = CARTESIAN_POINT('',(123.163095,-88.196485,1.585));
#8317 = LINE('',#8318,#8319);
#8318 = CARTESIAN_POINT('',(123.163095,-88.454819,1.585));
#8319 = VECTOR('',#8320,1.);
#8320 = DIRECTION('',(0.,1.,0.));
#8321 = ORIENTED_EDGE('',*,*,#8322,.T.);
#8322 = EDGE_CURVE('',#8315,#8323,#8325,.T.);
#8323 = VERTEX_POINT('',#8324);
#8324 = CARTESIAN_POINT('',(122.747273,-88.195044,1.585));
#8325 = LINE('',#8326,#8327);
#8326 = CARTESIAN_POINT('',(123.163095,-88.196485,1.585));
#8327 = VECTOR('',#8328,1.);
#8328 = DIRECTION('',(-0.999993995468,3.465404301528E-03,0.));
#8329 = ORIENTED_EDGE('',*,*,#8330,.T.);
#8330 = EDGE_CURVE('',#8323,#8331,#8333,.T.);
#8331 = VERTEX_POINT('',#8332);
#8332 = CARTESIAN_POINT('',(122.690754,-88.097768,1.585));
#8333 = CIRCLE('',#8334,7.499997045038E-02);
#8334 = AXIS2_PLACEMENT_3D('',#8335,#8336,#8337);
#8335 = CARTESIAN_POINT('',(122.76190517257,-88.12148521335,1.585));
#8336 = DIRECTION('',(0.,0.,-1.));
#8337 = DIRECTION('',(-0.195095711167,-0.980784208419,-0.));
#8338 = ORIENTED_EDGE('',*,*,#8339,.T.);
#8339 = EDGE_CURVE('',#8331,#8340,#8342,.T.);
#8340 = VERTEX_POINT('',#8341);
#8341 = CARTESIAN_POINT('',(122.934843,-87.370058,1.585));
#8342 = LINE('',#8343,#8344);
#8343 = CARTESIAN_POINT('',(122.690754,-88.097768,1.585));
#8344 = VECTOR('',#8345,1.);
#8345 = DIRECTION('',(0.318008317924,0.948087922996,0.));
#8346 = ORIENTED_EDGE('',*,*,#8347,.T.);
#8347 = EDGE_CURVE('',#8340,#8221,#8348,.T.);
#8348 = LINE('',#8349,#8350);
#8349 = CARTESIAN_POINT('',(122.934843,-87.370058,1.585));
#8350 = VECTOR('',#8351,1.);
#8351 = DIRECTION('',(0.65521540373,0.755442105469,0.));
#8352 = PLANE('',#8353);
#8353 = AXIS2_PLACEMENT_3D('',#8354,#8355,#8356);
#8354 = CARTESIAN_POINT('',(0.,0.,1.585));
#8355 = DIRECTION('',(0.,0.,1.));
#8356 = DIRECTION('',(1.,0.,-0.));
#8357 = SHELL_BASED_SURFACE_MODEL('',(#8358));
#8358 = OPEN_SHELL('',(#8359));
#8359 = ADVANCED_FACE('',(#8360),#8624,.T.);
#8360 = FACE_BOUND('',#8361,.F.);
#8361 = EDGE_LOOP('',(#8362,#8372,#8380,#8388,#8397,#8405,#8413,#8422,
    #8430,#8438,#8446,#8454,#8462,#8470,#8478,#8487,#8495,#8503,#8511,
    #8519,#8528,#8536,#8544,#8553,#8561,#8569,#8577,#8585,#8593,#8601,
    #8609,#8618));
#8362 = ORIENTED_EDGE('',*,*,#8363,.T.);
#8363 = EDGE_CURVE('',#8364,#8366,#8368,.T.);
#8364 = VERTEX_POINT('',#8365);
#8365 = CARTESIAN_POINT('',(139.722064,-87.43932,1.585));
#8366 = VERTEX_POINT('',#8367);
#8367 = CARTESIAN_POINT('',(139.842511,-87.38126,1.585));
#8368 = LINE('',#8369,#8370);
#8369 = CARTESIAN_POINT('',(139.722064,-87.43932,1.585));
#8370 = VECTOR('',#8371,1.);
#8371 = DIRECTION('',(0.900805720197,0.434222356012,0.));
#8372 = ORIENTED_EDGE('',*,*,#8373,.T.);
#8373 = EDGE_CURVE('',#8366,#8374,#8376,.T.);
#8374 = VERTEX_POINT('',#8375);
#8375 = CARTESIAN_POINT('',(140.102643,-87.380548,1.585));
#8376 = LINE('',#8377,#8378);
#8377 = CARTESIAN_POINT('',(139.842511,-87.38126,1.585));
#8378 = VECTOR('',#8379,1.);
#8379 = DIRECTION('',(0.99999625424,2.737061695645E-03,0.));
#8380 = ORIENTED_EDGE('',*,*,#8381,.T.);
#8381 = EDGE_CURVE('',#8374,#8382,#8384,.T.);
#8382 = VERTEX_POINT('',#8383);
#8383 = CARTESIAN_POINT('',(140.275237,-87.437281,1.585));
#8384 = LINE('',#8385,#8386);
#8385 = CARTESIAN_POINT('',(140.102643,-87.380548,1.585));
#8386 = VECTOR('',#8387,1.);
#8387 = DIRECTION('',(0.949993312755,-0.312270244693,0.));
#8388 = ORIENTED_EDGE('',*,*,#8389,.T.);
#8389 = EDGE_CURVE('',#8382,#8390,#8392,.T.);
#8390 = VERTEX_POINT('',#8391);
#8391 = CARTESIAN_POINT('',(140.214377,-87.573589,1.585));
#8392 = CIRCLE('',#8393,7.499990197505E-02);
#8393 = AXIS2_PLACEMENT_3D('',#8394,#8395,#8396);
#8394 = CARTESIAN_POINT('',(140.23809495478,-87.50243814675,1.585));
#8395 = DIRECTION('',(0.,0.,-1.));
#8396 = DIRECTION('',(0.495227916747,0.868763092261,0.));
#8397 = ORIENTED_EDGE('',*,*,#8398,.T.);
#8398 = EDGE_CURVE('',#8390,#8399,#8401,.T.);
#8399 = VERTEX_POINT('',#8400);
#8400 = CARTESIAN_POINT('',(140.083068,-87.529819,1.585));
#8401 = LINE('',#8402,#8403);
#8402 = CARTESIAN_POINT('',(140.214377,-87.573589,1.585));
#8403 = VECTOR('',#8404,1.);
#8404 = DIRECTION('',(-0.948682575567,0.316229933459,0.));
#8405 = ORIENTED_EDGE('',*,*,#8406,.T.);
#8406 = EDGE_CURVE('',#8399,#8407,#8409,.T.);
#8407 = VERTEX_POINT('',#8408);
#8408 = CARTESIAN_POINT('',(139.874848,-87.529819,1.585));
#8409 = LINE('',#8410,#8411);
#8410 = CARTESIAN_POINT('',(140.083068,-87.529819,1.585));
#8411 = VECTOR('',#8412,1.);
#8412 = DIRECTION('',(-1.,0.,0.));
#8413 = ORIENTED_EDGE('',*,*,#8414,.T.);
#8414 = EDGE_CURVE('',#8407,#8415,#8417,.T.);
#8415 = VERTEX_POINT('',#8416);
#8416 = CARTESIAN_POINT('',(139.741667,-87.663,1.585));
#8417 = CIRCLE('',#8418,0.18686440374);
#8418 = AXIS2_PLACEMENT_3D('',#8419,#8420,#8421);
#8419 = CARTESIAN_POINT('',(139.922384,-87.710536,1.585));
#8420 = DIRECTION('',(0.,0.,1.));
#8421 = DIRECTION('',(-0.254387668538,0.967102328658,0.));
#8422 = ORIENTED_EDGE('',*,*,#8423,.T.);
#8423 = EDGE_CURVE('',#8415,#8424,#8426,.T.);
#8424 = VERTEX_POINT('',#8425);
#8425 = CARTESIAN_POINT('',(139.741667,-87.722828,1.585));
#8426 = LINE('',#8427,#8428);
#8427 = CARTESIAN_POINT('',(139.741667,-87.663,1.585));
#8428 = VECTOR('',#8429,1.);
#8429 = DIRECTION('',(0.,-1.,0.));
#8430 = ORIENTED_EDGE('',*,*,#8431,.T.);
#8431 = EDGE_CURVE('',#8424,#8432,#8434,.T.);
#8432 = VERTEX_POINT('',#8433);
#8433 = CARTESIAN_POINT('',(139.775925,-87.791344,1.585));
#8434 = LINE('',#8435,#8436);
#8435 = CARTESIAN_POINT('',(139.741667,-87.722828,1.585));
#8436 = VECTOR('',#8437,1.);
#8437 = DIRECTION('',(0.4472135955,-0.894427191,0.));
#8438 = ORIENTED_EDGE('',*,*,#8439,.T.);
#8439 = EDGE_CURVE('',#8432,#8440,#8442,.T.);
#8440 = VERTEX_POINT('',#8441);
#8441 = CARTESIAN_POINT('',(139.806332,-87.821751,1.585));
#8442 = LINE('',#8443,#8444);
#8443 = CARTESIAN_POINT('',(139.775925,-87.791344,1.585));
#8444 = VECTOR('',#8445,1.);
#8445 = DIRECTION('',(0.707106781186,-0.707106781187,0.));
#8446 = ORIENTED_EDGE('',*,*,#8447,.T.);
#8447 = EDGE_CURVE('',#8440,#8448,#8450,.T.);
#8448 = VERTEX_POINT('',#8449);
#8449 = CARTESIAN_POINT('',(139.883319,-87.860244,1.585));
#8450 = LINE('',#8451,#8452);
#8451 = CARTESIAN_POINT('',(139.806332,-87.821751,1.585));
#8452 = VECTOR('',#8453,1.);
#8453 = DIRECTION('',(0.894429514574,-0.447208948322,0.));
#8454 = ORIENTED_EDGE('',*,*,#8455,.T.);
#8455 = EDGE_CURVE('',#8448,#8456,#8458,.T.);
#8456 = VERTEX_POINT('',#8457);
#8457 = CARTESIAN_POINT('',(140.08116,-87.911546,1.585));
#8458 = LINE('',#8459,#8460);
#8459 = CARTESIAN_POINT('',(139.883319,-87.860244,1.585));
#8460 = VECTOR('',#8461,1.);
#8461 = DIRECTION('',(0.967985143201,-0.251007494991,0.));
#8462 = ORIENTED_EDGE('',*,*,#8463,.T.);
#8463 = EDGE_CURVE('',#8456,#8464,#8466,.T.);
#8464 = VERTEX_POINT('',#8465);
#8465 = CARTESIAN_POINT('',(140.19014,-87.968495,1.585));
#8466 = LINE('',#8467,#8468);
#8467 = CARTESIAN_POINT('',(140.08116,-87.911546,1.585));
#8468 = VECTOR('',#8469,1.);
#8469 = DIRECTION('',(0.886284927965,-0.46314039606,0.));
#8470 = ORIENTED_EDGE('',*,*,#8471,.T.);
#8471 = EDGE_CURVE('',#8464,#8472,#8474,.T.);
#8472 = VERTEX_POINT('',#8473);
#8473 = CARTESIAN_POINT('',(140.253593,-88.034025,1.585));
#8474 = LINE('',#8475,#8476);
#8475 = CARTESIAN_POINT('',(140.19014,-87.968495,1.585));
#8476 = VECTOR('',#8477,1.);
#8477 = DIRECTION('',(0.695630129574,-0.718400113328,0.));
#8478 = ORIENTED_EDGE('',*,*,#8479,.T.);
#8479 = EDGE_CURVE('',#8472,#8480,#8482,.T.);
#8480 = VERTEX_POINT('',#8481);
#8481 = CARTESIAN_POINT('',(140.248227,-88.406863,1.585));
#8482 = CIRCLE('',#8483,0.290999251663);
#8483 = AXIS2_PLACEMENT_3D('',#8484,#8485,#8486);
#8484 = CARTESIAN_POINT('',(140.0275023369,-88.2172286477,1.585));
#8485 = DIRECTION('',(0.,0.,-1.));
#8486 = DIRECTION('',(0.776945857418,0.629567418662,0.));
#8487 = ORIENTED_EDGE('',*,*,#8488,.T.);
#8488 = EDGE_CURVE('',#8480,#8489,#8491,.T.);
#8489 = VERTEX_POINT('',#8490);
#8490 = CARTESIAN_POINT('',(140.182697,-88.470317,1.585));
#8491 = LINE('',#8492,#8493);
#8492 = CARTESIAN_POINT('',(140.248227,-88.406863,1.585));
#8493 = VECTOR('',#8494,1.);
#8494 = DIRECTION('',(-0.718394634729,-0.695635787458,0.));
#8495 = ORIENTED_EDGE('',*,*,#8496,.T.);
#8496 = EDGE_CURVE('',#8489,#8497,#8499,.T.);
#8497 = VERTEX_POINT('',#8498);
#8498 = CARTESIAN_POINT('',(140.062251,-88.528378,1.585));
#8499 = LINE('',#8500,#8501);
#8500 = CARTESIAN_POINT('',(140.182697,-88.470317,1.585));
#8501 = VECTOR('',#8502,1.);
#8502 = DIRECTION('',(-0.900801384651,-0.434231350101,0.));
#8503 = ORIENTED_EDGE('',*,*,#8504,.T.);
#8504 = EDGE_CURVE('',#8497,#8505,#8507,.T.);
#8505 = VERTEX_POINT('',#8506);
#8506 = CARTESIAN_POINT('',(139.793061,-88.527619,1.585));
#8507 = LINE('',#8508,#8509);
#8508 = CARTESIAN_POINT('',(140.062251,-88.528378,1.585));
#8509 = VECTOR('',#8510,1.);
#8510 = DIRECTION('',(-0.999996025037,2.819558612894E-03,0.));
#8511 = ORIENTED_EDGE('',*,*,#8512,.T.);
#8512 = EDGE_CURVE('',#8505,#8513,#8515,.T.);
#8513 = VERTEX_POINT('',#8514);
#8514 = CARTESIAN_POINT('',(139.629524,-88.472357,1.585));
#8515 = LINE('',#8516,#8517);
#8516 = CARTESIAN_POINT('',(139.793061,-88.527619,1.585));
#8517 = VECTOR('',#8518,1.);
#8518 = DIRECTION('',(-0.94737239725,0.320133629801,0.));
#8519 = ORIENTED_EDGE('',*,*,#8520,.T.);
#8520 = EDGE_CURVE('',#8513,#8521,#8523,.T.);
#8521 = VERTEX_POINT('',#8522);
#8522 = CARTESIAN_POINT('',(139.690384,-88.336049,1.585));
#8523 = CIRCLE('',#8524,7.50000151955E-02);
#8524 = AXIS2_PLACEMENT_3D('',#8525,#8526,#8527);
#8525 = CARTESIAN_POINT('',(139.66666709996,-88.40720032417,1.585));
#8526 = DIRECTION('',(0.,0.,-1.));
#8527 = DIRECTION('',(-0.495241232499,-0.868755501642,-0.));
#8528 = ORIENTED_EDGE('',*,*,#8529,.T.);
#8529 = EDGE_CURVE('',#8521,#8530,#8532,.T.);
#8530 = VERTEX_POINT('',#8531);
#8531 = CARTESIAN_POINT('',(139.821694,-88.379819,1.585));
#8532 = LINE('',#8533,#8534);
#8533 = CARTESIAN_POINT('',(139.690384,-88.336049,1.585));
#8534 = VECTOR('',#8535,1.);
#8535 = DIRECTION('',(0.948683298051,-0.316227766017,0.));
#8536 = ORIENTED_EDGE('',*,*,#8537,.T.);
#8537 = EDGE_CURVE('',#8530,#8538,#8540,.T.);
#8538 = VERTEX_POINT('',#8539);
#8539 = CARTESIAN_POINT('',(140.029914,-88.379819,1.585));
#8540 = LINE('',#8541,#8542);
#8541 = CARTESIAN_POINT('',(139.821694,-88.379819,1.585));
#8542 = VECTOR('',#8543,1.);
#8543 = DIRECTION('',(1.,0.,0.));
#8544 = ORIENTED_EDGE('',*,*,#8545,.T.);
#8545 = EDGE_CURVE('',#8538,#8546,#8548,.T.);
#8546 = VERTEX_POINT('',#8547);
#8547 = CARTESIAN_POINT('',(140.163095,-88.246637,1.585));
#8548 = CIRCLE('',#8549,0.186867760544);
#8549 = AXIS2_PLACEMENT_3D('',#8550,#8551,#8552);
#8550 = CARTESIAN_POINT('',(139.98237496928,-88.19909932622,1.585));
#8551 = DIRECTION('',(0.,0.,1.));
#8552 = DIRECTION('',(0.254399317355,-0.967099264465,0.));
#8553 = ORIENTED_EDGE('',*,*,#8554,.T.);
#8554 = EDGE_CURVE('',#8546,#8555,#8557,.T.);
#8555 = VERTEX_POINT('',#8556);
#8556 = CARTESIAN_POINT('',(140.163095,-88.186809,1.585));
#8557 = LINE('',#8558,#8559);
#8558 = CARTESIAN_POINT('',(140.163095,-88.246637,1.585));
#8559 = VECTOR('',#8560,1.);
#8560 = DIRECTION('',(0.,1.,0.));
#8561 = ORIENTED_EDGE('',*,*,#8562,.T.);
#8562 = EDGE_CURVE('',#8555,#8563,#8565,.T.);
#8563 = VERTEX_POINT('',#8564);
#8564 = CARTESIAN_POINT('',(140.128837,-88.118293,1.585));
#8565 = LINE('',#8566,#8567);
#8566 = CARTESIAN_POINT('',(140.163095,-88.186809,1.585));
#8567 = VECTOR('',#8568,1.);
#8568 = DIRECTION('',(-0.4472135955,0.894427191,0.));
#8569 = ORIENTED_EDGE('',*,*,#8570,.T.);
#8570 = EDGE_CURVE('',#8563,#8571,#8573,.T.);
#8571 = VERTEX_POINT('',#8572);
#8572 = CARTESIAN_POINT('',(140.09843,-88.087886,1.585));
#8573 = LINE('',#8574,#8575);
#8574 = CARTESIAN_POINT('',(140.128837,-88.118293,1.585));
#8575 = VECTOR('',#8576,1.);
#8576 = DIRECTION('',(-0.707106781187,0.707106781187,0.));
#8577 = ORIENTED_EDGE('',*,*,#8578,.T.);
#8578 = EDGE_CURVE('',#8571,#8579,#8581,.T.);
#8579 = VERTEX_POINT('',#8580);
#8580 = CARTESIAN_POINT('',(140.021443,-88.049392,1.585));
#8581 = LINE('',#8582,#8583);
#8582 = CARTESIAN_POINT('',(140.09843,-88.087886,1.585));
#8583 = VECTOR('',#8584,1.);
#8584 = DIRECTION('',(-0.894424867414,0.447218242641,0.));
#8585 = ORIENTED_EDGE('',*,*,#8586,.T.);
#8586 = EDGE_CURVE('',#8579,#8587,#8589,.T.);
#8587 = VERTEX_POINT('',#8588);
#8588 = CARTESIAN_POINT('',(139.823602,-87.998091,1.585));
#8589 = LINE('',#8590,#8591);
#8590 = CARTESIAN_POINT('',(140.021443,-88.049392,1.585));
#8591 = VECTOR('',#8592,1.);
#8592 = DIRECTION('',(-0.967986331989,0.251002910506,0.));
#8593 = ORIENTED_EDGE('',*,*,#8594,.T.);
#8594 = EDGE_CURVE('',#8587,#8595,#8597,.T.);
#8595 = VERTEX_POINT('',#8596);
#8596 = CARTESIAN_POINT('',(139.714621,-87.941141,1.585));
#8597 = LINE('',#8598,#8599);
#8598 = CARTESIAN_POINT('',(139.823602,-87.998091,1.585));
#8599 = VECTOR('',#8600,1.);
#8600 = DIRECTION('',(-0.886283334198,0.463143445946,0.));
#8601 = ORIENTED_EDGE('',*,*,#8602,.T.);
#8602 = EDGE_CURVE('',#8595,#8603,#8605,.T.);
#8603 = VERTEX_POINT('',#8604);
#8604 = CARTESIAN_POINT('',(139.651168,-87.875611,1.585));
#8605 = LINE('',#8606,#8607);
#8606 = CARTESIAN_POINT('',(139.714621,-87.941141,1.585));
#8607 = VECTOR('',#8608,1.);
#8608 = DIRECTION('',(-0.695630129574,0.718400113328,0.));
#8609 = ORIENTED_EDGE('',*,*,#8610,.T.);
#8610 = EDGE_CURVE('',#8603,#8611,#8613,.T.);
#8611 = VERTEX_POINT('',#8612);
#8612 = CARTESIAN_POINT('',(139.656534,-87.502773,1.585));
#8613 = CIRCLE('',#8614,0.291002094877);
#8614 = AXIS2_PLACEMENT_3D('',#8615,#8616,#8617);
#8615 = CARTESIAN_POINT('',(139.87726236573,-87.69240740558,1.585));
#8616 = DIRECTION('',(0.,0.,-1.));
#8617 = DIRECTION('',(-0.776950990098,-0.629561084396,-0.));
#8618 = ORIENTED_EDGE('',*,*,#8619,.T.);
#8619 = EDGE_CURVE('',#8611,#8364,#8620,.T.);
#8620 = LINE('',#8621,#8622);
#8621 = CARTESIAN_POINT('',(139.656534,-87.502773,1.585));
#8622 = VECTOR('',#8623,1.);
#8623 = DIRECTION('',(0.718400113327,0.695630129574,0.));
#8624 = PLANE('',#8625);
#8625 = AXIS2_PLACEMENT_3D('',#8626,#8627,#8628);
#8626 = CARTESIAN_POINT('',(0.,0.,1.585));
#8627 = DIRECTION('',(0.,0.,1.));
#8628 = DIRECTION('',(1.,0.,-0.));
#8629 = SHELL_BASED_SURFACE_MODEL('',(#8630));
#8630 = OPEN_SHELL('',(#8631));
#8631 = ADVANCED_FACE('',(#8632),#8818,.T.);
#8632 = FACE_BOUND('',#8633,.F.);
#8633 = EDGE_LOOP('',(#8634,#8645,#8653,#8662,#8670,#8678,#8687,#8695,
    #8704,#8712,#8720,#8728,#8737,#8745,#8754,#8762,#8771,#8779,#8787,
    #8795,#8804,#8812));
#8634 = ORIENTED_EDGE('',*,*,#8635,.T.);
#8635 = EDGE_CURVE('',#8636,#8638,#8640,.T.);
#8636 = VERTEX_POINT('',#8637);
#8637 = CARTESIAN_POINT('',(141.699654,-87.528378,1.585));
#8638 = VERTEX_POINT('',#8639);
#8639 = CARTESIAN_POINT('',(141.714286,-87.379819,1.585));
#8640 = CIRCLE('',#8641,7.500006711464E-02);
#8641 = AXIS2_PLACEMENT_3D('',#8642,#8643,#8644);
#8642 = CARTESIAN_POINT('',(141.71428593288,-87.45481906711,1.585));
#8643 = DIRECTION('',(0.,0.,-1.));
#8644 = DIRECTION('',(-0.195092263891,-0.980784894138,-0.));
#8645 = ORIENTED_EDGE('',*,*,#8646,.T.);
#8646 = EDGE_CURVE('',#8638,#8647,#8649,.T.);
#8647 = VERTEX_POINT('',#8648);
#8648 = CARTESIAN_POINT('',(142.341071,-87.380581,1.585));
#8649 = LINE('',#8650,#8651);
#8650 = CARTESIAN_POINT('',(141.714286,-87.379819,1.585));
#8651 = VECTOR('',#8652,1.);
#8652 = DIRECTION('',(0.999999261004,-1.215726982767E-03,0.));
#8653 = ORIENTED_EDGE('',*,*,#8654,.T.);
#8654 = EDGE_CURVE('',#8647,#8655,#8657,.T.);
#8655 = VERTEX_POINT('',#8656);
#8656 = CARTESIAN_POINT('',(142.406892,-87.469451,1.585));
#8657 = CIRCLE('',#8658,7.447391611626E-02);
#8658 = AXIS2_PLACEMENT_3D('',#8659,#8660,#8661);
#8659 = CARTESIAN_POINT('',(142.33389192664,-87.4547080874,1.585));
#8660 = DIRECTION('',(0.,0.,-1.));
#8661 = DIRECTION('',(9.639715124814E-02,0.995342950561,0.));
#8662 = ORIENTED_EDGE('',*,*,#8663,.T.);
#8663 = EDGE_CURVE('',#8655,#8664,#8666,.T.);
#8664 = VERTEX_POINT('',#8665);
#8665 = CARTESIAN_POINT('',(142.389776,-87.504207,1.585));
#8666 = LINE('',#8667,#8668);
#8667 = CARTESIAN_POINT('',(142.406892,-87.469451,1.585));
#8668 = VECTOR('',#8669,1.);
#8669 = DIRECTION('',(-0.441795255027,-0.897115908139,0.));
#8670 = ORIENTED_EDGE('',*,*,#8671,.T.);
#8671 = EDGE_CURVE('',#8664,#8672,#8674,.T.);
#8672 = VERTEX_POINT('',#8673);
#8673 = CARTESIAN_POINT('',(142.16288,-87.763516,1.585));
#8674 = LINE('',#8675,#8676);
#8675 = CARTESIAN_POINT('',(142.389776,-87.504207,1.585));
#8676 = VECTOR('',#8677,1.);
#8677 = DIRECTION('',(-0.658505635208,-0.752575795784,0.));
#8678 = ORIENTED_EDGE('',*,*,#8679,.T.);
#8679 = EDGE_CURVE('',#8672,#8680,#8682,.T.);
#8680 = VERTEX_POINT('',#8681);
#8681 = CARTESIAN_POINT('',(142.406892,-88.011615,1.585));
#8682 = CIRCLE('',#8683,0.348520834816);
#8683 = AXIS2_PLACEMENT_3D('',#8684,#8685,#8686);
#8684 = CARTESIAN_POINT('',(142.0695866174,-88.09931819931,1.585));
#8685 = DIRECTION('',(0.,0.,-1.));
#8686 = DIRECTION('',(0.267683803321,0.963506814423,0.));
#8687 = ORIENTED_EDGE('',*,*,#8688,.T.);
#8688 = EDGE_CURVE('',#8680,#8689,#8691,.T.);
#8689 = VERTEX_POINT('',#8690);
#8690 = CARTESIAN_POINT('',(142.40567,-88.284152,1.585));
#8691 = LINE('',#8692,#8693);
#8692 = CARTESIAN_POINT('',(142.406892,-88.011615,1.585));
#8693 = VECTOR('',#8694,1.);
#8694 = DIRECTION('',(-4.483749789568E-03,-0.999989947943,0.));
#8695 = ORIENTED_EDGE('',*,*,#8696,.T.);
#8696 = EDGE_CURVE('',#8689,#8697,#8699,.T.);
#8697 = VERTEX_POINT('',#8698);
#8698 = CARTESIAN_POINT('',(142.157489,-88.528378,1.585));
#8699 = CIRCLE('',#8700,0.348635327447);
#8700 = AXIS2_PLACEMENT_3D('',#8701,#8702,#8703);
#8701 = CARTESIAN_POINT('',(142.06971748129,-88.19097208415,1.585));
#8702 = DIRECTION('',(0.,0.,-1.));
#8703 = DIRECTION('',(0.963621561732,-0.267270435638,0.));
#8704 = ORIENTED_EDGE('',*,*,#8705,.T.);
#8705 = EDGE_CURVE('',#8697,#8706,#8708,.T.);
#8706 = VERTEX_POINT('',#8707);
#8707 = CARTESIAN_POINT('',(141.837333,-88.527156,1.585));
#8708 = LINE('',#8709,#8710);
#8709 = CARTESIAN_POINT('',(142.157489,-88.528378,1.585));
#8710 = VECTOR('',#8711,1.);
#8711 = DIRECTION('',(-0.999992715758,3.816861463332E-03,0.));
#8712 = ORIENTED_EDGE('',*,*,#8713,.T.);
#8713 = EDGE_CURVE('',#8706,#8714,#8716,.T.);
#8714 = VERTEX_POINT('',#8715);
#8715 = CARTESIAN_POINT('',(141.71462,-88.46495,1.585));
#8716 = LINE('',#8717,#8718);
#8717 = CARTESIAN_POINT('',(141.837333,-88.527156,1.585));
#8718 = VECTOR('',#8719,1.);
#8719 = DIRECTION('',(-0.891943702445,0.452146471477,0.));
#8720 = ORIENTED_EDGE('',*,*,#8721,.T.);
#8721 = EDGE_CURVE('',#8714,#8722,#8724,.T.);
#8722 = VERTEX_POINT('',#8723);
#8723 = CARTESIAN_POINT('',(141.651925,-88.401247,1.585));
#8724 = LINE('',#8725,#8726);
#8725 = CARTESIAN_POINT('',(141.71462,-88.46495,1.585));
#8726 = VECTOR('',#8727,1.);
#8727 = DIRECTION('',(-0.701445434384,0.712723159847,0.));
#8728 = ORIENTED_EDGE('',*,*,#8729,.T.);
#8729 = EDGE_CURVE('',#8722,#8730,#8732,.T.);
#8730 = VERTEX_POINT('',#8731);
#8731 = CARTESIAN_POINT('',(141.76732,-88.306548,1.585));
#8732 = CIRCLE('',#8733,7.50001266804E-02);
#8733 = AXIS2_PLACEMENT_3D('',#8734,#8735,#8736);
#8734 = CARTESIAN_POINT('',(141.71428605199,-88.35958024831,1.585));
#8735 = DIRECTION('',(0.,0.,-1.));
#8736 = DIRECTION('',(-0.831479288827,-0.555555750804,-0.));
#8737 = ORIENTED_EDGE('',*,*,#8738,.T.);
#8738 = EDGE_CURVE('',#8730,#8739,#8741,.T.);
#8739 = VERTEX_POINT('',#8740);
#8740 = CARTESIAN_POINT('',(141.806332,-88.345561,1.585));
#8741 = LINE('',#8742,#8743);
#8742 = CARTESIAN_POINT('',(141.76732,-88.306548,1.585));
#8743 = VECTOR('',#8744,1.);
#8744 = DIRECTION('',(0.707097718561,-0.707115843695,0.));
#8745 = ORIENTED_EDGE('',*,*,#8746,.T.);
#8746 = EDGE_CURVE('',#8739,#8747,#8749,.T.);
#8747 = VERTEX_POINT('',#8748);
#8748 = CARTESIAN_POINT('',(142.193667,-88.345561,1.585));
#8749 = CIRCLE('',#8750,0.358502380266);
#8750 = AXIS2_PLACEMENT_3D('',#8751,#8752,#8753);
#8751 = CARTESIAN_POINT('',(141.9999995,-88.043871,1.585));
#8752 = DIRECTION('',(0.,0.,1.));
#8753 = DIRECTION('',(-0.540212591772,-0.841528582813,0.));
#8754 = ORIENTED_EDGE('',*,*,#8755,.T.);
#8755 = EDGE_CURVE('',#8747,#8756,#8758,.T.);
#8756 = VERTEX_POINT('',#8757);
#8757 = CARTESIAN_POINT('',(142.224074,-88.315153,1.585));
#8758 = LINE('',#8759,#8760);
#8759 = CARTESIAN_POINT('',(142.193667,-88.345561,1.585));
#8760 = VECTOR('',#8761,1.);
#8761 = DIRECTION('',(0.707095153914,0.707118408268,0.));
#8762 = ORIENTED_EDGE('',*,*,#8763,.T.);
#8763 = EDGE_CURVE('',#8756,#8764,#8766,.T.);
#8764 = VERTEX_POINT('',#8765);
#8765 = CARTESIAN_POINT('',(142.224075,-87.975436,1.585));
#8766 = CIRCLE('',#8767,0.305616146029);
#8767 = AXIS2_PLACEMENT_3D('',#8768,#8769,#8770);
#8768 = CARTESIAN_POINT('',(141.97000892049,-88.14529375212,1.585));
#8769 = DIRECTION('',(0.,-0.,1.));
#8770 = DIRECTION('',(0.831320867071,-0.555792781505,-0.));
#8771 = ORIENTED_EDGE('',*,*,#8772,.T.);
#8772 = EDGE_CURVE('',#8764,#8773,#8775,.T.);
#8773 = VERTEX_POINT('',#8774);
#8774 = CARTESIAN_POINT('',(142.193668,-87.945029,1.585));
#8775 = LINE('',#8776,#8777);
#8776 = CARTESIAN_POINT('',(142.224075,-87.975436,1.585));
#8777 = VECTOR('',#8778,1.);
#8778 = DIRECTION('',(-0.707106781187,0.707106781187,0.));
#8779 = ORIENTED_EDGE('',*,*,#8780,.T.);
#8780 = EDGE_CURVE('',#8773,#8781,#8783,.T.);
#8781 = VERTEX_POINT('',#8782);
#8782 = CARTESIAN_POINT('',(142.125152,-87.910771,1.585));
#8783 = LINE('',#8784,#8785);
#8784 = CARTESIAN_POINT('',(142.193668,-87.945029,1.585));
#8785 = VECTOR('',#8786,1.);
#8786 = DIRECTION('',(-0.894427191,0.4472135955,0.));
#8787 = ORIENTED_EDGE('',*,*,#8788,.T.);
#8788 = EDGE_CURVE('',#8781,#8789,#8791,.T.);
#8789 = VERTEX_POINT('',#8790);
#8790 = CARTESIAN_POINT('',(141.985368,-87.90933,1.585));
#8791 = LINE('',#8792,#8793);
#8792 = CARTESIAN_POINT('',(142.125152,-87.910771,1.585));
#8793 = VECTOR('',#8794,1.);
#8794 = DIRECTION('',(-0.999946868947,1.030821437469E-02,0.));
#8795 = ORIENTED_EDGE('',*,*,#8796,.T.);
#8796 = EDGE_CURVE('',#8789,#8797,#8799,.T.);
#8797 = VERTEX_POINT('',#8798);
#8798 = CARTESIAN_POINT('',(141.943557,-87.786383,1.585));
#8799 = CIRCLE('',#8800,7.500015628756E-02);
#8800 = AXIS2_PLACEMENT_3D('',#8801,#8802,#8803);
#8801 = CARTESIAN_POINT('',(142.00000028432,-87.8357710461,1.585));
#8802 = DIRECTION('',(0.,0.,-1.));
#8803 = DIRECTION('',(-0.195096717785,-0.980784008184,-0.));
#8804 = ORIENTED_EDGE('',*,*,#8805,.T.);
#8805 = EDGE_CURVE('',#8797,#8806,#8808,.T.);
#8806 = VERTEX_POINT('',#8807);
#8807 = CARTESIAN_POINT('',(142.168051,-87.529819,1.585));
#8808 = LINE('',#8809,#8810);
#8809 = CARTESIAN_POINT('',(141.943557,-87.786383,1.585));
#8810 = VECTOR('',#8811,1.);
#8811 = DIRECTION('',(0.658505438534,0.752575967874,0.));
#8812 = ORIENTED_EDGE('',*,*,#8813,.T.);
#8813 = EDGE_CURVE('',#8806,#8636,#8814,.T.);
#8814 = LINE('',#8815,#8816);
#8815 = CARTESIAN_POINT('',(142.168051,-87.529819,1.585));
#8816 = VECTOR('',#8817,1.);
#8817 = DIRECTION('',(-0.999995267761,3.076435546862E-03,0.));
#8818 = PLANE('',#8819);
#8819 = AXIS2_PLACEMENT_3D('',#8820,#8821,#8822);
#8820 = CARTESIAN_POINT('',(0.,0.,1.585));
#8821 = DIRECTION('',(0.,0.,1.));
#8822 = DIRECTION('',(1.,0.,-0.));
#8823 = SHELL_BASED_SURFACE_MODEL('',(#8824));
#8824 = OPEN_SHELL('',(#8825));
#8825 = ADVANCED_FACE('',(#8826),#9090,.T.);
#8826 = FACE_BOUND('',#8827,.F.);
#8827 = EDGE_LOOP('',(#8828,#8838,#8846,#8854,#8863,#8871,#8879,#8888,
    #8896,#8904,#8912,#8920,#8928,#8936,#8944,#8953,#8961,#8969,#8977,
    #8985,#8994,#9002,#9010,#9019,#9027,#9035,#9043,#9051,#9059,#9067,
    #9075,#9084));
#8828 = ORIENTED_EDGE('',*,*,#8829,.T.);
#8829 = EDGE_CURVE('',#8830,#8832,#8834,.T.);
#8830 = VERTEX_POINT('',#8831);
#8831 = CARTESIAN_POINT('',(158.722064,-87.43932,1.585));
#8832 = VERTEX_POINT('',#8833);
#8833 = CARTESIAN_POINT('',(158.842511,-87.38126,1.585));
#8834 = LINE('',#8835,#8836);
#8835 = CARTESIAN_POINT('',(158.722064,-87.43932,1.585));
#8836 = VECTOR('',#8837,1.);
#8837 = DIRECTION('',(0.900805720197,0.434222356012,0.));
#8838 = ORIENTED_EDGE('',*,*,#8839,.T.);
#8839 = EDGE_CURVE('',#8832,#8840,#8842,.T.);
#8840 = VERTEX_POINT('',#8841);
#8841 = CARTESIAN_POINT('',(159.102643,-87.380548,1.585));
#8842 = LINE('',#8843,#8844);
#8843 = CARTESIAN_POINT('',(158.842511,-87.38126,1.585));
#8844 = VECTOR('',#8845,1.);
#8845 = DIRECTION('',(0.99999625424,2.737061695645E-03,0.));
#8846 = ORIENTED_EDGE('',*,*,#8847,.T.);
#8847 = EDGE_CURVE('',#8840,#8848,#8850,.T.);
#8848 = VERTEX_POINT('',#8849);
#8849 = CARTESIAN_POINT('',(159.275237,-87.437281,1.585));
#8850 = LINE('',#8851,#8852);
#8851 = CARTESIAN_POINT('',(159.102643,-87.380548,1.585));
#8852 = VECTOR('',#8853,1.);
#8853 = DIRECTION('',(0.949993312755,-0.312270244693,0.));
#8854 = ORIENTED_EDGE('',*,*,#8855,.T.);
#8855 = EDGE_CURVE('',#8848,#8856,#8858,.T.);
#8856 = VERTEX_POINT('',#8857);
#8857 = CARTESIAN_POINT('',(159.214377,-87.573589,1.585));
#8858 = CIRCLE('',#8859,7.499990197505E-02);
#8859 = AXIS2_PLACEMENT_3D('',#8860,#8861,#8862);
#8860 = CARTESIAN_POINT('',(159.23809495478,-87.50243814675,1.585));
#8861 = DIRECTION('',(0.,0.,-1.));
#8862 = DIRECTION('',(0.495227916747,0.868763092261,0.));
#8863 = ORIENTED_EDGE('',*,*,#8864,.T.);
#8864 = EDGE_CURVE('',#8856,#8865,#8867,.T.);
#8865 = VERTEX_POINT('',#8866);
#8866 = CARTESIAN_POINT('',(159.083068,-87.529819,1.585));
#8867 = LINE('',#8868,#8869);
#8868 = CARTESIAN_POINT('',(159.214377,-87.573589,1.585));
#8869 = VECTOR('',#8870,1.);
#8870 = DIRECTION('',(-0.948682575567,0.316229933459,0.));
#8871 = ORIENTED_EDGE('',*,*,#8872,.T.);
#8872 = EDGE_CURVE('',#8865,#8873,#8875,.T.);
#8873 = VERTEX_POINT('',#8874);
#8874 = CARTESIAN_POINT('',(158.874848,-87.529819,1.585));
#8875 = LINE('',#8876,#8877);
#8876 = CARTESIAN_POINT('',(159.083068,-87.529819,1.585));
#8877 = VECTOR('',#8878,1.);
#8878 = DIRECTION('',(-1.,0.,0.));
#8879 = ORIENTED_EDGE('',*,*,#8880,.T.);
#8880 = EDGE_CURVE('',#8873,#8881,#8883,.T.);
#8881 = VERTEX_POINT('',#8882);
#8882 = CARTESIAN_POINT('',(158.741667,-87.663,1.585));
#8883 = CIRCLE('',#8884,0.18686440374);
#8884 = AXIS2_PLACEMENT_3D('',#8885,#8886,#8887);
#8885 = CARTESIAN_POINT('',(158.922384,-87.710536,1.585));
#8886 = DIRECTION('',(0.,0.,1.));
#8887 = DIRECTION('',(-0.254387668538,0.967102328658,0.));
#8888 = ORIENTED_EDGE('',*,*,#8889,.T.);
#8889 = EDGE_CURVE('',#8881,#8890,#8892,.T.);
#8890 = VERTEX_POINT('',#8891);
#8891 = CARTESIAN_POINT('',(158.741667,-87.722828,1.585));
#8892 = LINE('',#8893,#8894);
#8893 = CARTESIAN_POINT('',(158.741667,-87.663,1.585));
#8894 = VECTOR('',#8895,1.);
#8895 = DIRECTION('',(0.,-1.,0.));
#8896 = ORIENTED_EDGE('',*,*,#8897,.T.);
#8897 = EDGE_CURVE('',#8890,#8898,#8900,.T.);
#8898 = VERTEX_POINT('',#8899);
#8899 = CARTESIAN_POINT('',(158.775925,-87.791344,1.585));
#8900 = LINE('',#8901,#8902);
#8901 = CARTESIAN_POINT('',(158.741667,-87.722828,1.585));
#8902 = VECTOR('',#8903,1.);
#8903 = DIRECTION('',(0.4472135955,-0.894427191,0.));
#8904 = ORIENTED_EDGE('',*,*,#8905,.T.);
#8905 = EDGE_CURVE('',#8898,#8906,#8908,.T.);
#8906 = VERTEX_POINT('',#8907);
#8907 = CARTESIAN_POINT('',(158.806332,-87.821751,1.585));
#8908 = LINE('',#8909,#8910);
#8909 = CARTESIAN_POINT('',(158.775925,-87.791344,1.585));
#8910 = VECTOR('',#8911,1.);
#8911 = DIRECTION('',(0.707106781186,-0.707106781187,0.));
#8912 = ORIENTED_EDGE('',*,*,#8913,.T.);
#8913 = EDGE_CURVE('',#8906,#8914,#8916,.T.);
#8914 = VERTEX_POINT('',#8915);
#8915 = CARTESIAN_POINT('',(158.883319,-87.860244,1.585));
#8916 = LINE('',#8917,#8918);
#8917 = CARTESIAN_POINT('',(158.806332,-87.821751,1.585));
#8918 = VECTOR('',#8919,1.);
#8919 = DIRECTION('',(0.894429514574,-0.447208948322,0.));
#8920 = ORIENTED_EDGE('',*,*,#8921,.T.);
#8921 = EDGE_CURVE('',#8914,#8922,#8924,.T.);
#8922 = VERTEX_POINT('',#8923);
#8923 = CARTESIAN_POINT('',(159.08116,-87.911546,1.585));
#8924 = LINE('',#8925,#8926);
#8925 = CARTESIAN_POINT('',(158.883319,-87.860244,1.585));
#8926 = VECTOR('',#8927,1.);
#8927 = DIRECTION('',(0.967985143201,-0.251007494991,0.));
#8928 = ORIENTED_EDGE('',*,*,#8929,.T.);
#8929 = EDGE_CURVE('',#8922,#8930,#8932,.T.);
#8930 = VERTEX_POINT('',#8931);
#8931 = CARTESIAN_POINT('',(159.19014,-87.968495,1.585));
#8932 = LINE('',#8933,#8934);
#8933 = CARTESIAN_POINT('',(159.08116,-87.911546,1.585));
#8934 = VECTOR('',#8935,1.);
#8935 = DIRECTION('',(0.886284927965,-0.46314039606,0.));
#8936 = ORIENTED_EDGE('',*,*,#8937,.T.);
#8937 = EDGE_CURVE('',#8930,#8938,#8940,.T.);
#8938 = VERTEX_POINT('',#8939);
#8939 = CARTESIAN_POINT('',(159.253593,-88.034025,1.585));
#8940 = LINE('',#8941,#8942);
#8941 = CARTESIAN_POINT('',(159.19014,-87.968495,1.585));
#8942 = VECTOR('',#8943,1.);
#8943 = DIRECTION('',(0.695630129574,-0.718400113328,0.));
#8944 = ORIENTED_EDGE('',*,*,#8945,.T.);
#8945 = EDGE_CURVE('',#8938,#8946,#8948,.T.);
#8946 = VERTEX_POINT('',#8947);
#8947 = CARTESIAN_POINT('',(159.248227,-88.406863,1.585));
#8948 = CIRCLE('',#8949,0.290999251663);
#8949 = AXIS2_PLACEMENT_3D('',#8950,#8951,#8952);
#8950 = CARTESIAN_POINT('',(159.0275023369,-88.2172286477,1.585));
#8951 = DIRECTION('',(0.,0.,-1.));
#8952 = DIRECTION('',(0.776945857418,0.629567418662,0.));
#8953 = ORIENTED_EDGE('',*,*,#8954,.T.);
#8954 = EDGE_CURVE('',#8946,#8955,#8957,.T.);
#8955 = VERTEX_POINT('',#8956);
#8956 = CARTESIAN_POINT('',(159.182697,-88.470317,1.585));
#8957 = LINE('',#8958,#8959);
#8958 = CARTESIAN_POINT('',(159.248227,-88.406863,1.585));
#8959 = VECTOR('',#8960,1.);
#8960 = DIRECTION('',(-0.718394634729,-0.695635787458,0.));
#8961 = ORIENTED_EDGE('',*,*,#8962,.T.);
#8962 = EDGE_CURVE('',#8955,#8963,#8965,.T.);
#8963 = VERTEX_POINT('',#8964);
#8964 = CARTESIAN_POINT('',(159.062251,-88.528378,1.585));
#8965 = LINE('',#8966,#8967);
#8966 = CARTESIAN_POINT('',(159.182697,-88.470317,1.585));
#8967 = VECTOR('',#8968,1.);
#8968 = DIRECTION('',(-0.900801384651,-0.434231350101,0.));
#8969 = ORIENTED_EDGE('',*,*,#8970,.T.);
#8970 = EDGE_CURVE('',#8963,#8971,#8973,.T.);
#8971 = VERTEX_POINT('',#8972);
#8972 = CARTESIAN_POINT('',(158.793061,-88.527619,1.585));
#8973 = LINE('',#8974,#8975);
#8974 = CARTESIAN_POINT('',(159.062251,-88.528378,1.585));
#8975 = VECTOR('',#8976,1.);
#8976 = DIRECTION('',(-0.999996025037,2.819558612894E-03,0.));
#8977 = ORIENTED_EDGE('',*,*,#8978,.T.);
#8978 = EDGE_CURVE('',#8971,#8979,#8981,.T.);
#8979 = VERTEX_POINT('',#8980);
#8980 = CARTESIAN_POINT('',(158.629524,-88.472357,1.585));
#8981 = LINE('',#8982,#8983);
#8982 = CARTESIAN_POINT('',(158.793061,-88.527619,1.585));
#8983 = VECTOR('',#8984,1.);
#8984 = DIRECTION('',(-0.94737239725,0.320133629801,0.));
#8985 = ORIENTED_EDGE('',*,*,#8986,.T.);
#8986 = EDGE_CURVE('',#8979,#8987,#8989,.T.);
#8987 = VERTEX_POINT('',#8988);
#8988 = CARTESIAN_POINT('',(158.690384,-88.336049,1.585));
#8989 = CIRCLE('',#8990,7.50000151955E-02);
#8990 = AXIS2_PLACEMENT_3D('',#8991,#8992,#8993);
#8991 = CARTESIAN_POINT('',(158.66666709996,-88.40720032417,1.585));
#8992 = DIRECTION('',(0.,0.,-1.));
#8993 = DIRECTION('',(-0.495241232499,-0.868755501642,-0.));
#8994 = ORIENTED_EDGE('',*,*,#8995,.T.);
#8995 = EDGE_CURVE('',#8987,#8996,#8998,.T.);
#8996 = VERTEX_POINT('',#8997);
#8997 = CARTESIAN_POINT('',(158.821694,-88.379819,1.585));
#8998 = LINE('',#8999,#9000);
#8999 = CARTESIAN_POINT('',(158.690384,-88.336049,1.585));
#9000 = VECTOR('',#9001,1.);
#9001 = DIRECTION('',(0.948683298051,-0.316227766017,0.));
#9002 = ORIENTED_EDGE('',*,*,#9003,.T.);
#9003 = EDGE_CURVE('',#8996,#9004,#9006,.T.);
#9004 = VERTEX_POINT('',#9005);
#9005 = CARTESIAN_POINT('',(159.029914,-88.379819,1.585));
#9006 = LINE('',#9007,#9008);
#9007 = CARTESIAN_POINT('',(158.821694,-88.379819,1.585));
#9008 = VECTOR('',#9009,1.);
#9009 = DIRECTION('',(1.,0.,0.));
#9010 = ORIENTED_EDGE('',*,*,#9011,.T.);
#9011 = EDGE_CURVE('',#9004,#9012,#9014,.T.);
#9012 = VERTEX_POINT('',#9013);
#9013 = CARTESIAN_POINT('',(159.163095,-88.246637,1.585));
#9014 = CIRCLE('',#9015,0.186867760544);
#9015 = AXIS2_PLACEMENT_3D('',#9016,#9017,#9018);
#9016 = CARTESIAN_POINT('',(158.98237496928,-88.19909932622,1.585));
#9017 = DIRECTION('',(0.,0.,1.));
#9018 = DIRECTION('',(0.254399317355,-0.967099264465,0.));
#9019 = ORIENTED_EDGE('',*,*,#9020,.T.);
#9020 = EDGE_CURVE('',#9012,#9021,#9023,.T.);
#9021 = VERTEX_POINT('',#9022);
#9022 = CARTESIAN_POINT('',(159.163095,-88.186809,1.585));
#9023 = LINE('',#9024,#9025);
#9024 = CARTESIAN_POINT('',(159.163095,-88.246637,1.585));
#9025 = VECTOR('',#9026,1.);
#9026 = DIRECTION('',(0.,1.,0.));
#9027 = ORIENTED_EDGE('',*,*,#9028,.T.);
#9028 = EDGE_CURVE('',#9021,#9029,#9031,.T.);
#9029 = VERTEX_POINT('',#9030);
#9030 = CARTESIAN_POINT('',(159.128837,-88.118293,1.585));
#9031 = LINE('',#9032,#9033);
#9032 = CARTESIAN_POINT('',(159.163095,-88.186809,1.585));
#9033 = VECTOR('',#9034,1.);
#9034 = DIRECTION('',(-0.4472135955,0.894427191,0.));
#9035 = ORIENTED_EDGE('',*,*,#9036,.T.);
#9036 = EDGE_CURVE('',#9029,#9037,#9039,.T.);
#9037 = VERTEX_POINT('',#9038);
#9038 = CARTESIAN_POINT('',(159.09843,-88.087886,1.585));
#9039 = LINE('',#9040,#9041);
#9040 = CARTESIAN_POINT('',(159.128837,-88.118293,1.585));
#9041 = VECTOR('',#9042,1.);
#9042 = DIRECTION('',(-0.707106781187,0.707106781187,0.));
#9043 = ORIENTED_EDGE('',*,*,#9044,.T.);
#9044 = EDGE_CURVE('',#9037,#9045,#9047,.T.);
#9045 = VERTEX_POINT('',#9046);
#9046 = CARTESIAN_POINT('',(159.021443,-88.049392,1.585));
#9047 = LINE('',#9048,#9049);
#9048 = CARTESIAN_POINT('',(159.09843,-88.087886,1.585));
#9049 = VECTOR('',#9050,1.);
#9050 = DIRECTION('',(-0.894424867414,0.447218242641,0.));
#9051 = ORIENTED_EDGE('',*,*,#9052,.T.);
#9052 = EDGE_CURVE('',#9045,#9053,#9055,.T.);
#9053 = VERTEX_POINT('',#9054);
#9054 = CARTESIAN_POINT('',(158.823602,-87.998091,1.585));
#9055 = LINE('',#9056,#9057);
#9056 = CARTESIAN_POINT('',(159.021443,-88.049392,1.585));
#9057 = VECTOR('',#9058,1.);
#9058 = DIRECTION('',(-0.967986331989,0.251002910506,0.));
#9059 = ORIENTED_EDGE('',*,*,#9060,.T.);
#9060 = EDGE_CURVE('',#9053,#9061,#9063,.T.);
#9061 = VERTEX_POINT('',#9062);
#9062 = CARTESIAN_POINT('',(158.714621,-87.941141,1.585));
#9063 = LINE('',#9064,#9065);
#9064 = CARTESIAN_POINT('',(158.823602,-87.998091,1.585));
#9065 = VECTOR('',#9066,1.);
#9066 = DIRECTION('',(-0.886283334198,0.463143445946,0.));
#9067 = ORIENTED_EDGE('',*,*,#9068,.T.);
#9068 = EDGE_CURVE('',#9061,#9069,#9071,.T.);
#9069 = VERTEX_POINT('',#9070);
#9070 = CARTESIAN_POINT('',(158.651168,-87.875611,1.585));
#9071 = LINE('',#9072,#9073);
#9072 = CARTESIAN_POINT('',(158.714621,-87.941141,1.585));
#9073 = VECTOR('',#9074,1.);
#9074 = DIRECTION('',(-0.695630129574,0.718400113328,0.));
#9075 = ORIENTED_EDGE('',*,*,#9076,.T.);
#9076 = EDGE_CURVE('',#9069,#9077,#9079,.T.);
#9077 = VERTEX_POINT('',#9078);
#9078 = CARTESIAN_POINT('',(158.656534,-87.502773,1.585));
#9079 = CIRCLE('',#9080,0.291002094877);
#9080 = AXIS2_PLACEMENT_3D('',#9081,#9082,#9083);
#9081 = CARTESIAN_POINT('',(158.87726236573,-87.69240740558,1.585));
#9082 = DIRECTION('',(0.,0.,-1.));
#9083 = DIRECTION('',(-0.776950990098,-0.629561084396,-0.));
#9084 = ORIENTED_EDGE('',*,*,#9085,.T.);
#9085 = EDGE_CURVE('',#9077,#8830,#9086,.T.);
#9086 = LINE('',#9087,#9088);
#9087 = CARTESIAN_POINT('',(158.656534,-87.502773,1.585));
#9088 = VECTOR('',#9089,1.);
#9089 = DIRECTION('',(0.718400113327,0.695630129574,0.));
#9090 = PLANE('',#9091);
#9091 = AXIS2_PLACEMENT_3D('',#9092,#9093,#9094);
#9092 = CARTESIAN_POINT('',(0.,0.,1.585));
#9093 = DIRECTION('',(0.,0.,1.));
#9094 = DIRECTION('',(1.,0.,-0.));
#9095 = SHELL_BASED_SURFACE_MODEL('',(#9096));
#9096 = OPEN_SHELL('',(#9097));
#9097 = ADVANCED_FACE('',(#9098),#9362,.T.);
#9098 = FACE_BOUND('',#9099,.F.);
#9099 = EDGE_LOOP('',(#9100,#9110,#9118,#9126,#9135,#9143,#9151,#9160,
    #9168,#9176,#9184,#9192,#9200,#9208,#9216,#9225,#9233,#9241,#9249,
    #9257,#9266,#9274,#9282,#9291,#9299,#9307,#9315,#9323,#9331,#9339,
    #9347,#9356));
#9100 = ORIENTED_EDGE('',*,*,#9101,.T.);
#9101 = EDGE_CURVE('',#9102,#9104,#9106,.T.);
#9102 = VERTEX_POINT('',#9103);
#9103 = CARTESIAN_POINT('',(177.722064,-87.43932,1.585));
#9104 = VERTEX_POINT('',#9105);
#9105 = CARTESIAN_POINT('',(177.842511,-87.38126,1.585));
#9106 = LINE('',#9107,#9108);
#9107 = CARTESIAN_POINT('',(177.722064,-87.43932,1.585));
#9108 = VECTOR('',#9109,1.);
#9109 = DIRECTION('',(0.900805720197,0.434222356012,0.));
#9110 = ORIENTED_EDGE('',*,*,#9111,.T.);
#9111 = EDGE_CURVE('',#9104,#9112,#9114,.T.);
#9112 = VERTEX_POINT('',#9113);
#9113 = CARTESIAN_POINT('',(178.102643,-87.380548,1.585));
#9114 = LINE('',#9115,#9116);
#9115 = CARTESIAN_POINT('',(177.842511,-87.38126,1.585));
#9116 = VECTOR('',#9117,1.);
#9117 = DIRECTION('',(0.99999625424,2.737061695645E-03,0.));
#9118 = ORIENTED_EDGE('',*,*,#9119,.T.);
#9119 = EDGE_CURVE('',#9112,#9120,#9122,.T.);
#9120 = VERTEX_POINT('',#9121);
#9121 = CARTESIAN_POINT('',(178.275237,-87.437281,1.585));
#9122 = LINE('',#9123,#9124);
#9123 = CARTESIAN_POINT('',(178.102643,-87.380548,1.585));
#9124 = VECTOR('',#9125,1.);
#9125 = DIRECTION('',(0.949993312755,-0.312270244693,0.));
#9126 = ORIENTED_EDGE('',*,*,#9127,.T.);
#9127 = EDGE_CURVE('',#9120,#9128,#9130,.T.);
#9128 = VERTEX_POINT('',#9129);
#9129 = CARTESIAN_POINT('',(178.214377,-87.573589,1.585));
#9130 = CIRCLE('',#9131,7.499990197505E-02);
#9131 = AXIS2_PLACEMENT_3D('',#9132,#9133,#9134);
#9132 = CARTESIAN_POINT('',(178.23809495478,-87.50243814675,1.585));
#9133 = DIRECTION('',(0.,0.,-1.));
#9134 = DIRECTION('',(0.495227916747,0.868763092261,0.));
#9135 = ORIENTED_EDGE('',*,*,#9136,.T.);
#9136 = EDGE_CURVE('',#9128,#9137,#9139,.T.);
#9137 = VERTEX_POINT('',#9138);
#9138 = CARTESIAN_POINT('',(178.083068,-87.529819,1.585));
#9139 = LINE('',#9140,#9141);
#9140 = CARTESIAN_POINT('',(178.214377,-87.573589,1.585));
#9141 = VECTOR('',#9142,1.);
#9142 = DIRECTION('',(-0.948682575567,0.316229933459,0.));
#9143 = ORIENTED_EDGE('',*,*,#9144,.T.);
#9144 = EDGE_CURVE('',#9137,#9145,#9147,.T.);
#9145 = VERTEX_POINT('',#9146);
#9146 = CARTESIAN_POINT('',(177.874848,-87.529819,1.585));
#9147 = LINE('',#9148,#9149);
#9148 = CARTESIAN_POINT('',(178.083068,-87.529819,1.585));
#9149 = VECTOR('',#9150,1.);
#9150 = DIRECTION('',(-1.,0.,0.));
#9151 = ORIENTED_EDGE('',*,*,#9152,.T.);
#9152 = EDGE_CURVE('',#9145,#9153,#9155,.T.);
#9153 = VERTEX_POINT('',#9154);
#9154 = CARTESIAN_POINT('',(177.741667,-87.663,1.585));
#9155 = CIRCLE('',#9156,0.18686440374);
#9156 = AXIS2_PLACEMENT_3D('',#9157,#9158,#9159);
#9157 = CARTESIAN_POINT('',(177.922384,-87.710536,1.585));
#9158 = DIRECTION('',(0.,0.,1.));
#9159 = DIRECTION('',(-0.254387668538,0.967102328658,0.));
#9160 = ORIENTED_EDGE('',*,*,#9161,.T.);
#9161 = EDGE_CURVE('',#9153,#9162,#9164,.T.);
#9162 = VERTEX_POINT('',#9163);
#9163 = CARTESIAN_POINT('',(177.741667,-87.722828,1.585));
#9164 = LINE('',#9165,#9166);
#9165 = CARTESIAN_POINT('',(177.741667,-87.663,1.585));
#9166 = VECTOR('',#9167,1.);
#9167 = DIRECTION('',(0.,-1.,0.));
#9168 = ORIENTED_EDGE('',*,*,#9169,.T.);
#9169 = EDGE_CURVE('',#9162,#9170,#9172,.T.);
#9170 = VERTEX_POINT('',#9171);
#9171 = CARTESIAN_POINT('',(177.775925,-87.791344,1.585));
#9172 = LINE('',#9173,#9174);
#9173 = CARTESIAN_POINT('',(177.741667,-87.722828,1.585));
#9174 = VECTOR('',#9175,1.);
#9175 = DIRECTION('',(0.4472135955,-0.894427191,0.));
#9176 = ORIENTED_EDGE('',*,*,#9177,.T.);
#9177 = EDGE_CURVE('',#9170,#9178,#9180,.T.);
#9178 = VERTEX_POINT('',#9179);
#9179 = CARTESIAN_POINT('',(177.806332,-87.821751,1.585));
#9180 = LINE('',#9181,#9182);
#9181 = CARTESIAN_POINT('',(177.775925,-87.791344,1.585));
#9182 = VECTOR('',#9183,1.);
#9183 = DIRECTION('',(0.707106781186,-0.707106781187,0.));
#9184 = ORIENTED_EDGE('',*,*,#9185,.T.);
#9185 = EDGE_CURVE('',#9178,#9186,#9188,.T.);
#9186 = VERTEX_POINT('',#9187);
#9187 = CARTESIAN_POINT('',(177.883319,-87.860244,1.585));
#9188 = LINE('',#9189,#9190);
#9189 = CARTESIAN_POINT('',(177.806332,-87.821751,1.585));
#9190 = VECTOR('',#9191,1.);
#9191 = DIRECTION('',(0.894429514574,-0.447208948322,0.));
#9192 = ORIENTED_EDGE('',*,*,#9193,.T.);
#9193 = EDGE_CURVE('',#9186,#9194,#9196,.T.);
#9194 = VERTEX_POINT('',#9195);
#9195 = CARTESIAN_POINT('',(178.08116,-87.911546,1.585));
#9196 = LINE('',#9197,#9198);
#9197 = CARTESIAN_POINT('',(177.883319,-87.860244,1.585));
#9198 = VECTOR('',#9199,1.);
#9199 = DIRECTION('',(0.967985143201,-0.251007494991,0.));
#9200 = ORIENTED_EDGE('',*,*,#9201,.T.);
#9201 = EDGE_CURVE('',#9194,#9202,#9204,.T.);
#9202 = VERTEX_POINT('',#9203);
#9203 = CARTESIAN_POINT('',(178.19014,-87.968495,1.585));
#9204 = LINE('',#9205,#9206);
#9205 = CARTESIAN_POINT('',(178.08116,-87.911546,1.585));
#9206 = VECTOR('',#9207,1.);
#9207 = DIRECTION('',(0.886284927965,-0.46314039606,0.));
#9208 = ORIENTED_EDGE('',*,*,#9209,.T.);
#9209 = EDGE_CURVE('',#9202,#9210,#9212,.T.);
#9210 = VERTEX_POINT('',#9211);
#9211 = CARTESIAN_POINT('',(178.253593,-88.034025,1.585));
#9212 = LINE('',#9213,#9214);
#9213 = CARTESIAN_POINT('',(178.19014,-87.968495,1.585));
#9214 = VECTOR('',#9215,1.);
#9215 = DIRECTION('',(0.695630129574,-0.718400113328,0.));
#9216 = ORIENTED_EDGE('',*,*,#9217,.T.);
#9217 = EDGE_CURVE('',#9210,#9218,#9220,.T.);
#9218 = VERTEX_POINT('',#9219);
#9219 = CARTESIAN_POINT('',(178.248227,-88.406863,1.585));
#9220 = CIRCLE('',#9221,0.290999251663);
#9221 = AXIS2_PLACEMENT_3D('',#9222,#9223,#9224);
#9222 = CARTESIAN_POINT('',(178.0275023369,-88.2172286477,1.585));
#9223 = DIRECTION('',(0.,0.,-1.));
#9224 = DIRECTION('',(0.776945857418,0.629567418662,0.));
#9225 = ORIENTED_EDGE('',*,*,#9226,.T.);
#9226 = EDGE_CURVE('',#9218,#9227,#9229,.T.);
#9227 = VERTEX_POINT('',#9228);
#9228 = CARTESIAN_POINT('',(178.182697,-88.470317,1.585));
#9229 = LINE('',#9230,#9231);
#9230 = CARTESIAN_POINT('',(178.248227,-88.406863,1.585));
#9231 = VECTOR('',#9232,1.);
#9232 = DIRECTION('',(-0.718394634729,-0.695635787458,0.));
#9233 = ORIENTED_EDGE('',*,*,#9234,.T.);
#9234 = EDGE_CURVE('',#9227,#9235,#9237,.T.);
#9235 = VERTEX_POINT('',#9236);
#9236 = CARTESIAN_POINT('',(178.062251,-88.528378,1.585));
#9237 = LINE('',#9238,#9239);
#9238 = CARTESIAN_POINT('',(178.182697,-88.470317,1.585));
#9239 = VECTOR('',#9240,1.);
#9240 = DIRECTION('',(-0.900801384651,-0.434231350101,0.));
#9241 = ORIENTED_EDGE('',*,*,#9242,.T.);
#9242 = EDGE_CURVE('',#9235,#9243,#9245,.T.);
#9243 = VERTEX_POINT('',#9244);
#9244 = CARTESIAN_POINT('',(177.793061,-88.527619,1.585));
#9245 = LINE('',#9246,#9247);
#9246 = CARTESIAN_POINT('',(178.062251,-88.528378,1.585));
#9247 = VECTOR('',#9248,1.);
#9248 = DIRECTION('',(-0.999996025037,2.819558612894E-03,0.));
#9249 = ORIENTED_EDGE('',*,*,#9250,.T.);
#9250 = EDGE_CURVE('',#9243,#9251,#9253,.T.);
#9251 = VERTEX_POINT('',#9252);
#9252 = CARTESIAN_POINT('',(177.629524,-88.472357,1.585));
#9253 = LINE('',#9254,#9255);
#9254 = CARTESIAN_POINT('',(177.793061,-88.527619,1.585));
#9255 = VECTOR('',#9256,1.);
#9256 = DIRECTION('',(-0.94737239725,0.320133629801,0.));
#9257 = ORIENTED_EDGE('',*,*,#9258,.T.);
#9258 = EDGE_CURVE('',#9251,#9259,#9261,.T.);
#9259 = VERTEX_POINT('',#9260);
#9260 = CARTESIAN_POINT('',(177.690384,-88.336049,1.585));
#9261 = CIRCLE('',#9262,7.50000151955E-02);
#9262 = AXIS2_PLACEMENT_3D('',#9263,#9264,#9265);
#9263 = CARTESIAN_POINT('',(177.66666709996,-88.40720032417,1.585));
#9264 = DIRECTION('',(0.,0.,-1.));
#9265 = DIRECTION('',(-0.495241232499,-0.868755501642,-0.));
#9266 = ORIENTED_EDGE('',*,*,#9267,.T.);
#9267 = EDGE_CURVE('',#9259,#9268,#9270,.T.);
#9268 = VERTEX_POINT('',#9269);
#9269 = CARTESIAN_POINT('',(177.821694,-88.379819,1.585));
#9270 = LINE('',#9271,#9272);
#9271 = CARTESIAN_POINT('',(177.690384,-88.336049,1.585));
#9272 = VECTOR('',#9273,1.);
#9273 = DIRECTION('',(0.948683298051,-0.316227766017,0.));
#9274 = ORIENTED_EDGE('',*,*,#9275,.T.);
#9275 = EDGE_CURVE('',#9268,#9276,#9278,.T.);
#9276 = VERTEX_POINT('',#9277);
#9277 = CARTESIAN_POINT('',(178.029914,-88.379819,1.585));
#9278 = LINE('',#9279,#9280);
#9279 = CARTESIAN_POINT('',(177.821694,-88.379819,1.585));
#9280 = VECTOR('',#9281,1.);
#9281 = DIRECTION('',(1.,0.,0.));
#9282 = ORIENTED_EDGE('',*,*,#9283,.T.);
#9283 = EDGE_CURVE('',#9276,#9284,#9286,.T.);
#9284 = VERTEX_POINT('',#9285);
#9285 = CARTESIAN_POINT('',(178.163095,-88.246637,1.585));
#9286 = CIRCLE('',#9287,0.186867760544);
#9287 = AXIS2_PLACEMENT_3D('',#9288,#9289,#9290);
#9288 = CARTESIAN_POINT('',(177.98237496928,-88.19909932622,1.585));
#9289 = DIRECTION('',(0.,0.,1.));
#9290 = DIRECTION('',(0.254399317355,-0.967099264465,0.));
#9291 = ORIENTED_EDGE('',*,*,#9292,.T.);
#9292 = EDGE_CURVE('',#9284,#9293,#9295,.T.);
#9293 = VERTEX_POINT('',#9294);
#9294 = CARTESIAN_POINT('',(178.163095,-88.186809,1.585));
#9295 = LINE('',#9296,#9297);
#9296 = CARTESIAN_POINT('',(178.163095,-88.246637,1.585));
#9297 = VECTOR('',#9298,1.);
#9298 = DIRECTION('',(0.,1.,0.));
#9299 = ORIENTED_EDGE('',*,*,#9300,.T.);
#9300 = EDGE_CURVE('',#9293,#9301,#9303,.T.);
#9301 = VERTEX_POINT('',#9302);
#9302 = CARTESIAN_POINT('',(178.128837,-88.118293,1.585));
#9303 = LINE('',#9304,#9305);
#9304 = CARTESIAN_POINT('',(178.163095,-88.186809,1.585));
#9305 = VECTOR('',#9306,1.);
#9306 = DIRECTION('',(-0.4472135955,0.894427191,0.));
#9307 = ORIENTED_EDGE('',*,*,#9308,.T.);
#9308 = EDGE_CURVE('',#9301,#9309,#9311,.T.);
#9309 = VERTEX_POINT('',#9310);
#9310 = CARTESIAN_POINT('',(178.09843,-88.087886,1.585));
#9311 = LINE('',#9312,#9313);
#9312 = CARTESIAN_POINT('',(178.128837,-88.118293,1.585));
#9313 = VECTOR('',#9314,1.);
#9314 = DIRECTION('',(-0.707106781187,0.707106781187,0.));
#9315 = ORIENTED_EDGE('',*,*,#9316,.T.);
#9316 = EDGE_CURVE('',#9309,#9317,#9319,.T.);
#9317 = VERTEX_POINT('',#9318);
#9318 = CARTESIAN_POINT('',(178.021443,-88.049392,1.585));
#9319 = LINE('',#9320,#9321);
#9320 = CARTESIAN_POINT('',(178.09843,-88.087886,1.585));
#9321 = VECTOR('',#9322,1.);
#9322 = DIRECTION('',(-0.894424867414,0.447218242641,0.));
#9323 = ORIENTED_EDGE('',*,*,#9324,.T.);
#9324 = EDGE_CURVE('',#9317,#9325,#9327,.T.);
#9325 = VERTEX_POINT('',#9326);
#9326 = CARTESIAN_POINT('',(177.823602,-87.998091,1.585));
#9327 = LINE('',#9328,#9329);
#9328 = CARTESIAN_POINT('',(178.021443,-88.049392,1.585));
#9329 = VECTOR('',#9330,1.);
#9330 = DIRECTION('',(-0.967986331989,0.251002910506,0.));
#9331 = ORIENTED_EDGE('',*,*,#9332,.T.);
#9332 = EDGE_CURVE('',#9325,#9333,#9335,.T.);
#9333 = VERTEX_POINT('',#9334);
#9334 = CARTESIAN_POINT('',(177.714621,-87.941141,1.585));
#9335 = LINE('',#9336,#9337);
#9336 = CARTESIAN_POINT('',(177.823602,-87.998091,1.585));
#9337 = VECTOR('',#9338,1.);
#9338 = DIRECTION('',(-0.886283334198,0.463143445946,0.));
#9339 = ORIENTED_EDGE('',*,*,#9340,.T.);
#9340 = EDGE_CURVE('',#9333,#9341,#9343,.T.);
#9341 = VERTEX_POINT('',#9342);
#9342 = CARTESIAN_POINT('',(177.651168,-87.875611,1.585));
#9343 = LINE('',#9344,#9345);
#9344 = CARTESIAN_POINT('',(177.714621,-87.941141,1.585));
#9345 = VECTOR('',#9346,1.);
#9346 = DIRECTION('',(-0.695630129574,0.718400113328,0.));
#9347 = ORIENTED_EDGE('',*,*,#9348,.T.);
#9348 = EDGE_CURVE('',#9341,#9349,#9351,.T.);
#9349 = VERTEX_POINT('',#9350);
#9350 = CARTESIAN_POINT('',(177.656534,-87.502773,1.585));
#9351 = CIRCLE('',#9352,0.291002094877);
#9352 = AXIS2_PLACEMENT_3D('',#9353,#9354,#9355);
#9353 = CARTESIAN_POINT('',(177.87726236573,-87.69240740558,1.585));
#9354 = DIRECTION('',(0.,0.,-1.));
#9355 = DIRECTION('',(-0.776950990098,-0.629561084396,-0.));
#9356 = ORIENTED_EDGE('',*,*,#9357,.T.);
#9357 = EDGE_CURVE('',#9349,#9102,#9358,.T.);
#9358 = LINE('',#9359,#9360);
#9359 = CARTESIAN_POINT('',(177.656534,-87.502773,1.585));
#9360 = VECTOR('',#9361,1.);
#9361 = DIRECTION('',(0.718400113327,0.695630129574,0.));
#9362 = PLANE('',#9363);
#9363 = AXIS2_PLACEMENT_3D('',#9364,#9365,#9366);
#9364 = CARTESIAN_POINT('',(0.,0.,1.585));
#9365 = DIRECTION('',(0.,0.,1.));
#9366 = DIRECTION('',(1.,0.,-0.));
#9367 = ( GEOMETRIC_REPRESENTATION_CONTEXT(3) 
GLOBAL_UNCERTAINTY_ASSIGNED_CONTEXT((#9371)) 
GLOBAL_UNIT_ASSIGNED_CONTEXT((#9368,#9369,#9370)) REPRESENTATION_CONTEXT
('Context #1','3D Context with UNIT and UNCERTAINTY') );
#9368 = ( LENGTH_UNIT() NAMED_UNIT(*) SI_UNIT(.MILLI.,.METRE.) );
#9369 = ( NAMED_UNIT(*) PLANE_ANGLE_UNIT() SI_UNIT($,.RADIAN.) );
#9370 = ( NAMED_UNIT(*) SI_UNIT($,.STERADIAN.) SOLID_ANGLE_UNIT() );
#9371 = UNCERTAINTY_MEASURE_WITH_UNIT(LENGTH_MEASURE(1.E-07),#9368,
  'distance_accuracy_value','confusion accuracy');
#9372 = CONTEXT_DEPENDENT_SHAPE_REPRESENTATION(#9373,#9375);
#9373 = ( REPRESENTATION_RELATIONSHIP('','',#44,#10) 
REPRESENTATION_RELATIONSHIP_WITH_TRANSFORMATION(#9374) 
SHAPE_REPRESENTATION_RELATIONSHIP() );
#9374 = ITEM_DEFINED_TRANSFORMATION('','',#11,#15);
#9375 = PRODUCT_DEFINITION_SHAPE('Placement','Placement of an item',
  #9376);
#9376 = NEXT_ASSEMBLY_USAGE_OCCURRENCE('1','=>[0:1:1:2]','',#5,#39,$);
#9377 = PRODUCT_RELATED_PRODUCT_CATEGORY('part',$,(#41));
#9378 = SHAPE_DEFINITION_REPRESENTATION(#9379,#9385);
#9379 = PRODUCT_DEFINITION_SHAPE('','',#9380);
#9380 = PRODUCT_DEFINITION('design','',#9381,#9384);
#9381 = PRODUCT_DEFINITION_FORMATION('','',#9382);
#9382 = PRODUCT('Wavey_soldermask','Wavey_soldermask','',(#9383));
#9383 = PRODUCT_CONTEXT('',#2,'mechanical');
#9384 = PRODUCT_DEFINITION_CONTEXT('part definition',#2,'design');
#9385 = MANIFOLD_SURFACE_SHAPE_REPRESENTATION('',(#11,#9386),#9648);
#9386 = SHELL_BASED_SURFACE_MODEL('',(#9387));
#9387 = OPEN_SHELL('',(#9388));
#9388 = ADVANCED_FACE('',(#9389,#9423,#9434,#9445,#9456,#9467,#9478,
    #9489,#9500,#9511,#9522,#9533,#9544,#9555,#9566,#9577,#9588,#9599,
    #9610,#9621,#9632),#9643,.T.);
#9389 = FACE_BOUND('',#9390,.F.);
#9390 = EDGE_LOOP('',(#9391,#9401,#9409,#9417));
#9391 = ORIENTED_EDGE('',*,*,#9392,.T.);
#9392 = EDGE_CURVE('',#9393,#9395,#9397,.T.);
#9393 = VERTEX_POINT('',#9394);
#9394 = CARTESIAN_POINT('',(110.8,-130.595,1.56));
#9395 = VERTEX_POINT('',#9396);
#9396 = CARTESIAN_POINT('',(110.8,-84.861475,1.56));
#9397 = LINE('',#9398,#9399);
#9398 = CARTESIAN_POINT('',(110.8,-130.595,1.56));
#9399 = VECTOR('',#9400,1.);
#9400 = DIRECTION('',(0.,1.,0.));
#9401 = ORIENTED_EDGE('',*,*,#9402,.T.);
#9402 = EDGE_CURVE('',#9395,#9403,#9405,.T.);
#9403 = VERTEX_POINT('',#9404);
#9404 = CARTESIAN_POINT('',(191.8,-84.861475,1.56));
#9405 = LINE('',#9406,#9407);
#9406 = CARTESIAN_POINT('',(110.8,-84.861475,1.56));
#9407 = VECTOR('',#9408,1.);
#9408 = DIRECTION('',(1.,0.,0.));
#9409 = ORIENTED_EDGE('',*,*,#9410,.T.);
#9410 = EDGE_CURVE('',#9403,#9411,#9413,.T.);
#9411 = VERTEX_POINT('',#9412);
#9412 = CARTESIAN_POINT('',(191.8,-130.595,1.56));
#9413 = LINE('',#9414,#9415);
#9414 = CARTESIAN_POINT('',(191.8,-84.861475,1.56));
#9415 = VECTOR('',#9416,1.);
#9416 = DIRECTION('',(0.,-1.,0.));
#9417 = ORIENTED_EDGE('',*,*,#9418,.T.);
#9418 = EDGE_CURVE('',#9411,#9393,#9419,.T.);
#9419 = LINE('',#9420,#9421);
#9420 = CARTESIAN_POINT('',(191.8,-130.595,1.56));
#9421 = VECTOR('',#9422,1.);
#9422 = DIRECTION('',(-1.,0.,0.));
#9423 = FACE_BOUND('',#9424,.F.);
#9424 = EDGE_LOOP('',(#9425));
#9425 = ORIENTED_EDGE('',*,*,#9426,.T.);
#9426 = EDGE_CURVE('',#9427,#9427,#9429,.T.);
#9427 = VERTEX_POINT('',#9428);
#9428 = CARTESIAN_POINT('',(160.797439,-103.97,1.56));
#9429 = CIRCLE('',#9430,0.837439);
#9430 = AXIS2_PLACEMENT_3D('',#9431,#9432,#9433);
#9431 = CARTESIAN_POINT('',(159.96,-103.97,1.56));
#9432 = DIRECTION('',(0.,0.,1.));
#9433 = DIRECTION('',(1.,0.,-0.));
#9434 = FACE_BOUND('',#9435,.F.);
#9435 = EDGE_LOOP('',(#9436));
#9436 = ORIENTED_EDGE('',*,*,#9437,.T.);
#9437 = EDGE_CURVE('',#9438,#9438,#9440,.T.);
#9438 = VERTEX_POINT('',#9439);
#9439 = CARTESIAN_POINT('',(179.797439,-103.97,1.56));
#9440 = CIRCLE('',#9441,0.837439);
#9441 = AXIS2_PLACEMENT_3D('',#9442,#9443,#9444);
#9442 = CARTESIAN_POINT('',(178.96,-103.97,1.56));
#9443 = DIRECTION('',(0.,0.,1.));
#9444 = DIRECTION('',(1.,0.,-0.));
#9445 = FACE_BOUND('',#9446,.F.);
#9446 = EDGE_LOOP('',(#9447));
#9447 = ORIENTED_EDGE('',*,*,#9448,.T.);
#9448 = EDGE_CURVE('',#9449,#9449,#9451,.T.);
#9449 = VERTEX_POINT('',#9450);
#9450 = CARTESIAN_POINT('',(122.797439,-103.89,1.56));
#9451 = CIRCLE('',#9452,0.837439);
#9452 = AXIS2_PLACEMENT_3D('',#9453,#9454,#9455);
#9453 = CARTESIAN_POINT('',(121.96,-103.89,1.56));
#9454 = DIRECTION('',(0.,0.,1.));
#9455 = DIRECTION('',(1.,0.,-0.));
#9456 = FACE_BOUND('',#9457,.F.);
#9457 = EDGE_LOOP('',(#9458));
#9458 = ORIENTED_EDGE('',*,*,#9459,.T.);
#9459 = EDGE_CURVE('',#9460,#9460,#9462,.T.);
#9460 = VERTEX_POINT('',#9461);
#9461 = CARTESIAN_POINT('',(141.797439,-103.89,1.56));
#9462 = CIRCLE('',#9463,0.837439);
#9463 = AXIS2_PLACEMENT_3D('',#9464,#9465,#9466);
#9464 = CARTESIAN_POINT('',(140.96,-103.89,1.56));
#9465 = DIRECTION('',(0.,0.,1.));
#9466 = DIRECTION('',(1.,0.,-0.));
#9467 = FACE_BOUND('',#9468,.F.);
#9468 = EDGE_LOOP('',(#9469));
#9469 = ORIENTED_EDGE('',*,*,#9470,.T.);
#9470 = EDGE_CURVE('',#9471,#9471,#9473,.T.);
#9471 = VERTEX_POINT('',#9472);
#9472 = CARTESIAN_POINT('',(165.777439,-101.43,1.56));
#9473 = CIRCLE('',#9474,0.737439);
#9474 = AXIS2_PLACEMENT_3D('',#9475,#9476,#9477);
#9475 = CARTESIAN_POINT('',(165.04,-101.43,1.56));
#9476 = DIRECTION('',(0.,0.,1.));
#9477 = DIRECTION('',(1.,0.,-0.));
#9478 = FACE_BOUND('',#9479,.F.);
#9479 = EDGE_LOOP('',(#9480));
#9480 = ORIENTED_EDGE('',*,*,#9481,.T.);
#9481 = EDGE_CURVE('',#9482,#9482,#9484,.T.);
#9482 = VERTEX_POINT('',#9483);
#9483 = CARTESIAN_POINT('',(184.777439,-101.43,1.56));
#9484 = CIRCLE('',#9485,0.737439);
#9485 = AXIS2_PLACEMENT_3D('',#9486,#9487,#9488);
#9486 = CARTESIAN_POINT('',(184.04,-101.43,1.56));
#9487 = DIRECTION('',(0.,0.,1.));
#9488 = DIRECTION('',(1.,0.,-0.));
#9489 = FACE_BOUND('',#9490,.F.);
#9490 = EDGE_LOOP('',(#9491));
#9491 = ORIENTED_EDGE('',*,*,#9492,.T.);
#9492 = EDGE_CURVE('',#9493,#9493,#9495,.T.);
#9493 = VERTEX_POINT('',#9494);
#9494 = CARTESIAN_POINT('',(127.777439,-101.35,1.56));
#9495 = CIRCLE('',#9496,0.737439);
#9496 = AXIS2_PLACEMENT_3D('',#9497,#9498,#9499);
#9497 = CARTESIAN_POINT('',(127.04,-101.35,1.56));
#9498 = DIRECTION('',(0.,0.,1.));
#9499 = DIRECTION('',(1.,0.,-0.));
#9500 = FACE_BOUND('',#9501,.F.);
#9501 = EDGE_LOOP('',(#9502));
#9502 = ORIENTED_EDGE('',*,*,#9503,.T.);
#9503 = EDGE_CURVE('',#9504,#9504,#9506,.T.);
#9504 = VERTEX_POINT('',#9505);
#9505 = CARTESIAN_POINT('',(146.777439,-101.35,1.56));
#9506 = CIRCLE('',#9507,0.737439);
#9507 = AXIS2_PLACEMENT_3D('',#9508,#9509,#9510);
#9508 = CARTESIAN_POINT('',(146.04,-101.35,1.56));
#9509 = DIRECTION('',(0.,0.,1.));
#9510 = DIRECTION('',(1.,0.,-0.));
#9511 = FACE_BOUND('',#9512,.F.);
#9512 = EDGE_LOOP('',(#9513));
#9513 = ORIENTED_EDGE('',*,*,#9514,.T.);
#9514 = EDGE_CURVE('',#9515,#9515,#9517,.T.);
#9515 = VERTEX_POINT('',#9516);
#9516 = CARTESIAN_POINT('',(161.947473,-98.89,1.56));
#9517 = CIRCLE('',#9518,1.987473);
#9518 = AXIS2_PLACEMENT_3D('',#9519,#9520,#9521);
#9519 = CARTESIAN_POINT('',(159.96,-98.89,1.56));
#9520 = DIRECTION('',(0.,0.,1.));
#9521 = DIRECTION('',(1.,0.,-0.));
#9522 = FACE_BOUND('',#9523,.F.);
#9523 = EDGE_LOOP('',(#9524));
#9524 = ORIENTED_EDGE('',*,*,#9525,.T.);
#9525 = EDGE_CURVE('',#9526,#9526,#9528,.T.);
#9526 = VERTEX_POINT('',#9527);
#9527 = CARTESIAN_POINT('',(180.947473,-98.89,1.56));
#9528 = CIRCLE('',#9529,1.987473);
#9529 = AXIS2_PLACEMENT_3D('',#9530,#9531,#9532);
#9530 = CARTESIAN_POINT('',(178.96,-98.89,1.56));
#9531 = DIRECTION('',(0.,0.,1.));
#9532 = DIRECTION('',(1.,0.,-0.));
#9533 = FACE_BOUND('',#9534,.F.);
#9534 = EDGE_LOOP('',(#9535));
#9535 = ORIENTED_EDGE('',*,*,#9536,.T.);
#9536 = EDGE_CURVE('',#9537,#9537,#9539,.T.);
#9537 = VERTEX_POINT('',#9538);
#9538 = CARTESIAN_POINT('',(123.947473,-98.81,1.56));
#9539 = CIRCLE('',#9540,1.987473);
#9540 = AXIS2_PLACEMENT_3D('',#9541,#9542,#9543);
#9541 = CARTESIAN_POINT('',(121.96,-98.81,1.56));
#9542 = DIRECTION('',(0.,0.,1.));
#9543 = DIRECTION('',(1.,0.,-0.));
#9544 = FACE_BOUND('',#9545,.F.);
#9545 = EDGE_LOOP('',(#9546));
#9546 = ORIENTED_EDGE('',*,*,#9547,.T.);
#9547 = EDGE_CURVE('',#9548,#9548,#9550,.T.);
#9548 = VERTEX_POINT('',#9549);
#9549 = CARTESIAN_POINT('',(142.947473,-98.81,1.56));
#9550 = CIRCLE('',#9551,1.987473);
#9551 = AXIS2_PLACEMENT_3D('',#9552,#9553,#9554);
#9552 = CARTESIAN_POINT('',(140.96,-98.81,1.56));
#9553 = DIRECTION('',(0.,0.,1.));
#9554 = DIRECTION('',(1.,0.,-0.));
#9555 = FACE_BOUND('',#9556,.F.);
#9556 = EDGE_LOOP('',(#9557));
#9557 = ORIENTED_EDGE('',*,*,#9558,.T.);
#9558 = EDGE_CURVE('',#9559,#9559,#9561,.T.);
#9559 = VERTEX_POINT('',#9560);
#9560 = CARTESIAN_POINT('',(163.237439,-95.08,1.56));
#9561 = CIRCLE('',#9562,0.737439);
#9562 = AXIS2_PLACEMENT_3D('',#9563,#9564,#9565);
#9563 = CARTESIAN_POINT('',(162.5,-95.08,1.56));
#9564 = DIRECTION('',(0.,0.,1.));
#9565 = DIRECTION('',(1.,0.,-0.));
#9566 = FACE_BOUND('',#9567,.F.);
#9567 = EDGE_LOOP('',(#9568));
#9568 = ORIENTED_EDGE('',*,*,#9569,.T.);
#9569 = EDGE_CURVE('',#9570,#9570,#9572,.T.);
#9570 = VERTEX_POINT('',#9571);
#9571 = CARTESIAN_POINT('',(182.237439,-95.08,1.56));
#9572 = CIRCLE('',#9573,0.737439);
#9573 = AXIS2_PLACEMENT_3D('',#9574,#9575,#9576);
#9574 = CARTESIAN_POINT('',(181.5,-95.08,1.56));
#9575 = DIRECTION('',(0.,0.,1.));
#9576 = DIRECTION('',(1.,0.,-0.));
#9577 = FACE_BOUND('',#9578,.F.);
#9578 = EDGE_LOOP('',(#9579));
#9579 = ORIENTED_EDGE('',*,*,#9580,.T.);
#9580 = EDGE_CURVE('',#9581,#9581,#9583,.T.);
#9581 = VERTEX_POINT('',#9582);
#9582 = CARTESIAN_POINT('',(125.237439,-95.,1.56));
#9583 = CIRCLE('',#9584,0.737439);
#9584 = AXIS2_PLACEMENT_3D('',#9585,#9586,#9587);
#9585 = CARTESIAN_POINT('',(124.5,-95.,1.56));
#9586 = DIRECTION('',(0.,0.,1.));
#9587 = DIRECTION('',(1.,0.,-0.));
#9588 = FACE_BOUND('',#9589,.F.);
#9589 = EDGE_LOOP('',(#9590));
#9590 = ORIENTED_EDGE('',*,*,#9591,.T.);
#9591 = EDGE_CURVE('',#9592,#9592,#9594,.T.);
#9592 = VERTEX_POINT('',#9593);
#9593 = CARTESIAN_POINT('',(144.237439,-95.,1.56));
#9594 = CIRCLE('',#9595,0.737439);
#9595 = AXIS2_PLACEMENT_3D('',#9596,#9597,#9598);
#9596 = CARTESIAN_POINT('',(143.5,-95.,1.56));
#9597 = DIRECTION('',(0.,0.,1.));
#9598 = DIRECTION('',(1.,0.,-0.));
#9599 = FACE_BOUND('',#9600,.F.);
#9600 = EDGE_LOOP('',(#9601));
#9601 = ORIENTED_EDGE('',*,*,#9602,.T.);
#9602 = EDGE_CURVE('',#9603,#9603,#9605,.T.);
#9603 = VERTEX_POINT('',#9604);
#9604 = CARTESIAN_POINT('',(160.797439,-93.81,1.56));
#9605 = CIRCLE('',#9606,0.837439);
#9606 = AXIS2_PLACEMENT_3D('',#9607,#9608,#9609);
#9607 = CARTESIAN_POINT('',(159.96,-93.81,1.56));
#9608 = DIRECTION('',(0.,0.,1.));
#9609 = DIRECTION('',(1.,0.,-0.));
#9610 = FACE_BOUND('',#9611,.F.);
#9611 = EDGE_LOOP('',(#9612));
#9612 = ORIENTED_EDGE('',*,*,#9613,.T.);
#9613 = EDGE_CURVE('',#9614,#9614,#9616,.T.);
#9614 = VERTEX_POINT('',#9615);
#9615 = CARTESIAN_POINT('',(179.797439,-93.81,1.56));
#9616 = CIRCLE('',#9617,0.837439);
#9617 = AXIS2_PLACEMENT_3D('',#9618,#9619,#9620);
#9618 = CARTESIAN_POINT('',(178.96,-93.81,1.56));
#9619 = DIRECTION('',(0.,0.,1.));
#9620 = DIRECTION('',(1.,0.,-0.));
#9621 = FACE_BOUND('',#9622,.F.);
#9622 = EDGE_LOOP('',(#9623));
#9623 = ORIENTED_EDGE('',*,*,#9624,.T.);
#9624 = EDGE_CURVE('',#9625,#9625,#9627,.T.);
#9625 = VERTEX_POINT('',#9626);
#9626 = CARTESIAN_POINT('',(122.797439,-93.73,1.56));
#9627 = CIRCLE('',#9628,0.837439);
#9628 = AXIS2_PLACEMENT_3D('',#9629,#9630,#9631);
#9629 = CARTESIAN_POINT('',(121.96,-93.73,1.56));
#9630 = DIRECTION('',(0.,0.,1.));
#9631 = DIRECTION('',(1.,0.,-0.));
#9632 = FACE_BOUND('',#9633,.F.);
#9633 = EDGE_LOOP('',(#9634));
#9634 = ORIENTED_EDGE('',*,*,#9635,.T.);
#9635 = EDGE_CURVE('',#9636,#9636,#9638,.T.);
#9636 = VERTEX_POINT('',#9637);
#9637 = CARTESIAN_POINT('',(141.797439,-93.73,1.56));
#9638 = CIRCLE('',#9639,0.837439);
#9639 = AXIS2_PLACEMENT_3D('',#9640,#9641,#9642);
#9640 = CARTESIAN_POINT('',(140.96,-93.73,1.56));
#9641 = DIRECTION('',(0.,0.,1.));
#9642 = DIRECTION('',(1.,0.,-0.));
#9643 = PLANE('',#9644);
#9644 = AXIS2_PLACEMENT_3D('',#9645,#9646,#9647);
#9645 = CARTESIAN_POINT('',(0.,0.,1.56));
#9646 = DIRECTION('',(0.,0.,1.));
#9647 = DIRECTION('',(1.,0.,-0.));
#9648 = ( GEOMETRIC_REPRESENTATION_CONTEXT(3) 
GLOBAL_UNCERTAINTY_ASSIGNED_CONTEXT((#9652)) 
GLOBAL_UNIT_ASSIGNED_CONTEXT((#9649,#9650,#9651)) REPRESENTATION_CONTEXT
('Context #1','3D Context with UNIT and UNCERTAINTY') );
#9649 = ( LENGTH_UNIT() NAMED_UNIT(*) SI_UNIT(.MILLI.,.METRE.) );
#9650 = ( NAMED_UNIT(*) PLANE_ANGLE_UNIT() SI_UNIT($,.RADIAN.) );
#9651 = ( NAMED_UNIT(*) SI_UNIT($,.STERADIAN.) SOLID_ANGLE_UNIT() );
#9652 = UNCERTAINTY_MEASURE_WITH_UNIT(LENGTH_MEASURE(1.E-07),#9649,
  'distance_accuracy_value','confusion accuracy');
#9653 = CONTEXT_DEPENDENT_SHAPE_REPRESENTATION(#9654,#9656);
#9654 = ( REPRESENTATION_RELATIONSHIP('','',#9385,#10) 
REPRESENTATION_RELATIONSHIP_WITH_TRANSFORMATION(#9655) 
SHAPE_REPRESENTATION_RELATIONSHIP() );
#9655 = ITEM_DEFINED_TRANSFORMATION('','',#11,#19);
#9656 = PRODUCT_DEFINITION_SHAPE('Placement','Placement of an item',
  #9657);
#9657 = NEXT_ASSEMBLY_USAGE_OCCURRENCE('2','=>[0:1:1:3]','',#5,#9380,$);
#9658 = PRODUCT_RELATED_PRODUCT_CATEGORY('part',$,(#9382));
#9659 = SHAPE_DEFINITION_REPRESENTATION(#9660,#9666);
#9660 = PRODUCT_DEFINITION_SHAPE('','',#9661);
#9661 = PRODUCT_DEFINITION('design','',#9662,#9665);
#9662 = PRODUCT_DEFINITION_FORMATION('','',#9663);
#9663 = PRODUCT('Wavey_soldermask','Wavey_soldermask','',(#9664));
#9664 = PRODUCT_CONTEXT('',#2,'mechanical');
#9665 = PRODUCT_DEFINITION_CONTEXT('part definition',#2,'design');
#9666 = MANIFOLD_SURFACE_SHAPE_REPRESENTATION('',(#11,#9667),#9929);
#9667 = SHELL_BASED_SURFACE_MODEL('',(#9668));
#9668 = OPEN_SHELL('',(#9669));
#9669 = ADVANCED_FACE('',(#9670,#9704,#9715,#9726,#9737,#9748,#9759,
    #9770,#9781,#9792,#9803,#9814,#9825,#9836,#9847,#9858,#9869,#9880,
    #9891,#9902,#9913),#9924,.T.);
#9670 = FACE_BOUND('',#9671,.T.);
#9671 = EDGE_LOOP('',(#9672,#9682,#9690,#9698));
#9672 = ORIENTED_EDGE('',*,*,#9673,.T.);
#9673 = EDGE_CURVE('',#9674,#9676,#9678,.T.);
#9674 = VERTEX_POINT('',#9675);
#9675 = CARTESIAN_POINT('',(110.8,-130.595,-5.E-02));
#9676 = VERTEX_POINT('',#9677);
#9677 = CARTESIAN_POINT('',(110.8,-84.861475,-5.E-02));
#9678 = LINE('',#9679,#9680);
#9679 = CARTESIAN_POINT('',(110.8,-130.595,-5.E-02));
#9680 = VECTOR('',#9681,1.);
#9681 = DIRECTION('',(0.,1.,0.));
#9682 = ORIENTED_EDGE('',*,*,#9683,.T.);
#9683 = EDGE_CURVE('',#9676,#9684,#9686,.T.);
#9684 = VERTEX_POINT('',#9685);
#9685 = CARTESIAN_POINT('',(191.8,-84.861475,-5.E-02));
#9686 = LINE('',#9687,#9688);
#9687 = CARTESIAN_POINT('',(110.8,-84.861475,-5.E-02));
#9688 = VECTOR('',#9689,1.);
#9689 = DIRECTION('',(1.,0.,0.));
#9690 = ORIENTED_EDGE('',*,*,#9691,.T.);
#9691 = EDGE_CURVE('',#9684,#9692,#9694,.T.);
#9692 = VERTEX_POINT('',#9693);
#9693 = CARTESIAN_POINT('',(191.8,-130.595,-5.E-02));
#9694 = LINE('',#9695,#9696);
#9695 = CARTESIAN_POINT('',(191.8,-84.861475,-5.E-02));
#9696 = VECTOR('',#9697,1.);
#9697 = DIRECTION('',(0.,-1.,0.));
#9698 = ORIENTED_EDGE('',*,*,#9699,.T.);
#9699 = EDGE_CURVE('',#9692,#9674,#9700,.T.);
#9700 = LINE('',#9701,#9702);
#9701 = CARTESIAN_POINT('',(191.8,-130.595,-5.E-02));
#9702 = VECTOR('',#9703,1.);
#9703 = DIRECTION('',(-1.,0.,0.));
#9704 = FACE_BOUND('',#9705,.T.);
#9705 = EDGE_LOOP('',(#9706));
#9706 = ORIENTED_EDGE('',*,*,#9707,.T.);
#9707 = EDGE_CURVE('',#9708,#9708,#9710,.T.);
#9708 = VERTEX_POINT('',#9709);
#9709 = CARTESIAN_POINT('',(160.797439,-103.97,-5.E-02));
#9710 = CIRCLE('',#9711,0.837439);
#9711 = AXIS2_PLACEMENT_3D('',#9712,#9713,#9714);
#9712 = CARTESIAN_POINT('',(159.96,-103.97,-5.E-02));
#9713 = DIRECTION('',(0.,0.,1.));
#9714 = DIRECTION('',(1.,0.,-0.));
#9715 = FACE_BOUND('',#9716,.T.);
#9716 = EDGE_LOOP('',(#9717));
#9717 = ORIENTED_EDGE('',*,*,#9718,.T.);
#9718 = EDGE_CURVE('',#9719,#9719,#9721,.T.);
#9719 = VERTEX_POINT('',#9720);
#9720 = CARTESIAN_POINT('',(179.797439,-103.97,-5.E-02));
#9721 = CIRCLE('',#9722,0.837439);
#9722 = AXIS2_PLACEMENT_3D('',#9723,#9724,#9725);
#9723 = CARTESIAN_POINT('',(178.96,-103.97,-5.E-02));
#9724 = DIRECTION('',(0.,0.,1.));
#9725 = DIRECTION('',(1.,0.,-0.));
#9726 = FACE_BOUND('',#9727,.T.);
#9727 = EDGE_LOOP('',(#9728));
#9728 = ORIENTED_EDGE('',*,*,#9729,.T.);
#9729 = EDGE_CURVE('',#9730,#9730,#9732,.T.);
#9730 = VERTEX_POINT('',#9731);
#9731 = CARTESIAN_POINT('',(122.797439,-103.89,-5.E-02));
#9732 = CIRCLE('',#9733,0.837439);
#9733 = AXIS2_PLACEMENT_3D('',#9734,#9735,#9736);
#9734 = CARTESIAN_POINT('',(121.96,-103.89,-5.E-02));
#9735 = DIRECTION('',(0.,0.,1.));
#9736 = DIRECTION('',(1.,0.,-0.));
#9737 = FACE_BOUND('',#9738,.T.);
#9738 = EDGE_LOOP('',(#9739));
#9739 = ORIENTED_EDGE('',*,*,#9740,.T.);
#9740 = EDGE_CURVE('',#9741,#9741,#9743,.T.);
#9741 = VERTEX_POINT('',#9742);
#9742 = CARTESIAN_POINT('',(141.797439,-103.89,-5.E-02));
#9743 = CIRCLE('',#9744,0.837439);
#9744 = AXIS2_PLACEMENT_3D('',#9745,#9746,#9747);
#9745 = CARTESIAN_POINT('',(140.96,-103.89,-5.E-02));
#9746 = DIRECTION('',(0.,0.,1.));
#9747 = DIRECTION('',(1.,0.,-0.));
#9748 = FACE_BOUND('',#9749,.T.);
#9749 = EDGE_LOOP('',(#9750));
#9750 = ORIENTED_EDGE('',*,*,#9751,.T.);
#9751 = EDGE_CURVE('',#9752,#9752,#9754,.T.);
#9752 = VERTEX_POINT('',#9753);
#9753 = CARTESIAN_POINT('',(165.777439,-101.43,-5.E-02));
#9754 = CIRCLE('',#9755,0.737439);
#9755 = AXIS2_PLACEMENT_3D('',#9756,#9757,#9758);
#9756 = CARTESIAN_POINT('',(165.04,-101.43,-5.E-02));
#9757 = DIRECTION('',(0.,0.,1.));
#9758 = DIRECTION('',(1.,0.,-0.));
#9759 = FACE_BOUND('',#9760,.T.);
#9760 = EDGE_LOOP('',(#9761));
#9761 = ORIENTED_EDGE('',*,*,#9762,.T.);
#9762 = EDGE_CURVE('',#9763,#9763,#9765,.T.);
#9763 = VERTEX_POINT('',#9764);
#9764 = CARTESIAN_POINT('',(184.777439,-101.43,-5.E-02));
#9765 = CIRCLE('',#9766,0.737439);
#9766 = AXIS2_PLACEMENT_3D('',#9767,#9768,#9769);
#9767 = CARTESIAN_POINT('',(184.04,-101.43,-5.E-02));
#9768 = DIRECTION('',(0.,0.,1.));
#9769 = DIRECTION('',(1.,0.,-0.));
#9770 = FACE_BOUND('',#9771,.T.);
#9771 = EDGE_LOOP('',(#9772));
#9772 = ORIENTED_EDGE('',*,*,#9773,.T.);
#9773 = EDGE_CURVE('',#9774,#9774,#9776,.T.);
#9774 = VERTEX_POINT('',#9775);
#9775 = CARTESIAN_POINT('',(127.777439,-101.35,-5.E-02));
#9776 = CIRCLE('',#9777,0.737439);
#9777 = AXIS2_PLACEMENT_3D('',#9778,#9779,#9780);
#9778 = CARTESIAN_POINT('',(127.04,-101.35,-5.E-02));
#9779 = DIRECTION('',(0.,0.,1.));
#9780 = DIRECTION('',(1.,0.,-0.));
#9781 = FACE_BOUND('',#9782,.T.);
#9782 = EDGE_LOOP('',(#9783));
#9783 = ORIENTED_EDGE('',*,*,#9784,.T.);
#9784 = EDGE_CURVE('',#9785,#9785,#9787,.T.);
#9785 = VERTEX_POINT('',#9786);
#9786 = CARTESIAN_POINT('',(146.777439,-101.35,-5.E-02));
#9787 = CIRCLE('',#9788,0.737439);
#9788 = AXIS2_PLACEMENT_3D('',#9789,#9790,#9791);
#9789 = CARTESIAN_POINT('',(146.04,-101.35,-5.E-02));
#9790 = DIRECTION('',(0.,0.,1.));
#9791 = DIRECTION('',(1.,0.,-0.));
#9792 = FACE_BOUND('',#9793,.T.);
#9793 = EDGE_LOOP('',(#9794));
#9794 = ORIENTED_EDGE('',*,*,#9795,.T.);
#9795 = EDGE_CURVE('',#9796,#9796,#9798,.T.);
#9796 = VERTEX_POINT('',#9797);
#9797 = CARTESIAN_POINT('',(161.947473,-98.89,-5.E-02));
#9798 = CIRCLE('',#9799,1.987473);
#9799 = AXIS2_PLACEMENT_3D('',#9800,#9801,#9802);
#9800 = CARTESIAN_POINT('',(159.96,-98.89,-5.E-02));
#9801 = DIRECTION('',(0.,0.,1.));
#9802 = DIRECTION('',(1.,0.,-0.));
#9803 = FACE_BOUND('',#9804,.T.);
#9804 = EDGE_LOOP('',(#9805));
#9805 = ORIENTED_EDGE('',*,*,#9806,.T.);
#9806 = EDGE_CURVE('',#9807,#9807,#9809,.T.);
#9807 = VERTEX_POINT('',#9808);
#9808 = CARTESIAN_POINT('',(180.947473,-98.89,-5.E-02));
#9809 = CIRCLE('',#9810,1.987473);
#9810 = AXIS2_PLACEMENT_3D('',#9811,#9812,#9813);
#9811 = CARTESIAN_POINT('',(178.96,-98.89,-5.E-02));
#9812 = DIRECTION('',(0.,0.,1.));
#9813 = DIRECTION('',(1.,0.,-0.));
#9814 = FACE_BOUND('',#9815,.T.);
#9815 = EDGE_LOOP('',(#9816));
#9816 = ORIENTED_EDGE('',*,*,#9817,.T.);
#9817 = EDGE_CURVE('',#9818,#9818,#9820,.T.);
#9818 = VERTEX_POINT('',#9819);
#9819 = CARTESIAN_POINT('',(123.947473,-98.81,-5.E-02));
#9820 = CIRCLE('',#9821,1.987473);
#9821 = AXIS2_PLACEMENT_3D('',#9822,#9823,#9824);
#9822 = CARTESIAN_POINT('',(121.96,-98.81,-5.E-02));
#9823 = DIRECTION('',(0.,0.,1.));
#9824 = DIRECTION('',(1.,0.,-0.));
#9825 = FACE_BOUND('',#9826,.T.);
#9826 = EDGE_LOOP('',(#9827));
#9827 = ORIENTED_EDGE('',*,*,#9828,.T.);
#9828 = EDGE_CURVE('',#9829,#9829,#9831,.T.);
#9829 = VERTEX_POINT('',#9830);
#9830 = CARTESIAN_POINT('',(142.947473,-98.81,-5.E-02));
#9831 = CIRCLE('',#9832,1.987473);
#9832 = AXIS2_PLACEMENT_3D('',#9833,#9834,#9835);
#9833 = CARTESIAN_POINT('',(140.96,-98.81,-5.E-02));
#9834 = DIRECTION('',(0.,0.,1.));
#9835 = DIRECTION('',(1.,0.,-0.));
#9836 = FACE_BOUND('',#9837,.T.);
#9837 = EDGE_LOOP('',(#9838));
#9838 = ORIENTED_EDGE('',*,*,#9839,.T.);
#9839 = EDGE_CURVE('',#9840,#9840,#9842,.T.);
#9840 = VERTEX_POINT('',#9841);
#9841 = CARTESIAN_POINT('',(163.237439,-95.08,-5.E-02));
#9842 = CIRCLE('',#9843,0.737439);
#9843 = AXIS2_PLACEMENT_3D('',#9844,#9845,#9846);
#9844 = CARTESIAN_POINT('',(162.5,-95.08,-5.E-02));
#9845 = DIRECTION('',(0.,0.,1.));
#9846 = DIRECTION('',(1.,0.,-0.));
#9847 = FACE_BOUND('',#9848,.T.);
#9848 = EDGE_LOOP('',(#9849));
#9849 = ORIENTED_EDGE('',*,*,#9850,.T.);
#9850 = EDGE_CURVE('',#9851,#9851,#9853,.T.);
#9851 = VERTEX_POINT('',#9852);
#9852 = CARTESIAN_POINT('',(182.237439,-95.08,-5.E-02));
#9853 = CIRCLE('',#9854,0.737439);
#9854 = AXIS2_PLACEMENT_3D('',#9855,#9856,#9857);
#9855 = CARTESIAN_POINT('',(181.5,-95.08,-5.E-02));
#9856 = DIRECTION('',(0.,0.,1.));
#9857 = DIRECTION('',(1.,0.,-0.));
#9858 = FACE_BOUND('',#9859,.T.);
#9859 = EDGE_LOOP('',(#9860));
#9860 = ORIENTED_EDGE('',*,*,#9861,.T.);
#9861 = EDGE_CURVE('',#9862,#9862,#9864,.T.);
#9862 = VERTEX_POINT('',#9863);
#9863 = CARTESIAN_POINT('',(125.237439,-95.,-5.E-02));
#9864 = CIRCLE('',#9865,0.737439);
#9865 = AXIS2_PLACEMENT_3D('',#9866,#9867,#9868);
#9866 = CARTESIAN_POINT('',(124.5,-95.,-5.E-02));
#9867 = DIRECTION('',(0.,0.,1.));
#9868 = DIRECTION('',(1.,0.,-0.));
#9869 = FACE_BOUND('',#9870,.T.);
#9870 = EDGE_LOOP('',(#9871));
#9871 = ORIENTED_EDGE('',*,*,#9872,.T.);
#9872 = EDGE_CURVE('',#9873,#9873,#9875,.T.);
#9873 = VERTEX_POINT('',#9874);
#9874 = CARTESIAN_POINT('',(144.237439,-95.,-5.E-02));
#9875 = CIRCLE('',#9876,0.737439);
#9876 = AXIS2_PLACEMENT_3D('',#9877,#9878,#9879);
#9877 = CARTESIAN_POINT('',(143.5,-95.,-5.E-02));
#9878 = DIRECTION('',(0.,0.,1.));
#9879 = DIRECTION('',(1.,0.,-0.));
#9880 = FACE_BOUND('',#9881,.T.);
#9881 = EDGE_LOOP('',(#9882));
#9882 = ORIENTED_EDGE('',*,*,#9883,.T.);
#9883 = EDGE_CURVE('',#9884,#9884,#9886,.T.);
#9884 = VERTEX_POINT('',#9885);
#9885 = CARTESIAN_POINT('',(160.797439,-93.81,-5.E-02));
#9886 = CIRCLE('',#9887,0.837439);
#9887 = AXIS2_PLACEMENT_3D('',#9888,#9889,#9890);
#9888 = CARTESIAN_POINT('',(159.96,-93.81,-5.E-02));
#9889 = DIRECTION('',(0.,0.,1.));
#9890 = DIRECTION('',(1.,0.,-0.));
#9891 = FACE_BOUND('',#9892,.T.);
#9892 = EDGE_LOOP('',(#9893));
#9893 = ORIENTED_EDGE('',*,*,#9894,.T.);
#9894 = EDGE_CURVE('',#9895,#9895,#9897,.T.);
#9895 = VERTEX_POINT('',#9896);
#9896 = CARTESIAN_POINT('',(179.797439,-93.81,-5.E-02));
#9897 = CIRCLE('',#9898,0.837439);
#9898 = AXIS2_PLACEMENT_3D('',#9899,#9900,#9901);
#9899 = CARTESIAN_POINT('',(178.96,-93.81,-5.E-02));
#9900 = DIRECTION('',(0.,0.,1.));
#9901 = DIRECTION('',(1.,0.,-0.));
#9902 = FACE_BOUND('',#9903,.T.);
#9903 = EDGE_LOOP('',(#9904));
#9904 = ORIENTED_EDGE('',*,*,#9905,.T.);
#9905 = EDGE_CURVE('',#9906,#9906,#9908,.T.);
#9906 = VERTEX_POINT('',#9907);
#9907 = CARTESIAN_POINT('',(122.797439,-93.73,-5.E-02));
#9908 = CIRCLE('',#9909,0.837439);
#9909 = AXIS2_PLACEMENT_3D('',#9910,#9911,#9912);
#9910 = CARTESIAN_POINT('',(121.96,-93.73,-5.E-02));
#9911 = DIRECTION('',(0.,0.,1.));
#9912 = DIRECTION('',(1.,0.,-0.));
#9913 = FACE_BOUND('',#9914,.T.);
#9914 = EDGE_LOOP('',(#9915));
#9915 = ORIENTED_EDGE('',*,*,#9916,.T.);
#9916 = EDGE_CURVE('',#9917,#9917,#9919,.T.);
#9917 = VERTEX_POINT('',#9918);
#9918 = CARTESIAN_POINT('',(141.797439,-93.73,-5.E-02));
#9919 = CIRCLE('',#9920,0.837439);
#9920 = AXIS2_PLACEMENT_3D('',#9921,#9922,#9923);
#9921 = CARTESIAN_POINT('',(140.96,-93.73,-5.E-02));
#9922 = DIRECTION('',(0.,0.,1.));
#9923 = DIRECTION('',(1.,0.,-0.));
#9924 = PLANE('',#9925);
#9925 = AXIS2_PLACEMENT_3D('',#9926,#9927,#9928);
#9926 = CARTESIAN_POINT('',(0.,0.,-5.E-02));
#9927 = DIRECTION('',(-0.,-0.,-1.));
#9928 = DIRECTION('',(-1.,0.,0.));
#9929 = ( GEOMETRIC_REPRESENTATION_CONTEXT(3) 
GLOBAL_UNCERTAINTY_ASSIGNED_CONTEXT((#9933)) 
GLOBAL_UNIT_ASSIGNED_CONTEXT((#9930,#9931,#9932)) REPRESENTATION_CONTEXT
('Context #1','3D Context with UNIT and UNCERTAINTY') );
#9930 = ( LENGTH_UNIT() NAMED_UNIT(*) SI_UNIT(.MILLI.,.METRE.) );
#9931 = ( NAMED_UNIT(*) PLANE_ANGLE_UNIT() SI_UNIT($,.RADIAN.) );
#9932 = ( NAMED_UNIT(*) SI_UNIT($,.STERADIAN.) SOLID_ANGLE_UNIT() );
#9933 = UNCERTAINTY_MEASURE_WITH_UNIT(LENGTH_MEASURE(1.E-07),#9930,
  'distance_accuracy_value','confusion accuracy');
#9934 = CONTEXT_DEPENDENT_SHAPE_REPRESENTATION(#9935,#9937);
#9935 = ( REPRESENTATION_RELATIONSHIP('','',#9666,#10) 
REPRESENTATION_RELATIONSHIP_WITH_TRANSFORMATION(#9936) 
SHAPE_REPRESENTATION_RELATIONSHIP() );
#9936 = ITEM_DEFINED_TRANSFORMATION('','',#11,#23);
#9937 = PRODUCT_DEFINITION_SHAPE('Placement','Placement of an item',
  #9938);
#9938 = NEXT_ASSEMBLY_USAGE_OCCURRENCE('3','=>[0:1:1:4]','',#5,#9661,$);
#9939 = PRODUCT_RELATED_PRODUCT_CATEGORY('part',$,(#9663));
#9940 = SHAPE_DEFINITION_REPRESENTATION(#9941,#9947);
#9941 = PRODUCT_DEFINITION_SHAPE('','',#9942);
#9942 = PRODUCT_DEFINITION('design','',#9943,#9946);
#9943 = PRODUCT_DEFINITION_FORMATION('','',#9944);
#9944 = PRODUCT('Wavey_PCB','Wavey_PCB','',(#9945));
#9945 = PRODUCT_CONTEXT('',#2,'mechanical');
#9946 = PRODUCT_DEFINITION_CONTEXT('part definition',#2,'design');
#9947 = ADVANCED_BREP_SHAPE_REPRESENTATION('',(#11,#9948),#10878);
#9948 = MANIFOLD_SOLID_BREP('',#9949);
#9949 = CLOSED_SHELL('',(#9950,#9990,#10021,#10052,#10289,#10526,#10538,
    #10555,#10572,#10589,#10606,#10623,#10640,#10657,#10674,#10691,
    #10708,#10725,#10742,#10759,#10776,#10793,#10810,#10827,#10844,
    #10861));
#9950 = ADVANCED_FACE('',(#9951),#9985,.T.);
#9951 = FACE_BOUND('',#9952,.T.);
#9952 = EDGE_LOOP('',(#9953,#9963,#9971,#9979));
#9953 = ORIENTED_EDGE('',*,*,#9954,.T.);
#9954 = EDGE_CURVE('',#9955,#9957,#9959,.T.);
#9955 = VERTEX_POINT('',#9956);
#9956 = CARTESIAN_POINT('',(191.8,-130.595,0.));
#9957 = VERTEX_POINT('',#9958);
#9958 = CARTESIAN_POINT('',(191.8,-130.595,1.51));
#9959 = LINE('',#9960,#9961);
#9960 = CARTESIAN_POINT('',(191.8,-130.595,0.));
#9961 = VECTOR('',#9962,1.);
#9962 = DIRECTION('',(0.,0.,1.));
#9963 = ORIENTED_EDGE('',*,*,#9964,.T.);
#9964 = EDGE_CURVE('',#9957,#9965,#9967,.T.);
#9965 = VERTEX_POINT('',#9966);
#9966 = CARTESIAN_POINT('',(110.8,-130.595,1.51));
#9967 = LINE('',#9968,#9969);
#9968 = CARTESIAN_POINT('',(191.8,-130.595,1.51));
#9969 = VECTOR('',#9970,1.);
#9970 = DIRECTION('',(-1.,0.,0.));
#9971 = ORIENTED_EDGE('',*,*,#9972,.F.);
#9972 = EDGE_CURVE('',#9973,#9965,#9975,.T.);
#9973 = VERTEX_POINT('',#9974);
#9974 = CARTESIAN_POINT('',(110.8,-130.595,0.));
#9975 = LINE('',#9976,#9977);
#9976 = CARTESIAN_POINT('',(110.8,-130.595,0.));
#9977 = VECTOR('',#9978,1.);
#9978 = DIRECTION('',(0.,0.,1.));
#9979 = ORIENTED_EDGE('',*,*,#9980,.F.);
#9980 = EDGE_CURVE('',#9955,#9973,#9981,.T.);
#9981 = LINE('',#9982,#9983);
#9982 = CARTESIAN_POINT('',(191.8,-130.595,0.));
#9983 = VECTOR('',#9984,1.);
#9984 = DIRECTION('',(-1.,0.,0.));
#9985 = PLANE('',#9986);
#9986 = AXIS2_PLACEMENT_3D('',#9987,#9988,#9989);
#9987 = CARTESIAN_POINT('',(191.8,-130.595,0.));
#9988 = DIRECTION('',(0.,-1.,0.));
#9989 = DIRECTION('',(-1.,0.,0.));
#9990 = ADVANCED_FACE('',(#9991),#10016,.T.);
#9991 = FACE_BOUND('',#9992,.T.);
#9992 = EDGE_LOOP('',(#9993,#10003,#10009,#10010));
#9993 = ORIENTED_EDGE('',*,*,#9994,.T.);
#9994 = EDGE_CURVE('',#9995,#9997,#9999,.T.);
#9995 = VERTEX_POINT('',#9996);
#9996 = CARTESIAN_POINT('',(191.8,-84.861475,0.));
#9997 = VERTEX_POINT('',#9998);
#9998 = CARTESIAN_POINT('',(191.8,-84.861475,1.51));
#9999 = LINE('',#10000,#10001);
#10000 = CARTESIAN_POINT('',(191.8,-84.861475,0.));
#10001 = VECTOR('',#10002,1.);
#10002 = DIRECTION('',(0.,0.,1.));
#10003 = ORIENTED_EDGE('',*,*,#10004,.T.);
#10004 = EDGE_CURVE('',#9997,#9957,#10005,.T.);
#10005 = LINE('',#10006,#10007);
#10006 = CARTESIAN_POINT('',(191.8,-84.861475,1.51));
#10007 = VECTOR('',#10008,1.);
#10008 = DIRECTION('',(0.,-1.,0.));
#10009 = ORIENTED_EDGE('',*,*,#9954,.F.);
#10010 = ORIENTED_EDGE('',*,*,#10011,.F.);
#10011 = EDGE_CURVE('',#9995,#9955,#10012,.T.);
#10012 = LINE('',#10013,#10014);
#10013 = CARTESIAN_POINT('',(191.8,-84.861475,0.));
#10014 = VECTOR('',#10015,1.);
#10015 = DIRECTION('',(0.,-1.,0.));
#10016 = PLANE('',#10017);
#10017 = AXIS2_PLACEMENT_3D('',#10018,#10019,#10020);
#10018 = CARTESIAN_POINT('',(191.8,-84.861475,0.));
#10019 = DIRECTION('',(1.,0.,-0.));
#10020 = DIRECTION('',(0.,-1.,0.));
#10021 = ADVANCED_FACE('',(#10022),#10047,.T.);
#10022 = FACE_BOUND('',#10023,.T.);
#10023 = EDGE_LOOP('',(#10024,#10025,#10033,#10041));
#10024 = ORIENTED_EDGE('',*,*,#9972,.T.);
#10025 = ORIENTED_EDGE('',*,*,#10026,.T.);
#10026 = EDGE_CURVE('',#9965,#10027,#10029,.T.);
#10027 = VERTEX_POINT('',#10028);
#10028 = CARTESIAN_POINT('',(110.8,-84.861475,1.51));
#10029 = LINE('',#10030,#10031);
#10030 = CARTESIAN_POINT('',(110.8,-130.595,1.51));
#10031 = VECTOR('',#10032,1.);
#10032 = DIRECTION('',(0.,1.,0.));
#10033 = ORIENTED_EDGE('',*,*,#10034,.F.);
#10034 = EDGE_CURVE('',#10035,#10027,#10037,.T.);
#10035 = VERTEX_POINT('',#10036);
#10036 = CARTESIAN_POINT('',(110.8,-84.861475,0.));
#10037 = LINE('',#10038,#10039);
#10038 = CARTESIAN_POINT('',(110.8,-84.861475,0.));
#10039 = VECTOR('',#10040,1.);
#10040 = DIRECTION('',(0.,0.,1.));
#10041 = ORIENTED_EDGE('',*,*,#10042,.F.);
#10042 = EDGE_CURVE('',#9973,#10035,#10043,.T.);
#10043 = LINE('',#10044,#10045);
#10044 = CARTESIAN_POINT('',(110.8,-130.595,0.));
#10045 = VECTOR('',#10046,1.);
#10046 = DIRECTION('',(0.,1.,0.));
#10047 = PLANE('',#10048);
#10048 = AXIS2_PLACEMENT_3D('',#10049,#10050,#10051);
#10049 = CARTESIAN_POINT('',(110.8,-130.595,0.));
#10050 = DIRECTION('',(-1.,0.,0.));
#10051 = DIRECTION('',(0.,1.,0.));
#10052 = ADVANCED_FACE('',(#10053,#10064,#10075,#10086,#10097,#10108,
    #10119,#10130,#10141,#10152,#10163,#10174,#10185,#10196,#10207,
    #10218,#10229,#10240,#10251,#10262,#10273),#10284,.F.);
#10053 = FACE_BOUND('',#10054,.F.);
#10054 = EDGE_LOOP('',(#10055,#10056,#10057,#10063));
#10055 = ORIENTED_EDGE('',*,*,#9980,.F.);
#10056 = ORIENTED_EDGE('',*,*,#10011,.F.);
#10057 = ORIENTED_EDGE('',*,*,#10058,.F.);
#10058 = EDGE_CURVE('',#10035,#9995,#10059,.T.);
#10059 = LINE('',#10060,#10061);
#10060 = CARTESIAN_POINT('',(110.8,-84.861475,0.));
#10061 = VECTOR('',#10062,1.);
#10062 = DIRECTION('',(1.,0.,0.));
#10063 = ORIENTED_EDGE('',*,*,#10042,.F.);
#10064 = FACE_BOUND('',#10065,.F.);
#10065 = EDGE_LOOP('',(#10066));
#10066 = ORIENTED_EDGE('',*,*,#10067,.T.);
#10067 = EDGE_CURVE('',#10068,#10068,#10070,.T.);
#10068 = VERTEX_POINT('',#10069);
#10069 = CARTESIAN_POINT('',(121.96,-104.74,0.));
#10070 = CIRCLE('',#10071,0.85);
#10071 = AXIS2_PLACEMENT_3D('',#10072,#10073,#10074);
#10072 = CARTESIAN_POINT('',(121.96,-103.89,0.));
#10073 = DIRECTION('',(-0.,0.,-1.));
#10074 = DIRECTION('',(-1.671865260612E-14,-1.,0.));
#10075 = FACE_BOUND('',#10076,.F.);
#10076 = EDGE_LOOP('',(#10077));
#10077 = ORIENTED_EDGE('',*,*,#10078,.T.);
#10078 = EDGE_CURVE('',#10079,#10079,#10081,.T.);
#10079 = VERTEX_POINT('',#10080);
#10080 = CARTESIAN_POINT('',(140.96,-104.74,0.));
#10081 = CIRCLE('',#10082,0.85);
#10082 = AXIS2_PLACEMENT_3D('',#10083,#10084,#10085);
#10083 = CARTESIAN_POINT('',(140.96,-103.89,0.));
#10084 = DIRECTION('',(-0.,0.,-1.));
#10085 = DIRECTION('',(-0.,-1.,0.));
#10086 = FACE_BOUND('',#10087,.F.);
#10087 = EDGE_LOOP('',(#10088));
#10088 = ORIENTED_EDGE('',*,*,#10089,.T.);
#10089 = EDGE_CURVE('',#10090,#10090,#10092,.T.);
#10090 = VERTEX_POINT('',#10091);
#10091 = CARTESIAN_POINT('',(127.04,-102.1,0.));
#10092 = CIRCLE('',#10093,0.75);
#10093 = AXIS2_PLACEMENT_3D('',#10094,#10095,#10096);
#10094 = CARTESIAN_POINT('',(127.04,-101.35,0.));
#10095 = DIRECTION('',(-0.,0.,-1.));
#10096 = DIRECTION('',(-0.,-1.,0.));
#10097 = FACE_BOUND('',#10098,.F.);
#10098 = EDGE_LOOP('',(#10099));
#10099 = ORIENTED_EDGE('',*,*,#10100,.T.);
#10100 = EDGE_CURVE('',#10101,#10101,#10103,.T.);
#10101 = VERTEX_POINT('',#10102);
#10102 = CARTESIAN_POINT('',(146.04,-102.1,0.));
#10103 = CIRCLE('',#10104,0.75);
#10104 = AXIS2_PLACEMENT_3D('',#10105,#10106,#10107);
#10105 = CARTESIAN_POINT('',(146.04,-101.35,0.));
#10106 = DIRECTION('',(-0.,0.,-1.));
#10107 = DIRECTION('',(-0.,-1.,0.));
#10108 = FACE_BOUND('',#10109,.F.);
#10109 = EDGE_LOOP('',(#10110));
#10110 = ORIENTED_EDGE('',*,*,#10111,.T.);
#10111 = EDGE_CURVE('',#10112,#10112,#10114,.T.);
#10112 = VERTEX_POINT('',#10113);
#10113 = CARTESIAN_POINT('',(159.96,-104.82,0.));
#10114 = CIRCLE('',#10115,0.85);
#10115 = AXIS2_PLACEMENT_3D('',#10116,#10117,#10118);
#10116 = CARTESIAN_POINT('',(159.96,-103.97,0.));
#10117 = DIRECTION('',(-0.,0.,-1.));
#10118 = DIRECTION('',(-0.,-1.,0.));
#10119 = FACE_BOUND('',#10120,.F.);
#10120 = EDGE_LOOP('',(#10121));
#10121 = ORIENTED_EDGE('',*,*,#10122,.T.);
#10122 = EDGE_CURVE('',#10123,#10123,#10125,.T.);
#10123 = VERTEX_POINT('',#10124);
#10124 = CARTESIAN_POINT('',(178.96,-104.82,0.));
#10125 = CIRCLE('',#10126,0.85);
#10126 = AXIS2_PLACEMENT_3D('',#10127,#10128,#10129);
#10127 = CARTESIAN_POINT('',(178.96,-103.97,0.));
#10128 = DIRECTION('',(-0.,0.,-1.));
#10129 = DIRECTION('',(-0.,-1.,0.));
#10130 = FACE_BOUND('',#10131,.F.);
#10131 = EDGE_LOOP('',(#10132));
#10132 = ORIENTED_EDGE('',*,*,#10133,.T.);
#10133 = EDGE_CURVE('',#10134,#10134,#10136,.T.);
#10134 = VERTEX_POINT('',#10135);
#10135 = CARTESIAN_POINT('',(165.04,-102.18,0.));
#10136 = CIRCLE('',#10137,0.75);
#10137 = AXIS2_PLACEMENT_3D('',#10138,#10139,#10140);
#10138 = CARTESIAN_POINT('',(165.04,-101.43,0.));
#10139 = DIRECTION('',(-0.,0.,-1.));
#10140 = DIRECTION('',(-0.,-1.,0.));
#10141 = FACE_BOUND('',#10142,.F.);
#10142 = EDGE_LOOP('',(#10143));
#10143 = ORIENTED_EDGE('',*,*,#10144,.T.);
#10144 = EDGE_CURVE('',#10145,#10145,#10147,.T.);
#10145 = VERTEX_POINT('',#10146);
#10146 = CARTESIAN_POINT('',(159.96,-100.89,0.));
#10147 = CIRCLE('',#10148,2.);
#10148 = AXIS2_PLACEMENT_3D('',#10149,#10150,#10151);
#10149 = CARTESIAN_POINT('',(159.96,-98.89,0.));
#10150 = DIRECTION('',(-0.,0.,-1.));
#10151 = DIRECTION('',(-0.,-1.,0.));
#10152 = FACE_BOUND('',#10153,.F.);
#10153 = EDGE_LOOP('',(#10154));
#10154 = ORIENTED_EDGE('',*,*,#10155,.T.);
#10155 = EDGE_CURVE('',#10156,#10156,#10158,.T.);
#10156 = VERTEX_POINT('',#10157);
#10157 = CARTESIAN_POINT('',(184.04,-102.18,0.));
#10158 = CIRCLE('',#10159,0.75);
#10159 = AXIS2_PLACEMENT_3D('',#10160,#10161,#10162);
#10160 = CARTESIAN_POINT('',(184.04,-101.43,0.));
#10161 = DIRECTION('',(-0.,0.,-1.));
#10162 = DIRECTION('',(-0.,-1.,0.));
#10163 = FACE_BOUND('',#10164,.F.);
#10164 = EDGE_LOOP('',(#10165));
#10165 = ORIENTED_EDGE('',*,*,#10166,.T.);
#10166 = EDGE_CURVE('',#10167,#10167,#10169,.T.);
#10167 = VERTEX_POINT('',#10168);
#10168 = CARTESIAN_POINT('',(178.96,-100.89,0.));
#10169 = CIRCLE('',#10170,2.);
#10170 = AXIS2_PLACEMENT_3D('',#10171,#10172,#10173);
#10171 = CARTESIAN_POINT('',(178.96,-98.89,0.));
#10172 = DIRECTION('',(-0.,0.,-1.));
#10173 = DIRECTION('',(-0.,-1.,0.));
#10174 = FACE_BOUND('',#10175,.F.);
#10175 = EDGE_LOOP('',(#10176));
#10176 = ORIENTED_EDGE('',*,*,#10177,.T.);
#10177 = EDGE_CURVE('',#10178,#10178,#10180,.T.);
#10178 = VERTEX_POINT('',#10179);
#10179 = CARTESIAN_POINT('',(121.96,-100.81,0.));
#10180 = CIRCLE('',#10181,2.);
#10181 = AXIS2_PLACEMENT_3D('',#10182,#10183,#10184);
#10182 = CARTESIAN_POINT('',(121.96,-98.81,0.));
#10183 = DIRECTION('',(-0.,0.,-1.));
#10184 = DIRECTION('',(-0.,-1.,0.));
#10185 = FACE_BOUND('',#10186,.F.);
#10186 = EDGE_LOOP('',(#10187));
#10187 = ORIENTED_EDGE('',*,*,#10188,.T.);
#10188 = EDGE_CURVE('',#10189,#10189,#10191,.T.);
#10189 = VERTEX_POINT('',#10190);
#10190 = CARTESIAN_POINT('',(140.96,-100.81,0.));
#10191 = CIRCLE('',#10192,2.);
#10192 = AXIS2_PLACEMENT_3D('',#10193,#10194,#10195);
#10193 = CARTESIAN_POINT('',(140.96,-98.81,0.));
#10194 = DIRECTION('',(-0.,0.,-1.));
#10195 = DIRECTION('',(-0.,-1.,0.));
#10196 = FACE_BOUND('',#10197,.F.);
#10197 = EDGE_LOOP('',(#10198));
#10198 = ORIENTED_EDGE('',*,*,#10199,.T.);
#10199 = EDGE_CURVE('',#10200,#10200,#10202,.T.);
#10200 = VERTEX_POINT('',#10201);
#10201 = CARTESIAN_POINT('',(124.5,-95.75,0.));
#10202 = CIRCLE('',#10203,0.75);
#10203 = AXIS2_PLACEMENT_3D('',#10204,#10205,#10206);
#10204 = CARTESIAN_POINT('',(124.5,-95.,0.));
#10205 = DIRECTION('',(-0.,0.,-1.));
#10206 = DIRECTION('',(-0.,-1.,0.));
#10207 = FACE_BOUND('',#10208,.F.);
#10208 = EDGE_LOOP('',(#10209));
#10209 = ORIENTED_EDGE('',*,*,#10210,.T.);
#10210 = EDGE_CURVE('',#10211,#10211,#10213,.T.);
#10211 = VERTEX_POINT('',#10212);
#10212 = CARTESIAN_POINT('',(121.96,-94.58,0.));
#10213 = CIRCLE('',#10214,0.85);
#10214 = AXIS2_PLACEMENT_3D('',#10215,#10216,#10217);
#10215 = CARTESIAN_POINT('',(121.96,-93.73,0.));
#10216 = DIRECTION('',(-0.,0.,-1.));
#10217 = DIRECTION('',(-1.671865260612E-14,-1.,0.));
#10218 = FACE_BOUND('',#10219,.F.);
#10219 = EDGE_LOOP('',(#10220));
#10220 = ORIENTED_EDGE('',*,*,#10221,.T.);
#10221 = EDGE_CURVE('',#10222,#10222,#10224,.T.);
#10222 = VERTEX_POINT('',#10223);
#10223 = CARTESIAN_POINT('',(143.5,-95.75,0.));
#10224 = CIRCLE('',#10225,0.75);
#10225 = AXIS2_PLACEMENT_3D('',#10226,#10227,#10228);
#10226 = CARTESIAN_POINT('',(143.5,-95.,0.));
#10227 = DIRECTION('',(-0.,0.,-1.));
#10228 = DIRECTION('',(-0.,-1.,0.));
#10229 = FACE_BOUND('',#10230,.F.);
#10230 = EDGE_LOOP('',(#10231));
#10231 = ORIENTED_EDGE('',*,*,#10232,.T.);
#10232 = EDGE_CURVE('',#10233,#10233,#10235,.T.);
#10233 = VERTEX_POINT('',#10234);
#10234 = CARTESIAN_POINT('',(140.96,-94.58,0.));
#10235 = CIRCLE('',#10236,0.85);
#10236 = AXIS2_PLACEMENT_3D('',#10237,#10238,#10239);
#10237 = CARTESIAN_POINT('',(140.96,-93.73,0.));
#10238 = DIRECTION('',(-0.,0.,-1.));
#10239 = DIRECTION('',(-0.,-1.,0.));
#10240 = FACE_BOUND('',#10241,.F.);
#10241 = EDGE_LOOP('',(#10242));
#10242 = ORIENTED_EDGE('',*,*,#10243,.T.);
#10243 = EDGE_CURVE('',#10244,#10244,#10246,.T.);
#10244 = VERTEX_POINT('',#10245);
#10245 = CARTESIAN_POINT('',(162.5,-95.83,0.));
#10246 = CIRCLE('',#10247,0.75);
#10247 = AXIS2_PLACEMENT_3D('',#10248,#10249,#10250);
#10248 = CARTESIAN_POINT('',(162.5,-95.08,0.));
#10249 = DIRECTION('',(-0.,0.,-1.));
#10250 = DIRECTION('',(-0.,-1.,0.));
#10251 = FACE_BOUND('',#10252,.F.);
#10252 = EDGE_LOOP('',(#10253));
#10253 = ORIENTED_EDGE('',*,*,#10254,.T.);
#10254 = EDGE_CURVE('',#10255,#10255,#10257,.T.);
#10255 = VERTEX_POINT('',#10256);
#10256 = CARTESIAN_POINT('',(159.96,-94.66,0.));
#10257 = CIRCLE('',#10258,0.85);
#10258 = AXIS2_PLACEMENT_3D('',#10259,#10260,#10261);
#10259 = CARTESIAN_POINT('',(159.96,-93.81,0.));
#10260 = DIRECTION('',(-0.,0.,-1.));
#10261 = DIRECTION('',(-0.,-1.,0.));
#10262 = FACE_BOUND('',#10263,.F.);
#10263 = EDGE_LOOP('',(#10264));
#10264 = ORIENTED_EDGE('',*,*,#10265,.T.);
#10265 = EDGE_CURVE('',#10266,#10266,#10268,.T.);
#10266 = VERTEX_POINT('',#10267);
#10267 = CARTESIAN_POINT('',(181.5,-95.83,0.));
#10268 = CIRCLE('',#10269,0.75);
#10269 = AXIS2_PLACEMENT_3D('',#10270,#10271,#10272);
#10270 = CARTESIAN_POINT('',(181.5,-95.08,0.));
#10271 = DIRECTION('',(-0.,0.,-1.));
#10272 = DIRECTION('',(-0.,-1.,0.));
#10273 = FACE_BOUND('',#10274,.F.);
#10274 = EDGE_LOOP('',(#10275));
#10275 = ORIENTED_EDGE('',*,*,#10276,.T.);
#10276 = EDGE_CURVE('',#10277,#10277,#10279,.T.);
#10277 = VERTEX_POINT('',#10278);
#10278 = CARTESIAN_POINT('',(178.96,-94.66,0.));
#10279 = CIRCLE('',#10280,0.85);
#10280 = AXIS2_PLACEMENT_3D('',#10281,#10282,#10283);
#10281 = CARTESIAN_POINT('',(178.96,-93.81,0.));
#10282 = DIRECTION('',(-0.,0.,-1.));
#10283 = DIRECTION('',(-0.,-1.,0.));
#10284 = PLANE('',#10285);
#10285 = AXIS2_PLACEMENT_3D('',#10286,#10287,#10288);
#10286 = CARTESIAN_POINT('',(0.,0.,0.));
#10287 = DIRECTION('',(0.,0.,1.));
#10288 = DIRECTION('',(1.,0.,-0.));
#10289 = ADVANCED_FACE('',(#10290,#10301,#10312,#10323,#10334,#10345,
    #10356,#10367,#10378,#10389,#10400,#10411,#10422,#10433,#10444,
    #10455,#10466,#10477,#10488,#10499,#10510),#10521,.T.);
#10290 = FACE_BOUND('',#10291,.T.);
#10291 = EDGE_LOOP('',(#10292,#10293,#10294,#10300));
#10292 = ORIENTED_EDGE('',*,*,#9964,.F.);
#10293 = ORIENTED_EDGE('',*,*,#10004,.F.);
#10294 = ORIENTED_EDGE('',*,*,#10295,.F.);
#10295 = EDGE_CURVE('',#10027,#9997,#10296,.T.);
#10296 = LINE('',#10297,#10298);
#10297 = CARTESIAN_POINT('',(110.8,-84.861475,1.51));
#10298 = VECTOR('',#10299,1.);
#10299 = DIRECTION('',(1.,0.,0.));
#10300 = ORIENTED_EDGE('',*,*,#10026,.F.);
#10301 = FACE_BOUND('',#10302,.T.);
#10302 = EDGE_LOOP('',(#10303));
#10303 = ORIENTED_EDGE('',*,*,#10304,.T.);
#10304 = EDGE_CURVE('',#10305,#10305,#10307,.T.);
#10305 = VERTEX_POINT('',#10306);
#10306 = CARTESIAN_POINT('',(121.96,-104.74,1.51));
#10307 = CIRCLE('',#10308,0.85);
#10308 = AXIS2_PLACEMENT_3D('',#10309,#10310,#10311);
#10309 = CARTESIAN_POINT('',(121.96,-103.89,1.51));
#10310 = DIRECTION('',(-0.,0.,-1.));
#10311 = DIRECTION('',(-1.671865260612E-14,-1.,0.));
#10312 = FACE_BOUND('',#10313,.T.);
#10313 = EDGE_LOOP('',(#10314));
#10314 = ORIENTED_EDGE('',*,*,#10315,.T.);
#10315 = EDGE_CURVE('',#10316,#10316,#10318,.T.);
#10316 = VERTEX_POINT('',#10317);
#10317 = CARTESIAN_POINT('',(140.96,-104.74,1.51));
#10318 = CIRCLE('',#10319,0.85);
#10319 = AXIS2_PLACEMENT_3D('',#10320,#10321,#10322);
#10320 = CARTESIAN_POINT('',(140.96,-103.89,1.51));
#10321 = DIRECTION('',(-0.,0.,-1.));
#10322 = DIRECTION('',(-0.,-1.,0.));
#10323 = FACE_BOUND('',#10324,.T.);
#10324 = EDGE_LOOP('',(#10325));
#10325 = ORIENTED_EDGE('',*,*,#10326,.T.);
#10326 = EDGE_CURVE('',#10327,#10327,#10329,.T.);
#10327 = VERTEX_POINT('',#10328);
#10328 = CARTESIAN_POINT('',(127.04,-102.1,1.51));
#10329 = CIRCLE('',#10330,0.75);
#10330 = AXIS2_PLACEMENT_3D('',#10331,#10332,#10333);
#10331 = CARTESIAN_POINT('',(127.04,-101.35,1.51));
#10332 = DIRECTION('',(-0.,0.,-1.));
#10333 = DIRECTION('',(-0.,-1.,0.));
#10334 = FACE_BOUND('',#10335,.T.);
#10335 = EDGE_LOOP('',(#10336));
#10336 = ORIENTED_EDGE('',*,*,#10337,.T.);
#10337 = EDGE_CURVE('',#10338,#10338,#10340,.T.);
#10338 = VERTEX_POINT('',#10339);
#10339 = CARTESIAN_POINT('',(146.04,-102.1,1.51));
#10340 = CIRCLE('',#10341,0.75);
#10341 = AXIS2_PLACEMENT_3D('',#10342,#10343,#10344);
#10342 = CARTESIAN_POINT('',(146.04,-101.35,1.51));
#10343 = DIRECTION('',(-0.,0.,-1.));
#10344 = DIRECTION('',(-0.,-1.,0.));
#10345 = FACE_BOUND('',#10346,.T.);
#10346 = EDGE_LOOP('',(#10347));
#10347 = ORIENTED_EDGE('',*,*,#10348,.T.);
#10348 = EDGE_CURVE('',#10349,#10349,#10351,.T.);
#10349 = VERTEX_POINT('',#10350);
#10350 = CARTESIAN_POINT('',(159.96,-104.82,1.51));
#10351 = CIRCLE('',#10352,0.85);
#10352 = AXIS2_PLACEMENT_3D('',#10353,#10354,#10355);
#10353 = CARTESIAN_POINT('',(159.96,-103.97,1.51));
#10354 = DIRECTION('',(-0.,0.,-1.));
#10355 = DIRECTION('',(-0.,-1.,0.));
#10356 = FACE_BOUND('',#10357,.T.);
#10357 = EDGE_LOOP('',(#10358));
#10358 = ORIENTED_EDGE('',*,*,#10359,.T.);
#10359 = EDGE_CURVE('',#10360,#10360,#10362,.T.);
#10360 = VERTEX_POINT('',#10361);
#10361 = CARTESIAN_POINT('',(178.96,-104.82,1.51));
#10362 = CIRCLE('',#10363,0.85);
#10363 = AXIS2_PLACEMENT_3D('',#10364,#10365,#10366);
#10364 = CARTESIAN_POINT('',(178.96,-103.97,1.51));
#10365 = DIRECTION('',(-0.,0.,-1.));
#10366 = DIRECTION('',(-0.,-1.,0.));
#10367 = FACE_BOUND('',#10368,.T.);
#10368 = EDGE_LOOP('',(#10369));
#10369 = ORIENTED_EDGE('',*,*,#10370,.T.);
#10370 = EDGE_CURVE('',#10371,#10371,#10373,.T.);
#10371 = VERTEX_POINT('',#10372);
#10372 = CARTESIAN_POINT('',(165.04,-102.18,1.51));
#10373 = CIRCLE('',#10374,0.75);
#10374 = AXIS2_PLACEMENT_3D('',#10375,#10376,#10377);
#10375 = CARTESIAN_POINT('',(165.04,-101.43,1.51));
#10376 = DIRECTION('',(-0.,0.,-1.));
#10377 = DIRECTION('',(-0.,-1.,0.));
#10378 = FACE_BOUND('',#10379,.T.);
#10379 = EDGE_LOOP('',(#10380));
#10380 = ORIENTED_EDGE('',*,*,#10381,.T.);
#10381 = EDGE_CURVE('',#10382,#10382,#10384,.T.);
#10382 = VERTEX_POINT('',#10383);
#10383 = CARTESIAN_POINT('',(159.96,-100.89,1.51));
#10384 = CIRCLE('',#10385,2.);
#10385 = AXIS2_PLACEMENT_3D('',#10386,#10387,#10388);
#10386 = CARTESIAN_POINT('',(159.96,-98.89,1.51));
#10387 = DIRECTION('',(-0.,0.,-1.));
#10388 = DIRECTION('',(-0.,-1.,0.));
#10389 = FACE_BOUND('',#10390,.T.);
#10390 = EDGE_LOOP('',(#10391));
#10391 = ORIENTED_EDGE('',*,*,#10392,.T.);
#10392 = EDGE_CURVE('',#10393,#10393,#10395,.T.);
#10393 = VERTEX_POINT('',#10394);
#10394 = CARTESIAN_POINT('',(184.04,-102.18,1.51));
#10395 = CIRCLE('',#10396,0.75);
#10396 = AXIS2_PLACEMENT_3D('',#10397,#10398,#10399);
#10397 = CARTESIAN_POINT('',(184.04,-101.43,1.51));
#10398 = DIRECTION('',(-0.,0.,-1.));
#10399 = DIRECTION('',(-0.,-1.,0.));
#10400 = FACE_BOUND('',#10401,.T.);
#10401 = EDGE_LOOP('',(#10402));
#10402 = ORIENTED_EDGE('',*,*,#10403,.T.);
#10403 = EDGE_CURVE('',#10404,#10404,#10406,.T.);
#10404 = VERTEX_POINT('',#10405);
#10405 = CARTESIAN_POINT('',(178.96,-100.89,1.51));
#10406 = CIRCLE('',#10407,2.);
#10407 = AXIS2_PLACEMENT_3D('',#10408,#10409,#10410);
#10408 = CARTESIAN_POINT('',(178.96,-98.89,1.51));
#10409 = DIRECTION('',(-0.,0.,-1.));
#10410 = DIRECTION('',(-0.,-1.,0.));
#10411 = FACE_BOUND('',#10412,.T.);
#10412 = EDGE_LOOP('',(#10413));
#10413 = ORIENTED_EDGE('',*,*,#10414,.T.);
#10414 = EDGE_CURVE('',#10415,#10415,#10417,.T.);
#10415 = VERTEX_POINT('',#10416);
#10416 = CARTESIAN_POINT('',(121.96,-100.81,1.51));
#10417 = CIRCLE('',#10418,2.);
#10418 = AXIS2_PLACEMENT_3D('',#10419,#10420,#10421);
#10419 = CARTESIAN_POINT('',(121.96,-98.81,1.51));
#10420 = DIRECTION('',(-0.,0.,-1.));
#10421 = DIRECTION('',(-0.,-1.,0.));
#10422 = FACE_BOUND('',#10423,.T.);
#10423 = EDGE_LOOP('',(#10424));
#10424 = ORIENTED_EDGE('',*,*,#10425,.T.);
#10425 = EDGE_CURVE('',#10426,#10426,#10428,.T.);
#10426 = VERTEX_POINT('',#10427);
#10427 = CARTESIAN_POINT('',(140.96,-100.81,1.51));
#10428 = CIRCLE('',#10429,2.);
#10429 = AXIS2_PLACEMENT_3D('',#10430,#10431,#10432);
#10430 = CARTESIAN_POINT('',(140.96,-98.81,1.51));
#10431 = DIRECTION('',(-0.,0.,-1.));
#10432 = DIRECTION('',(-0.,-1.,0.));
#10433 = FACE_BOUND('',#10434,.T.);
#10434 = EDGE_LOOP('',(#10435));
#10435 = ORIENTED_EDGE('',*,*,#10436,.T.);
#10436 = EDGE_CURVE('',#10437,#10437,#10439,.T.);
#10437 = VERTEX_POINT('',#10438);
#10438 = CARTESIAN_POINT('',(124.5,-95.75,1.51));
#10439 = CIRCLE('',#10440,0.75);
#10440 = AXIS2_PLACEMENT_3D('',#10441,#10442,#10443);
#10441 = CARTESIAN_POINT('',(124.5,-95.,1.51));
#10442 = DIRECTION('',(-0.,0.,-1.));
#10443 = DIRECTION('',(-0.,-1.,0.));
#10444 = FACE_BOUND('',#10445,.T.);
#10445 = EDGE_LOOP('',(#10446));
#10446 = ORIENTED_EDGE('',*,*,#10447,.T.);
#10447 = EDGE_CURVE('',#10448,#10448,#10450,.T.);
#10448 = VERTEX_POINT('',#10449);
#10449 = CARTESIAN_POINT('',(121.96,-94.58,1.51));
#10450 = CIRCLE('',#10451,0.85);
#10451 = AXIS2_PLACEMENT_3D('',#10452,#10453,#10454);
#10452 = CARTESIAN_POINT('',(121.96,-93.73,1.51));
#10453 = DIRECTION('',(-0.,0.,-1.));
#10454 = DIRECTION('',(-1.671865260612E-14,-1.,0.));
#10455 = FACE_BOUND('',#10456,.T.);
#10456 = EDGE_LOOP('',(#10457));
#10457 = ORIENTED_EDGE('',*,*,#10458,.T.);
#10458 = EDGE_CURVE('',#10459,#10459,#10461,.T.);
#10459 = VERTEX_POINT('',#10460);
#10460 = CARTESIAN_POINT('',(143.5,-95.75,1.51));
#10461 = CIRCLE('',#10462,0.75);
#10462 = AXIS2_PLACEMENT_3D('',#10463,#10464,#10465);
#10463 = CARTESIAN_POINT('',(143.5,-95.,1.51));
#10464 = DIRECTION('',(-0.,0.,-1.));
#10465 = DIRECTION('',(-0.,-1.,0.));
#10466 = FACE_BOUND('',#10467,.T.);
#10467 = EDGE_LOOP('',(#10468));
#10468 = ORIENTED_EDGE('',*,*,#10469,.T.);
#10469 = EDGE_CURVE('',#10470,#10470,#10472,.T.);
#10470 = VERTEX_POINT('',#10471);
#10471 = CARTESIAN_POINT('',(140.96,-94.58,1.51));
#10472 = CIRCLE('',#10473,0.85);
#10473 = AXIS2_PLACEMENT_3D('',#10474,#10475,#10476);
#10474 = CARTESIAN_POINT('',(140.96,-93.73,1.51));
#10475 = DIRECTION('',(-0.,0.,-1.));
#10476 = DIRECTION('',(-0.,-1.,0.));
#10477 = FACE_BOUND('',#10478,.T.);
#10478 = EDGE_LOOP('',(#10479));
#10479 = ORIENTED_EDGE('',*,*,#10480,.T.);
#10480 = EDGE_CURVE('',#10481,#10481,#10483,.T.);
#10481 = VERTEX_POINT('',#10482);
#10482 = CARTESIAN_POINT('',(162.5,-95.83,1.51));
#10483 = CIRCLE('',#10484,0.75);
#10484 = AXIS2_PLACEMENT_3D('',#10485,#10486,#10487);
#10485 = CARTESIAN_POINT('',(162.5,-95.08,1.51));
#10486 = DIRECTION('',(-0.,0.,-1.));
#10487 = DIRECTION('',(-0.,-1.,0.));
#10488 = FACE_BOUND('',#10489,.T.);
#10489 = EDGE_LOOP('',(#10490));
#10490 = ORIENTED_EDGE('',*,*,#10491,.T.);
#10491 = EDGE_CURVE('',#10492,#10492,#10494,.T.);
#10492 = VERTEX_POINT('',#10493);
#10493 = CARTESIAN_POINT('',(159.96,-94.66,1.51));
#10494 = CIRCLE('',#10495,0.85);
#10495 = AXIS2_PLACEMENT_3D('',#10496,#10497,#10498);
#10496 = CARTESIAN_POINT('',(159.96,-93.81,1.51));
#10497 = DIRECTION('',(-0.,0.,-1.));
#10498 = DIRECTION('',(-0.,-1.,0.));
#10499 = FACE_BOUND('',#10500,.T.);
#10500 = EDGE_LOOP('',(#10501));
#10501 = ORIENTED_EDGE('',*,*,#10502,.T.);
#10502 = EDGE_CURVE('',#10503,#10503,#10505,.T.);
#10503 = VERTEX_POINT('',#10504);
#10504 = CARTESIAN_POINT('',(181.5,-95.83,1.51));
#10505 = CIRCLE('',#10506,0.75);
#10506 = AXIS2_PLACEMENT_3D('',#10507,#10508,#10509);
#10507 = CARTESIAN_POINT('',(181.5,-95.08,1.51));
#10508 = DIRECTION('',(-0.,0.,-1.));
#10509 = DIRECTION('',(-0.,-1.,0.));
#10510 = FACE_BOUND('',#10511,.T.);
#10511 = EDGE_LOOP('',(#10512));
#10512 = ORIENTED_EDGE('',*,*,#10513,.T.);
#10513 = EDGE_CURVE('',#10514,#10514,#10516,.T.);
#10514 = VERTEX_POINT('',#10515);
#10515 = CARTESIAN_POINT('',(178.96,-94.66,1.51));
#10516 = CIRCLE('',#10517,0.85);
#10517 = AXIS2_PLACEMENT_3D('',#10518,#10519,#10520);
#10518 = CARTESIAN_POINT('',(178.96,-93.81,1.51));
#10519 = DIRECTION('',(-0.,0.,-1.));
#10520 = DIRECTION('',(-0.,-1.,0.));
#10521 = PLANE('',#10522);
#10522 = AXIS2_PLACEMENT_3D('',#10523,#10524,#10525);
#10523 = CARTESIAN_POINT('',(0.,0.,1.51));
#10524 = DIRECTION('',(0.,0.,1.));
#10525 = DIRECTION('',(1.,0.,-0.));
#10526 = ADVANCED_FACE('',(#10527),#10533,.T.);
#10527 = FACE_BOUND('',#10528,.T.);
#10528 = EDGE_LOOP('',(#10529,#10530,#10531,#10532));
#10529 = ORIENTED_EDGE('',*,*,#10034,.T.);
#10530 = ORIENTED_EDGE('',*,*,#10295,.T.);
#10531 = ORIENTED_EDGE('',*,*,#9994,.F.);
#10532 = ORIENTED_EDGE('',*,*,#10058,.F.);
#10533 = PLANE('',#10534);
#10534 = AXIS2_PLACEMENT_3D('',#10535,#10536,#10537);
#10535 = CARTESIAN_POINT('',(110.8,-84.861475,0.));
#10536 = DIRECTION('',(0.,1.,0.));
#10537 = DIRECTION('',(1.,0.,0.));
#10538 = ADVANCED_FACE('',(#10539),#10550,.F.);
#10539 = FACE_BOUND('',#10540,.T.);
#10540 = EDGE_LOOP('',(#10541,#10542,#10548,#10549));
#10541 = ORIENTED_EDGE('',*,*,#10067,.T.);
#10542 = ORIENTED_EDGE('',*,*,#10543,.T.);
#10543 = EDGE_CURVE('',#10068,#10305,#10544,.T.);
#10544 = LINE('',#10545,#10546);
#10545 = CARTESIAN_POINT('',(121.96,-104.74,-4.6E-02));
#10546 = VECTOR('',#10547,1.);
#10547 = DIRECTION('',(0.,0.,1.));
#10548 = ORIENTED_EDGE('',*,*,#10304,.F.);
#10549 = ORIENTED_EDGE('',*,*,#10543,.F.);
#10550 = CYLINDRICAL_SURFACE('',#10551,0.85);
#10551 = AXIS2_PLACEMENT_3D('',#10552,#10553,#10554);
#10552 = CARTESIAN_POINT('',(121.96,-103.89,-4.6E-02));
#10553 = DIRECTION('',(-0.,-0.,-1.));
#10554 = DIRECTION('',(-1.671865260612E-14,-1.,0.));
#10555 = ADVANCED_FACE('',(#10556),#10567,.F.);
#10556 = FACE_BOUND('',#10557,.T.);
#10557 = EDGE_LOOP('',(#10558,#10559,#10565,#10566));
#10558 = ORIENTED_EDGE('',*,*,#10078,.T.);
#10559 = ORIENTED_EDGE('',*,*,#10560,.T.);
#10560 = EDGE_CURVE('',#10079,#10316,#10561,.T.);
#10561 = LINE('',#10562,#10563);
#10562 = CARTESIAN_POINT('',(140.96,-104.74,-4.6E-02));
#10563 = VECTOR('',#10564,1.);
#10564 = DIRECTION('',(0.,0.,1.));
#10565 = ORIENTED_EDGE('',*,*,#10315,.F.);
#10566 = ORIENTED_EDGE('',*,*,#10560,.F.);
#10567 = CYLINDRICAL_SURFACE('',#10568,0.85);
#10568 = AXIS2_PLACEMENT_3D('',#10569,#10570,#10571);
#10569 = CARTESIAN_POINT('',(140.96,-103.89,-4.6E-02));
#10570 = DIRECTION('',(-0.,-0.,-1.));
#10571 = DIRECTION('',(-0.,-1.,0.));
#10572 = ADVANCED_FACE('',(#10573),#10584,.F.);
#10573 = FACE_BOUND('',#10574,.T.);
#10574 = EDGE_LOOP('',(#10575,#10576,#10582,#10583));
#10575 = ORIENTED_EDGE('',*,*,#10089,.T.);
#10576 = ORIENTED_EDGE('',*,*,#10577,.T.);
#10577 = EDGE_CURVE('',#10090,#10327,#10578,.T.);
#10578 = LINE('',#10579,#10580);
#10579 = CARTESIAN_POINT('',(127.04,-102.1,-4.6E-02));
#10580 = VECTOR('',#10581,1.);
#10581 = DIRECTION('',(0.,0.,1.));
#10582 = ORIENTED_EDGE('',*,*,#10326,.F.);
#10583 = ORIENTED_EDGE('',*,*,#10577,.F.);
#10584 = CYLINDRICAL_SURFACE('',#10585,0.75);
#10585 = AXIS2_PLACEMENT_3D('',#10586,#10587,#10588);
#10586 = CARTESIAN_POINT('',(127.04,-101.35,-4.6E-02));
#10587 = DIRECTION('',(-0.,-0.,-1.));
#10588 = DIRECTION('',(-0.,-1.,0.));
#10589 = ADVANCED_FACE('',(#10590),#10601,.F.);
#10590 = FACE_BOUND('',#10591,.T.);
#10591 = EDGE_LOOP('',(#10592,#10593,#10599,#10600));
#10592 = ORIENTED_EDGE('',*,*,#10100,.T.);
#10593 = ORIENTED_EDGE('',*,*,#10594,.T.);
#10594 = EDGE_CURVE('',#10101,#10338,#10595,.T.);
#10595 = LINE('',#10596,#10597);
#10596 = CARTESIAN_POINT('',(146.04,-102.1,-4.6E-02));
#10597 = VECTOR('',#10598,1.);
#10598 = DIRECTION('',(0.,0.,1.));
#10599 = ORIENTED_EDGE('',*,*,#10337,.F.);
#10600 = ORIENTED_EDGE('',*,*,#10594,.F.);
#10601 = CYLINDRICAL_SURFACE('',#10602,0.75);
#10602 = AXIS2_PLACEMENT_3D('',#10603,#10604,#10605);
#10603 = CARTESIAN_POINT('',(146.04,-101.35,-4.6E-02));
#10604 = DIRECTION('',(-0.,-0.,-1.));
#10605 = DIRECTION('',(-0.,-1.,0.));
#10606 = ADVANCED_FACE('',(#10607),#10618,.F.);
#10607 = FACE_BOUND('',#10608,.T.);
#10608 = EDGE_LOOP('',(#10609,#10610,#10616,#10617));
#10609 = ORIENTED_EDGE('',*,*,#10111,.T.);
#10610 = ORIENTED_EDGE('',*,*,#10611,.T.);
#10611 = EDGE_CURVE('',#10112,#10349,#10612,.T.);
#10612 = LINE('',#10613,#10614);
#10613 = CARTESIAN_POINT('',(159.96,-104.82,-4.6E-02));
#10614 = VECTOR('',#10615,1.);
#10615 = DIRECTION('',(0.,0.,1.));
#10616 = ORIENTED_EDGE('',*,*,#10348,.F.);
#10617 = ORIENTED_EDGE('',*,*,#10611,.F.);
#10618 = CYLINDRICAL_SURFACE('',#10619,0.85);
#10619 = AXIS2_PLACEMENT_3D('',#10620,#10621,#10622);
#10620 = CARTESIAN_POINT('',(159.96,-103.97,-4.6E-02));
#10621 = DIRECTION('',(-0.,-0.,-1.));
#10622 = DIRECTION('',(-0.,-1.,0.));
#10623 = ADVANCED_FACE('',(#10624),#10635,.F.);
#10624 = FACE_BOUND('',#10625,.T.);
#10625 = EDGE_LOOP('',(#10626,#10627,#10633,#10634));
#10626 = ORIENTED_EDGE('',*,*,#10122,.T.);
#10627 = ORIENTED_EDGE('',*,*,#10628,.T.);
#10628 = EDGE_CURVE('',#10123,#10360,#10629,.T.);
#10629 = LINE('',#10630,#10631);
#10630 = CARTESIAN_POINT('',(178.96,-104.82,-4.6E-02));
#10631 = VECTOR('',#10632,1.);
#10632 = DIRECTION('',(0.,0.,1.));
#10633 = ORIENTED_EDGE('',*,*,#10359,.F.);
#10634 = ORIENTED_EDGE('',*,*,#10628,.F.);
#10635 = CYLINDRICAL_SURFACE('',#10636,0.85);
#10636 = AXIS2_PLACEMENT_3D('',#10637,#10638,#10639);
#10637 = CARTESIAN_POINT('',(178.96,-103.97,-4.6E-02));
#10638 = DIRECTION('',(-0.,-0.,-1.));
#10639 = DIRECTION('',(-0.,-1.,0.));
#10640 = ADVANCED_FACE('',(#10641),#10652,.F.);
#10641 = FACE_BOUND('',#10642,.T.);
#10642 = EDGE_LOOP('',(#10643,#10644,#10650,#10651));
#10643 = ORIENTED_EDGE('',*,*,#10133,.T.);
#10644 = ORIENTED_EDGE('',*,*,#10645,.T.);
#10645 = EDGE_CURVE('',#10134,#10371,#10646,.T.);
#10646 = LINE('',#10647,#10648);
#10647 = CARTESIAN_POINT('',(165.04,-102.18,-4.6E-02));
#10648 = VECTOR('',#10649,1.);
#10649 = DIRECTION('',(0.,0.,1.));
#10650 = ORIENTED_EDGE('',*,*,#10370,.F.);
#10651 = ORIENTED_EDGE('',*,*,#10645,.F.);
#10652 = CYLINDRICAL_SURFACE('',#10653,0.75);
#10653 = AXIS2_PLACEMENT_3D('',#10654,#10655,#10656);
#10654 = CARTESIAN_POINT('',(165.04,-101.43,-4.6E-02));
#10655 = DIRECTION('',(-0.,-0.,-1.));
#10656 = DIRECTION('',(-0.,-1.,0.));
#10657 = ADVANCED_FACE('',(#10658),#10669,.F.);
#10658 = FACE_BOUND('',#10659,.T.);
#10659 = EDGE_LOOP('',(#10660,#10661,#10667,#10668));
#10660 = ORIENTED_EDGE('',*,*,#10144,.T.);
#10661 = ORIENTED_EDGE('',*,*,#10662,.T.);
#10662 = EDGE_CURVE('',#10145,#10382,#10663,.T.);
#10663 = LINE('',#10664,#10665);
#10664 = CARTESIAN_POINT('',(159.96,-100.89,-4.6E-02));
#10665 = VECTOR('',#10666,1.);
#10666 = DIRECTION('',(0.,0.,1.));
#10667 = ORIENTED_EDGE('',*,*,#10381,.F.);
#10668 = ORIENTED_EDGE('',*,*,#10662,.F.);
#10669 = CYLINDRICAL_SURFACE('',#10670,2.);
#10670 = AXIS2_PLACEMENT_3D('',#10671,#10672,#10673);
#10671 = CARTESIAN_POINT('',(159.96,-98.89,-4.6E-02));
#10672 = DIRECTION('',(-0.,-0.,-1.));
#10673 = DIRECTION('',(-0.,-1.,0.));
#10674 = ADVANCED_FACE('',(#10675),#10686,.F.);
#10675 = FACE_BOUND('',#10676,.T.);
#10676 = EDGE_LOOP('',(#10677,#10678,#10684,#10685));
#10677 = ORIENTED_EDGE('',*,*,#10155,.T.);
#10678 = ORIENTED_EDGE('',*,*,#10679,.T.);
#10679 = EDGE_CURVE('',#10156,#10393,#10680,.T.);
#10680 = LINE('',#10681,#10682);
#10681 = CARTESIAN_POINT('',(184.04,-102.18,-4.6E-02));
#10682 = VECTOR('',#10683,1.);
#10683 = DIRECTION('',(0.,0.,1.));
#10684 = ORIENTED_EDGE('',*,*,#10392,.F.);
#10685 = ORIENTED_EDGE('',*,*,#10679,.F.);
#10686 = CYLINDRICAL_SURFACE('',#10687,0.75);
#10687 = AXIS2_PLACEMENT_3D('',#10688,#10689,#10690);
#10688 = CARTESIAN_POINT('',(184.04,-101.43,-4.6E-02));
#10689 = DIRECTION('',(-0.,-0.,-1.));
#10690 = DIRECTION('',(-0.,-1.,0.));
#10691 = ADVANCED_FACE('',(#10692),#10703,.F.);
#10692 = FACE_BOUND('',#10693,.T.);
#10693 = EDGE_LOOP('',(#10694,#10695,#10701,#10702));
#10694 = ORIENTED_EDGE('',*,*,#10166,.T.);
#10695 = ORIENTED_EDGE('',*,*,#10696,.T.);
#10696 = EDGE_CURVE('',#10167,#10404,#10697,.T.);
#10697 = LINE('',#10698,#10699);
#10698 = CARTESIAN_POINT('',(178.96,-100.89,-4.6E-02));
#10699 = VECTOR('',#10700,1.);
#10700 = DIRECTION('',(0.,0.,1.));
#10701 = ORIENTED_EDGE('',*,*,#10403,.F.);
#10702 = ORIENTED_EDGE('',*,*,#10696,.F.);
#10703 = CYLINDRICAL_SURFACE('',#10704,2.);
#10704 = AXIS2_PLACEMENT_3D('',#10705,#10706,#10707);
#10705 = CARTESIAN_POINT('',(178.96,-98.89,-4.6E-02));
#10706 = DIRECTION('',(-0.,-0.,-1.));
#10707 = DIRECTION('',(-0.,-1.,0.));
#10708 = ADVANCED_FACE('',(#10709),#10720,.F.);
#10709 = FACE_BOUND('',#10710,.T.);
#10710 = EDGE_LOOP('',(#10711,#10712,#10718,#10719));
#10711 = ORIENTED_EDGE('',*,*,#10177,.T.);
#10712 = ORIENTED_EDGE('',*,*,#10713,.T.);
#10713 = EDGE_CURVE('',#10178,#10415,#10714,.T.);
#10714 = LINE('',#10715,#10716);
#10715 = CARTESIAN_POINT('',(121.96,-100.81,-4.6E-02));
#10716 = VECTOR('',#10717,1.);
#10717 = DIRECTION('',(0.,0.,1.));
#10718 = ORIENTED_EDGE('',*,*,#10414,.F.);
#10719 = ORIENTED_EDGE('',*,*,#10713,.F.);
#10720 = CYLINDRICAL_SURFACE('',#10721,2.);
#10721 = AXIS2_PLACEMENT_3D('',#10722,#10723,#10724);
#10722 = CARTESIAN_POINT('',(121.96,-98.81,-4.6E-02));
#10723 = DIRECTION('',(-0.,-0.,-1.));
#10724 = DIRECTION('',(-0.,-1.,0.));
#10725 = ADVANCED_FACE('',(#10726),#10737,.F.);
#10726 = FACE_BOUND('',#10727,.T.);
#10727 = EDGE_LOOP('',(#10728,#10729,#10735,#10736));
#10728 = ORIENTED_EDGE('',*,*,#10188,.T.);
#10729 = ORIENTED_EDGE('',*,*,#10730,.T.);
#10730 = EDGE_CURVE('',#10189,#10426,#10731,.T.);
#10731 = LINE('',#10732,#10733);
#10732 = CARTESIAN_POINT('',(140.96,-100.81,-4.6E-02));
#10733 = VECTOR('',#10734,1.);
#10734 = DIRECTION('',(0.,0.,1.));
#10735 = ORIENTED_EDGE('',*,*,#10425,.F.);
#10736 = ORIENTED_EDGE('',*,*,#10730,.F.);
#10737 = CYLINDRICAL_SURFACE('',#10738,2.);
#10738 = AXIS2_PLACEMENT_3D('',#10739,#10740,#10741);
#10739 = CARTESIAN_POINT('',(140.96,-98.81,-4.6E-02));
#10740 = DIRECTION('',(-0.,-0.,-1.));
#10741 = DIRECTION('',(-0.,-1.,0.));
#10742 = ADVANCED_FACE('',(#10743),#10754,.F.);
#10743 = FACE_BOUND('',#10744,.T.);
#10744 = EDGE_LOOP('',(#10745,#10746,#10752,#10753));
#10745 = ORIENTED_EDGE('',*,*,#10199,.T.);
#10746 = ORIENTED_EDGE('',*,*,#10747,.T.);
#10747 = EDGE_CURVE('',#10200,#10437,#10748,.T.);
#10748 = LINE('',#10749,#10750);
#10749 = CARTESIAN_POINT('',(124.5,-95.75,-4.6E-02));
#10750 = VECTOR('',#10751,1.);
#10751 = DIRECTION('',(0.,0.,1.));
#10752 = ORIENTED_EDGE('',*,*,#10436,.F.);
#10753 = ORIENTED_EDGE('',*,*,#10747,.F.);
#10754 = CYLINDRICAL_SURFACE('',#10755,0.75);
#10755 = AXIS2_PLACEMENT_3D('',#10756,#10757,#10758);
#10756 = CARTESIAN_POINT('',(124.5,-95.,-4.6E-02));
#10757 = DIRECTION('',(-0.,-0.,-1.));
#10758 = DIRECTION('',(-0.,-1.,0.));
#10759 = ADVANCED_FACE('',(#10760),#10771,.F.);
#10760 = FACE_BOUND('',#10761,.T.);
#10761 = EDGE_LOOP('',(#10762,#10763,#10769,#10770));
#10762 = ORIENTED_EDGE('',*,*,#10210,.T.);
#10763 = ORIENTED_EDGE('',*,*,#10764,.T.);
#10764 = EDGE_CURVE('',#10211,#10448,#10765,.T.);
#10765 = LINE('',#10766,#10767);
#10766 = CARTESIAN_POINT('',(121.96,-94.58,-4.6E-02));
#10767 = VECTOR('',#10768,1.);
#10768 = DIRECTION('',(0.,0.,1.));
#10769 = ORIENTED_EDGE('',*,*,#10447,.F.);
#10770 = ORIENTED_EDGE('',*,*,#10764,.F.);
#10771 = CYLINDRICAL_SURFACE('',#10772,0.85);
#10772 = AXIS2_PLACEMENT_3D('',#10773,#10774,#10775);
#10773 = CARTESIAN_POINT('',(121.96,-93.73,-4.6E-02));
#10774 = DIRECTION('',(-0.,-0.,-1.));
#10775 = DIRECTION('',(-1.671865260612E-14,-1.,0.));
#10776 = ADVANCED_FACE('',(#10777),#10788,.F.);
#10777 = FACE_BOUND('',#10778,.T.);
#10778 = EDGE_LOOP('',(#10779,#10780,#10786,#10787));
#10779 = ORIENTED_EDGE('',*,*,#10221,.T.);
#10780 = ORIENTED_EDGE('',*,*,#10781,.T.);
#10781 = EDGE_CURVE('',#10222,#10459,#10782,.T.);
#10782 = LINE('',#10783,#10784);
#10783 = CARTESIAN_POINT('',(143.5,-95.75,-4.6E-02));
#10784 = VECTOR('',#10785,1.);
#10785 = DIRECTION('',(0.,0.,1.));
#10786 = ORIENTED_EDGE('',*,*,#10458,.F.);
#10787 = ORIENTED_EDGE('',*,*,#10781,.F.);
#10788 = CYLINDRICAL_SURFACE('',#10789,0.75);
#10789 = AXIS2_PLACEMENT_3D('',#10790,#10791,#10792);
#10790 = CARTESIAN_POINT('',(143.5,-95.,-4.6E-02));
#10791 = DIRECTION('',(-0.,-0.,-1.));
#10792 = DIRECTION('',(-0.,-1.,0.));
#10793 = ADVANCED_FACE('',(#10794),#10805,.F.);
#10794 = FACE_BOUND('',#10795,.T.);
#10795 = EDGE_LOOP('',(#10796,#10797,#10803,#10804));
#10796 = ORIENTED_EDGE('',*,*,#10232,.T.);
#10797 = ORIENTED_EDGE('',*,*,#10798,.T.);
#10798 = EDGE_CURVE('',#10233,#10470,#10799,.T.);
#10799 = LINE('',#10800,#10801);
#10800 = CARTESIAN_POINT('',(140.96,-94.58,-4.6E-02));
#10801 = VECTOR('',#10802,1.);
#10802 = DIRECTION('',(0.,0.,1.));
#10803 = ORIENTED_EDGE('',*,*,#10469,.F.);
#10804 = ORIENTED_EDGE('',*,*,#10798,.F.);
#10805 = CYLINDRICAL_SURFACE('',#10806,0.85);
#10806 = AXIS2_PLACEMENT_3D('',#10807,#10808,#10809);
#10807 = CARTESIAN_POINT('',(140.96,-93.73,-4.6E-02));
#10808 = DIRECTION('',(-0.,-0.,-1.));
#10809 = DIRECTION('',(-0.,-1.,0.));
#10810 = ADVANCED_FACE('',(#10811),#10822,.F.);
#10811 = FACE_BOUND('',#10812,.T.);
#10812 = EDGE_LOOP('',(#10813,#10814,#10820,#10821));
#10813 = ORIENTED_EDGE('',*,*,#10243,.T.);
#10814 = ORIENTED_EDGE('',*,*,#10815,.T.);
#10815 = EDGE_CURVE('',#10244,#10481,#10816,.T.);
#10816 = LINE('',#10817,#10818);
#10817 = CARTESIAN_POINT('',(162.5,-95.83,-4.6E-02));
#10818 = VECTOR('',#10819,1.);
#10819 = DIRECTION('',(0.,0.,1.));
#10820 = ORIENTED_EDGE('',*,*,#10480,.F.);
#10821 = ORIENTED_EDGE('',*,*,#10815,.F.);
#10822 = CYLINDRICAL_SURFACE('',#10823,0.75);
#10823 = AXIS2_PLACEMENT_3D('',#10824,#10825,#10826);
#10824 = CARTESIAN_POINT('',(162.5,-95.08,-4.6E-02));
#10825 = DIRECTION('',(-0.,-0.,-1.));
#10826 = DIRECTION('',(-0.,-1.,0.));
#10827 = ADVANCED_FACE('',(#10828),#10839,.F.);
#10828 = FACE_BOUND('',#10829,.T.);
#10829 = EDGE_LOOP('',(#10830,#10831,#10837,#10838));
#10830 = ORIENTED_EDGE('',*,*,#10254,.T.);
#10831 = ORIENTED_EDGE('',*,*,#10832,.T.);
#10832 = EDGE_CURVE('',#10255,#10492,#10833,.T.);
#10833 = LINE('',#10834,#10835);
#10834 = CARTESIAN_POINT('',(159.96,-94.66,-4.6E-02));
#10835 = VECTOR('',#10836,1.);
#10836 = DIRECTION('',(0.,0.,1.));
#10837 = ORIENTED_EDGE('',*,*,#10491,.F.);
#10838 = ORIENTED_EDGE('',*,*,#10832,.F.);
#10839 = CYLINDRICAL_SURFACE('',#10840,0.85);
#10840 = AXIS2_PLACEMENT_3D('',#10841,#10842,#10843);
#10841 = CARTESIAN_POINT('',(159.96,-93.81,-4.6E-02));
#10842 = DIRECTION('',(-0.,-0.,-1.));
#10843 = DIRECTION('',(-0.,-1.,0.));
#10844 = ADVANCED_FACE('',(#10845),#10856,.F.);
#10845 = FACE_BOUND('',#10846,.T.);
#10846 = EDGE_LOOP('',(#10847,#10848,#10854,#10855));
#10847 = ORIENTED_EDGE('',*,*,#10265,.T.);
#10848 = ORIENTED_EDGE('',*,*,#10849,.T.);
#10849 = EDGE_CURVE('',#10266,#10503,#10850,.T.);
#10850 = LINE('',#10851,#10852);
#10851 = CARTESIAN_POINT('',(181.5,-95.83,-4.6E-02));
#10852 = VECTOR('',#10853,1.);
#10853 = DIRECTION('',(0.,0.,1.));
#10854 = ORIENTED_EDGE('',*,*,#10502,.F.);
#10855 = ORIENTED_EDGE('',*,*,#10849,.F.);
#10856 = CYLINDRICAL_SURFACE('',#10857,0.75);
#10857 = AXIS2_PLACEMENT_3D('',#10858,#10859,#10860);
#10858 = CARTESIAN_POINT('',(181.5,-95.08,-4.6E-02));
#10859 = DIRECTION('',(-0.,-0.,-1.));
#10860 = DIRECTION('',(-0.,-1.,0.));
#10861 = ADVANCED_FACE('',(#10862),#10873,.F.);
#10862 = FACE_BOUND('',#10863,.T.);
#10863 = EDGE_LOOP('',(#10864,#10865,#10871,#10872));
#10864 = ORIENTED_EDGE('',*,*,#10276,.T.);
#10865 = ORIENTED_EDGE('',*,*,#10866,.T.);
#10866 = EDGE_CURVE('',#10277,#10514,#10867,.T.);
#10867 = LINE('',#10868,#10869);
#10868 = CARTESIAN_POINT('',(178.96,-94.66,-4.6E-02));
#10869 = VECTOR('',#10870,1.);
#10870 = DIRECTION('',(0.,0.,1.));
#10871 = ORIENTED_EDGE('',*,*,#10513,.F.);
#10872 = ORIENTED_EDGE('',*,*,#10866,.F.);
#10873 = CYLINDRICAL_SURFACE('',#10874,0.85);
#10874 = AXIS2_PLACEMENT_3D('',#10875,#10876,#10877);
#10875 = CARTESIAN_POINT('',(178.96,-93.81,-4.6E-02));
#10876 = DIRECTION('',(-0.,-0.,-1.));
#10877 = DIRECTION('',(-0.,-1.,0.));
#10878 = ( GEOMETRIC_REPRESENTATION_CONTEXT(3) 
GLOBAL_UNCERTAINTY_ASSIGNED_CONTEXT((#10882)) 
GLOBAL_UNIT_ASSIGNED_CONTEXT((#10879,#10880,#10881)) 
REPRESENTATION_CONTEXT('Context #1',
  '3D Context with UNIT and UNCERTAINTY') );
#10879 = ( LENGTH_UNIT() NAMED_UNIT(*) SI_UNIT(.MILLI.,.METRE.) );
#10880 = ( NAMED_UNIT(*) PLANE_ANGLE_UNIT() SI_UNIT($,.RADIAN.) );
#10881 = ( NAMED_UNIT(*) SI_UNIT($,.STERADIAN.) SOLID_ANGLE_UNIT() );
#10882 = UNCERTAINTY_MEASURE_WITH_UNIT(LENGTH_MEASURE(1.E-07),#10879,
  'distance_accuracy_value','confusion accuracy');
#10883 = CONTEXT_DEPENDENT_SHAPE_REPRESENTATION(#10884,#10886);
#10884 = ( REPRESENTATION_RELATIONSHIP('','',#9947,#10) 
REPRESENTATION_RELATIONSHIP_WITH_TRANSFORMATION(#10885) 
SHAPE_REPRESENTATION_RELATIONSHIP() );
#10885 = ITEM_DEFINED_TRANSFORMATION('','',#11,#27);
#10886 = PRODUCT_DEFINITION_SHAPE('Placement','Placement of an item',
  #10887);
#10887 = NEXT_ASSEMBLY_USAGE_OCCURRENCE('4','=>[0:1:1:5]','',#5,#9942,$
  );
#10888 = PRODUCT_RELATED_PRODUCT_CATEGORY('part',$,(#9944));
#10889 = MECHANICAL_DESIGN_GEOMETRIC_PRESENTATION_REPRESENTATION('',(
    #10890),#9648);
#10890 = STYLED_ITEM('color',(#10891),#9388);
#10891 = PRESENTATION_STYLE_ASSIGNMENT((#10892));
#10892 = SURFACE_STYLE_USAGE(.BOTH.,#10893);
#10893 = SURFACE_SIDE_STYLE('',(#10894,#10898));
#10894 = SURFACE_STYLE_FILL_AREA(#10895);
#10895 = FILL_AREA_STYLE('',(#10896));
#10896 = FILL_AREA_STYLE_COLOUR('',#10897);
#10897 = COLOUR_RGB('',0.313304153717,0.484529207832,0.410020903123);
#10898 = SURFACE_STYLE_RENDERING_WITH_PROPERTIES(.NORMAL_SHADING.,#10897
  ,(#10899));
#10899 = SURFACE_STYLE_TRANSPARENT(0.170000016689);
#10900 = MECHANICAL_DESIGN_GEOMETRIC_PRESENTATION_REPRESENTATION('',(
    #10901,#10911,#10920,#10929,#10938,#10947,#10956,#10965,#10974,
    #10983,#10992,#11001,#11010,#11019,#11028,#11037,#11046,#11055,
    #11064,#11073,#11082,#11091,#11100,#11109,#11118,#11127,#11136,
    #11145,#11154,#11163,#11172,#11181,#11190,#11199,#11208,#11217,
    #11226,#11235,#11244,#11253,#11262,#11271,#11280,#11289,#11298,
    #11307,#11316,#11325,#11334,#11343,#11352,#11361,#11370,#11379,
    #11388,#11397,#11406,#11415,#11424,#11433,#11442),#9367);
#10901 = STYLED_ITEM('color',(#10902),#47);
#10902 = PRESENTATION_STYLE_ASSIGNMENT((#10903));
#10903 = SURFACE_STYLE_USAGE(.BOTH.,#10904);
#10904 = SURFACE_SIDE_STYLE('',(#10905,#10909));
#10905 = SURFACE_STYLE_FILL_AREA(#10906);
#10906 = FILL_AREA_STYLE('',(#10907));
#10907 = FILL_AREA_STYLE_COLOUR('',#10908);
#10908 = DRAUGHTING_PRE_DEFINED_COLOUR('white');
#10909 = SURFACE_STYLE_RENDERING_WITH_PROPERTIES(.NORMAL_SHADING.,#10908
  ,(#10910));
#10910 = SURFACE_STYLE_TRANSPARENT(0.100000023842);
#10911 = STYLED_ITEM('color',(#10912),#66);
#10912 = PRESENTATION_STYLE_ASSIGNMENT((#10913));
#10913 = SURFACE_STYLE_USAGE(.BOTH.,#10914);
#10914 = SURFACE_SIDE_STYLE('',(#10915,#10918));
#10915 = SURFACE_STYLE_FILL_AREA(#10916);
#10916 = FILL_AREA_STYLE('',(#10917));
#10917 = FILL_AREA_STYLE_COLOUR('',#10908);
#10918 = SURFACE_STYLE_RENDERING_WITH_PROPERTIES(.NORMAL_SHADING.,#10908
  ,(#10919));
#10919 = SURFACE_STYLE_TRANSPARENT(0.100000023842);
#10920 = STYLED_ITEM('color',(#10921),#399);
#10921 = PRESENTATION_STYLE_ASSIGNMENT((#10922));
#10922 = SURFACE_STYLE_USAGE(.BOTH.,#10923);
#10923 = SURFACE_SIDE_STYLE('',(#10924,#10927));
#10924 = SURFACE_STYLE_FILL_AREA(#10925);
#10925 = FILL_AREA_STYLE('',(#10926));
#10926 = FILL_AREA_STYLE_COLOUR('',#10908);
#10927 = SURFACE_STYLE_RENDERING_WITH_PROPERTIES(.NORMAL_SHADING.,#10908
  ,(#10928));
#10928 = SURFACE_STYLE_TRANSPARENT(0.100000023842);
#10929 = STYLED_ITEM('color',(#10930),#499);
#10930 = PRESENTATION_STYLE_ASSIGNMENT((#10931));
#10931 = SURFACE_STYLE_USAGE(.BOTH.,#10932);
#10932 = SURFACE_SIDE_STYLE('',(#10933,#10936));
#10933 = SURFACE_STYLE_FILL_AREA(#10934);
#10934 = FILL_AREA_STYLE('',(#10935));
#10935 = FILL_AREA_STYLE_COLOUR('',#10908);
#10936 = SURFACE_STYLE_RENDERING_WITH_PROPERTIES(.NORMAL_SHADING.,#10908
  ,(#10937));
#10937 = SURFACE_STYLE_TRANSPARENT(0.100000023842);
#10938 = STYLED_ITEM('color',(#10939),#617);
#10939 = PRESENTATION_STYLE_ASSIGNMENT((#10940));
#10940 = SURFACE_STYLE_USAGE(.BOTH.,#10941);
#10941 = SURFACE_SIDE_STYLE('',(#10942,#10945));
#10942 = SURFACE_STYLE_FILL_AREA(#10943);
#10943 = FILL_AREA_STYLE('',(#10944));
#10944 = FILL_AREA_STYLE_COLOUR('',#10908);
#10945 = SURFACE_STYLE_RENDERING_WITH_PROPERTIES(.NORMAL_SHADING.,#10908
  ,(#10946));
#10946 = SURFACE_STYLE_TRANSPARENT(0.100000023842);
#10947 = STYLED_ITEM('color',(#10948),#818);
#10948 = PRESENTATION_STYLE_ASSIGNMENT((#10949));
#10949 = SURFACE_STYLE_USAGE(.BOTH.,#10950);
#10950 = SURFACE_SIDE_STYLE('',(#10951,#10954));
#10951 = SURFACE_STYLE_FILL_AREA(#10952);
#10952 = FILL_AREA_STYLE('',(#10953));
#10953 = FILL_AREA_STYLE_COLOUR('',#10908);
#10954 = SURFACE_STYLE_RENDERING_WITH_PROPERTIES(.NORMAL_SHADING.,#10908
  ,(#10955));
#10955 = SURFACE_STYLE_TRANSPARENT(0.100000023842);
#10956 = STYLED_ITEM('color',(#10957),#992);
#10957 = PRESENTATION_STYLE_ASSIGNMENT((#10958));
#10958 = SURFACE_STYLE_USAGE(.BOTH.,#10959);
#10959 = SURFACE_SIDE_STYLE('',(#10960,#10963));
#10960 = SURFACE_STYLE_FILL_AREA(#10961);
#10961 = FILL_AREA_STYLE('',(#10962));
#10962 = FILL_AREA_STYLE_COLOUR('',#10908);
#10963 = SURFACE_STYLE_RENDERING_WITH_PROPERTIES(.NORMAL_SHADING.,#10908
  ,(#10964));
#10964 = SURFACE_STYLE_TRANSPARENT(0.100000023842);
#10965 = STYLED_ITEM('color',(#10966),#1287);
#10966 = PRESENTATION_STYLE_ASSIGNMENT((#10967));
#10967 = SURFACE_STYLE_USAGE(.BOTH.,#10968);
#10968 = SURFACE_SIDE_STYLE('',(#10969,#10972));
#10969 = SURFACE_STYLE_FILL_AREA(#10970);
#10970 = FILL_AREA_STYLE('',(#10971));
#10971 = FILL_AREA_STYLE_COLOUR('',#10908);
#10972 = SURFACE_STYLE_RENDERING_WITH_PROPERTIES(.NORMAL_SHADING.,#10908
  ,(#10973));
#10973 = SURFACE_STYLE_TRANSPARENT(0.100000023842);
#10974 = STYLED_ITEM('color',(#10975),#1356);
#10975 = PRESENTATION_STYLE_ASSIGNMENT((#10976));
#10976 = SURFACE_STYLE_USAGE(.BOTH.,#10977);
#10977 = SURFACE_SIDE_STYLE('',(#10978,#10981));
#10978 = SURFACE_STYLE_FILL_AREA(#10979);
#10979 = FILL_AREA_STYLE('',(#10980));
#10980 = FILL_AREA_STYLE_COLOUR('',#10908);
#10981 = SURFACE_STYLE_RENDERING_WITH_PROPERTIES(.NORMAL_SHADING.,#10908
  ,(#10982));
#10982 = SURFACE_STYLE_TRANSPARENT(0.100000023842);
#10983 = STYLED_ITEM('color',(#10984),#1466);
#10984 = PRESENTATION_STYLE_ASSIGNMENT((#10985));
#10985 = SURFACE_STYLE_USAGE(.BOTH.,#10986);
#10986 = SURFACE_SIDE_STYLE('',(#10987,#10990));
#10987 = SURFACE_STYLE_FILL_AREA(#10988);
#10988 = FILL_AREA_STYLE('',(#10989));
#10989 = FILL_AREA_STYLE_COLOUR('',#10908);
#10990 = SURFACE_STYLE_RENDERING_WITH_PROPERTIES(.NORMAL_SHADING.,#10908
  ,(#10991));
#10991 = SURFACE_STYLE_TRANSPARENT(0.100000023842);
#10992 = STYLED_ITEM('color',(#10993),#1552);
#10993 = PRESENTATION_STYLE_ASSIGNMENT((#10994));
#10994 = SURFACE_STYLE_USAGE(.BOTH.,#10995);
#10995 = SURFACE_SIDE_STYLE('',(#10996,#10999));
#10996 = SURFACE_STYLE_FILL_AREA(#10997);
#10997 = FILL_AREA_STYLE('',(#10998));
#10998 = FILL_AREA_STYLE_COLOUR('',#10908);
#10999 = SURFACE_STYLE_RENDERING_WITH_PROPERTIES(.NORMAL_SHADING.,#10908
  ,(#11000));
#11000 = SURFACE_STYLE_TRANSPARENT(0.100000023842);
#11001 = STYLED_ITEM('color',(#11002),#1702);
#11002 = PRESENTATION_STYLE_ASSIGNMENT((#11003));
#11003 = SURFACE_STYLE_USAGE(.BOTH.,#11004);
#11004 = SURFACE_SIDE_STYLE('',(#11005,#11008));
#11005 = SURFACE_STYLE_FILL_AREA(#11006);
#11006 = FILL_AREA_STYLE('',(#11007));
#11007 = FILL_AREA_STYLE_COLOUR('',#10908);
#11008 = SURFACE_STYLE_RENDERING_WITH_PROPERTIES(.NORMAL_SHADING.,#10908
  ,(#11009));
#11009 = SURFACE_STYLE_TRANSPARENT(0.100000023842);
#11010 = STYLED_ITEM('color',(#11011),#1862);
#11011 = PRESENTATION_STYLE_ASSIGNMENT((#11012));
#11012 = SURFACE_STYLE_USAGE(.BOTH.,#11013);
#11013 = SURFACE_SIDE_STYLE('',(#11014,#11017));
#11014 = SURFACE_STYLE_FILL_AREA(#11015);
#11015 = FILL_AREA_STYLE('',(#11016));
#11016 = FILL_AREA_STYLE_COLOUR('',#10908);
#11017 = SURFACE_STYLE_RENDERING_WITH_PROPERTIES(.NORMAL_SHADING.,#10908
  ,(#11018));
#11018 = SURFACE_STYLE_TRANSPARENT(0.100000023842);
#11019 = STYLED_ITEM('color',(#11020),#1948);
#11020 = PRESENTATION_STYLE_ASSIGNMENT((#11021));
#11021 = SURFACE_STYLE_USAGE(.BOTH.,#11022);
#11022 = SURFACE_SIDE_STYLE('',(#11023,#11026));
#11023 = SURFACE_STYLE_FILL_AREA(#11024);
#11024 = FILL_AREA_STYLE('',(#11025));
#11025 = FILL_AREA_STYLE_COLOUR('',#10908);
#11026 = SURFACE_STYLE_RENDERING_WITH_PROPERTIES(.NORMAL_SHADING.,#10908
  ,(#11027));
#11027 = SURFACE_STYLE_TRANSPARENT(0.100000023842);
#11028 = STYLED_ITEM('color',(#11029),#2218);
#11029 = PRESENTATION_STYLE_ASSIGNMENT((#11030));
#11030 = SURFACE_STYLE_USAGE(.BOTH.,#11031);
#11031 = SURFACE_SIDE_STYLE('',(#11032,#11035));
#11032 = SURFACE_STYLE_FILL_AREA(#11033);
#11033 = FILL_AREA_STYLE('',(#11034));
#11034 = FILL_AREA_STYLE_COLOUR('',#10908);
#11035 = SURFACE_STYLE_RENDERING_WITH_PROPERTIES(.NORMAL_SHADING.,#10908
  ,(#11036));
#11036 = SURFACE_STYLE_TRANSPARENT(0.100000023842);
#11037 = STYLED_ITEM('color',(#11038),#2404);
#11038 = PRESENTATION_STYLE_ASSIGNMENT((#11039));
#11039 = SURFACE_STYLE_USAGE(.BOTH.,#11040);
#11040 = SURFACE_SIDE_STYLE('',(#11041,#11044));
#11041 = SURFACE_STYLE_FILL_AREA(#11042);
#11042 = FILL_AREA_STYLE('',(#11043));
#11043 = FILL_AREA_STYLE_COLOUR('',#10908);
#11044 = SURFACE_STYLE_RENDERING_WITH_PROPERTIES(.NORMAL_SHADING.,#10908
  ,(#11045));
#11045 = SURFACE_STYLE_TRANSPARENT(0.100000023842);
#11046 = STYLED_ITEM('color',(#11047),#2590);
#11047 = PRESENTATION_STYLE_ASSIGNMENT((#11048));
#11048 = SURFACE_STYLE_USAGE(.BOTH.,#11049);
#11049 = SURFACE_SIDE_STYLE('',(#11050,#11053));
#11050 = SURFACE_STYLE_FILL_AREA(#11051);
#11051 = FILL_AREA_STYLE('',(#11052));
#11052 = FILL_AREA_STYLE_COLOUR('',#10908);
#11053 = SURFACE_STYLE_RENDERING_WITH_PROPERTIES(.NORMAL_SHADING.,#10908
  ,(#11054));
#11054 = SURFACE_STYLE_TRANSPARENT(0.100000023842);
#11055 = STYLED_ITEM('color',(#11056),#2860);
#11056 = PRESENTATION_STYLE_ASSIGNMENT((#11057));
#11057 = SURFACE_STYLE_USAGE(.BOTH.,#11058);
#11058 = SURFACE_SIDE_STYLE('',(#11059,#11062));
#11059 = SURFACE_STYLE_FILL_AREA(#11060);
#11060 = FILL_AREA_STYLE('',(#11061));
#11061 = FILL_AREA_STYLE_COLOUR('',#10908);
#11062 = SURFACE_STYLE_RENDERING_WITH_PROPERTIES(.NORMAL_SHADING.,#10908
  ,(#11063));
#11063 = SURFACE_STYLE_TRANSPARENT(0.100000023842);
#11064 = STYLED_ITEM('color',(#11065),#3012);
#11065 = PRESENTATION_STYLE_ASSIGNMENT((#11066));
#11066 = SURFACE_STYLE_USAGE(.BOTH.,#11067);
#11067 = SURFACE_SIDE_STYLE('',(#11068,#11071));
#11068 = SURFACE_STYLE_FILL_AREA(#11069);
#11069 = FILL_AREA_STYLE('',(#11070));
#11070 = FILL_AREA_STYLE_COLOUR('',#10908);
#11071 = SURFACE_STYLE_RENDERING_WITH_PROPERTIES(.NORMAL_SHADING.,#10908
  ,(#11072));
#11072 = SURFACE_STYLE_TRANSPARENT(0.100000023842);
#11073 = STYLED_ITEM('color',(#11074),#3112);
#11074 = PRESENTATION_STYLE_ASSIGNMENT((#11075));
#11075 = SURFACE_STYLE_USAGE(.BOTH.,#11076);
#11076 = SURFACE_SIDE_STYLE('',(#11077,#11080));
#11077 = SURFACE_STYLE_FILL_AREA(#11078);
#11078 = FILL_AREA_STYLE('',(#11079));
#11079 = FILL_AREA_STYLE_COLOUR('',#10908);
#11080 = SURFACE_STYLE_RENDERING_WITH_PROPERTIES(.NORMAL_SHADING.,#10908
  ,(#11081));
#11081 = SURFACE_STYLE_TRANSPARENT(0.100000023842);
#11082 = STYLED_ITEM('color',(#11083),#3278);
#11083 = PRESENTATION_STYLE_ASSIGNMENT((#11084));
#11084 = SURFACE_STYLE_USAGE(.BOTH.,#11085);
#11085 = SURFACE_SIDE_STYLE('',(#11086,#11089));
#11086 = SURFACE_STYLE_FILL_AREA(#11087);
#11087 = FILL_AREA_STYLE('',(#11088));
#11088 = FILL_AREA_STYLE_COLOUR('',#10908);
#11089 = SURFACE_STYLE_RENDERING_WITH_PROPERTIES(.NORMAL_SHADING.,#10908
  ,(#11090));
#11090 = SURFACE_STYLE_TRANSPARENT(0.100000023842);
#11091 = STYLED_ITEM('color',(#11092),#3330);
#11092 = PRESENTATION_STYLE_ASSIGNMENT((#11093));
#11093 = SURFACE_STYLE_USAGE(.BOTH.,#11094);
#11094 = SURFACE_SIDE_STYLE('',(#11095,#11098));
#11095 = SURFACE_STYLE_FILL_AREA(#11096);
#11096 = FILL_AREA_STYLE('',(#11097));
#11097 = FILL_AREA_STYLE_COLOUR('',#10908);
#11098 = SURFACE_STYLE_RENDERING_WITH_PROPERTIES(.NORMAL_SHADING.,#10908
  ,(#11099));
#11099 = SURFACE_STYLE_TRANSPARENT(0.100000023842);
#11100 = STYLED_ITEM('color',(#11101),#3601);
#11101 = PRESENTATION_STYLE_ASSIGNMENT((#11102));
#11102 = SURFACE_STYLE_USAGE(.BOTH.,#11103);
#11103 = SURFACE_SIDE_STYLE('',(#11104,#11107));
#11104 = SURFACE_STYLE_FILL_AREA(#11105);
#11105 = FILL_AREA_STYLE('',(#11106));
#11106 = FILL_AREA_STYLE_COLOUR('',#10908);
#11107 = SURFACE_STYLE_RENDERING_WITH_PROPERTIES(.NORMAL_SHADING.,#10908
  ,(#11108));
#11108 = SURFACE_STYLE_TRANSPARENT(0.100000023842);
#11109 = STYLED_ITEM('color',(#11110),#3653);
#11110 = PRESENTATION_STYLE_ASSIGNMENT((#11111));
#11111 = SURFACE_STYLE_USAGE(.BOTH.,#11112);
#11112 = SURFACE_SIDE_STYLE('',(#11113,#11116));
#11113 = SURFACE_STYLE_FILL_AREA(#11114);
#11114 = FILL_AREA_STYLE('',(#11115));
#11115 = FILL_AREA_STYLE_COLOUR('',#10908);
#11116 = SURFACE_STYLE_RENDERING_WITH_PROPERTIES(.NORMAL_SHADING.,#10908
  ,(#11117));
#11117 = SURFACE_STYLE_TRANSPARENT(0.100000023842);
#11118 = STYLED_ITEM('color',(#11119),#3753);
#11119 = PRESENTATION_STYLE_ASSIGNMENT((#11120));
#11120 = SURFACE_STYLE_USAGE(.BOTH.,#11121);
#11121 = SURFACE_SIDE_STYLE('',(#11122,#11125));
#11122 = SURFACE_STYLE_FILL_AREA(#11123);
#11123 = FILL_AREA_STYLE('',(#11124));
#11124 = FILL_AREA_STYLE_COLOUR('',#10908);
#11125 = SURFACE_STYLE_RENDERING_WITH_PROPERTIES(.NORMAL_SHADING.,#10908
  ,(#11126));
#11126 = SURFACE_STYLE_TRANSPARENT(0.100000023842);
#11127 = STYLED_ITEM('color',(#11128),#4069);
#11128 = PRESENTATION_STYLE_ASSIGNMENT((#11129));
#11129 = SURFACE_STYLE_USAGE(.BOTH.,#11130);
#11130 = SURFACE_SIDE_STYLE('',(#11131,#11134));
#11131 = SURFACE_STYLE_FILL_AREA(#11132);
#11132 = FILL_AREA_STYLE('',(#11133));
#11133 = FILL_AREA_STYLE_COLOUR('',#10908);
#11134 = SURFACE_STYLE_RENDERING_WITH_PROPERTIES(.NORMAL_SHADING.,#10908
  ,(#11135));
#11135 = SURFACE_STYLE_TRANSPARENT(0.100000023842);
#11136 = STYLED_ITEM('color',(#11137),#4267);
#11137 = PRESENTATION_STYLE_ASSIGNMENT((#11138));
#11138 = SURFACE_STYLE_USAGE(.BOTH.,#11139);
#11139 = SURFACE_SIDE_STYLE('',(#11140,#11143));
#11140 = SURFACE_STYLE_FILL_AREA(#11141);
#11141 = FILL_AREA_STYLE('',(#11142));
#11142 = FILL_AREA_STYLE_COLOUR('',#10908);
#11143 = SURFACE_STYLE_RENDERING_WITH_PROPERTIES(.NORMAL_SHADING.,#10908
  ,(#11144));
#11144 = SURFACE_STYLE_TRANSPARENT(0.100000023842);
#11145 = STYLED_ITEM('color',(#11146),#4560);
#11146 = PRESENTATION_STYLE_ASSIGNMENT((#11147));
#11147 = SURFACE_STYLE_USAGE(.BOTH.,#11148);
#11148 = SURFACE_SIDE_STYLE('',(#11149,#11152));
#11149 = SURFACE_STYLE_FILL_AREA(#11150);
#11150 = FILL_AREA_STYLE('',(#11151));
#11151 = FILL_AREA_STYLE_COLOUR('',#10908);
#11152 = SURFACE_STYLE_RENDERING_WITH_PROPERTIES(.NORMAL_SHADING.,#10908
  ,(#11153));
#11153 = SURFACE_STYLE_TRANSPARENT(0.100000023842);
#11154 = STYLED_ITEM('color',(#11155),#4853);
#11155 = PRESENTATION_STYLE_ASSIGNMENT((#11156));
#11156 = SURFACE_STYLE_USAGE(.BOTH.,#11157);
#11157 = SURFACE_SIDE_STYLE('',(#11158,#11161));
#11158 = SURFACE_STYLE_FILL_AREA(#11159);
#11159 = FILL_AREA_STYLE('',(#11160));
#11160 = FILL_AREA_STYLE_COLOUR('',#10908);
#11161 = SURFACE_STYLE_RENDERING_WITH_PROPERTIES(.NORMAL_SHADING.,#10908
  ,(#11162));
#11162 = SURFACE_STYLE_TRANSPARENT(0.100000023842);
#11163 = STYLED_ITEM('color',(#11164),#5093);
#11164 = PRESENTATION_STYLE_ASSIGNMENT((#11165));
#11165 = SURFACE_STYLE_USAGE(.BOTH.,#11166);
#11166 = SURFACE_SIDE_STYLE('',(#11167,#11170));
#11167 = SURFACE_STYLE_FILL_AREA(#11168);
#11168 = FILL_AREA_STYLE('',(#11169));
#11169 = FILL_AREA_STYLE_COLOUR('',#10908);
#11170 = SURFACE_STYLE_RENDERING_WITH_PROPERTIES(.NORMAL_SHADING.,#10908
  ,(#11171));
#11171 = SURFACE_STYLE_TRANSPARENT(0.100000023842);
#11172 = STYLED_ITEM('color',(#11173),#5283);
#11173 = PRESENTATION_STYLE_ASSIGNMENT((#11174));
#11174 = SURFACE_STYLE_USAGE(.BOTH.,#11175);
#11175 = SURFACE_SIDE_STYLE('',(#11176,#11179));
#11176 = SURFACE_STYLE_FILL_AREA(#11177);
#11177 = FILL_AREA_STYLE('',(#11178));
#11178 = FILL_AREA_STYLE_COLOUR('',#10908);
#11179 = SURFACE_STYLE_RENDERING_WITH_PROPERTIES(.NORMAL_SHADING.,#10908
  ,(#11180));
#11180 = SURFACE_STYLE_TRANSPARENT(0.100000023842);
#11181 = STYLED_ITEM('color',(#11182),#5576);
#11182 = PRESENTATION_STYLE_ASSIGNMENT((#11183));
#11183 = SURFACE_STYLE_USAGE(.BOTH.,#11184);
#11184 = SURFACE_SIDE_STYLE('',(#11185,#11188));
#11185 = SURFACE_STYLE_FILL_AREA(#11186);
#11186 = FILL_AREA_STYLE('',(#11187));
#11187 = FILL_AREA_STYLE_COLOUR('',#10908);
#11188 = SURFACE_STYLE_RENDERING_WITH_PROPERTIES(.NORMAL_SHADING.,#10908
  ,(#11189));
#11189 = SURFACE_STYLE_TRANSPARENT(0.100000023842);
#11190 = STYLED_ITEM('color',(#11191),#5628);
#11191 = PRESENTATION_STYLE_ASSIGNMENT((#11192));
#11192 = SURFACE_STYLE_USAGE(.BOTH.,#11193);
#11193 = SURFACE_SIDE_STYLE('',(#11194,#11197));
#11194 = SURFACE_STYLE_FILL_AREA(#11195);
#11195 = FILL_AREA_STYLE('',(#11196));
#11196 = FILL_AREA_STYLE_COLOUR('',#10908);
#11197 = SURFACE_STYLE_RENDERING_WITH_PROPERTIES(.NORMAL_SHADING.,#10908
  ,(#11198));
#11198 = SURFACE_STYLE_TRANSPARENT(0.100000023842);
#11199 = STYLED_ITEM('color',(#11200),#5680);
#11200 = PRESENTATION_STYLE_ASSIGNMENT((#11201));
#11201 = SURFACE_STYLE_USAGE(.BOTH.,#11202);
#11202 = SURFACE_SIDE_STYLE('',(#11203,#11206));
#11203 = SURFACE_STYLE_FILL_AREA(#11204);
#11204 = FILL_AREA_STYLE('',(#11205));
#11205 = FILL_AREA_STYLE_COLOUR('',#10908);
#11206 = SURFACE_STYLE_RENDERING_WITH_PROPERTIES(.NORMAL_SHADING.,#10908
  ,(#11207));
#11207 = SURFACE_STYLE_TRANSPARENT(0.100000023842);
#11208 = STYLED_ITEM('color',(#11209),#5732);
#11209 = PRESENTATION_STYLE_ASSIGNMENT((#11210));
#11210 = SURFACE_STYLE_USAGE(.BOTH.,#11211);
#11211 = SURFACE_SIDE_STYLE('',(#11212,#11215));
#11212 = SURFACE_STYLE_FILL_AREA(#11213);
#11213 = FILL_AREA_STYLE('',(#11214));
#11214 = FILL_AREA_STYLE_COLOUR('',#10908);
#11215 = SURFACE_STYLE_RENDERING_WITH_PROPERTIES(.NORMAL_SHADING.,#10908
  ,(#11216));
#11216 = SURFACE_STYLE_TRANSPARENT(0.100000023842);
#11217 = STYLED_ITEM('color',(#11218),#5784);
#11218 = PRESENTATION_STYLE_ASSIGNMENT((#11219));
#11219 = SURFACE_STYLE_USAGE(.BOTH.,#11220);
#11220 = SURFACE_SIDE_STYLE('',(#11221,#11224));
#11221 = SURFACE_STYLE_FILL_AREA(#11222);
#11222 = FILL_AREA_STYLE('',(#11223));
#11223 = FILL_AREA_STYLE_COLOUR('',#10908);
#11224 = SURFACE_STYLE_RENDERING_WITH_PROPERTIES(.NORMAL_SHADING.,#10908
  ,(#11225));
#11225 = SURFACE_STYLE_TRANSPARENT(0.100000023842);
#11226 = STYLED_ITEM('color',(#11227),#5885);
#11227 = PRESENTATION_STYLE_ASSIGNMENT((#11228));
#11228 = SURFACE_STYLE_USAGE(.BOTH.,#11229);
#11229 = SURFACE_SIDE_STYLE('',(#11230,#11233));
#11230 = SURFACE_STYLE_FILL_AREA(#11231);
#11231 = FILL_AREA_STYLE('',(#11232));
#11232 = FILL_AREA_STYLE_COLOUR('',#10908);
#11233 = SURFACE_STYLE_RENDERING_WITH_PROPERTIES(.NORMAL_SHADING.,#10908
  ,(#11234));
#11234 = SURFACE_STYLE_TRANSPARENT(0.100000023842);
#11235 = STYLED_ITEM('color',(#11236),#5986);
#11236 = PRESENTATION_STYLE_ASSIGNMENT((#11237));
#11237 = SURFACE_STYLE_USAGE(.BOTH.,#11238);
#11238 = SURFACE_SIDE_STYLE('',(#11239,#11242));
#11239 = SURFACE_STYLE_FILL_AREA(#11240);
#11240 = FILL_AREA_STYLE('',(#11241));
#11241 = FILL_AREA_STYLE_COLOUR('',#10908);
#11242 = SURFACE_STYLE_RENDERING_WITH_PROPERTIES(.NORMAL_SHADING.,#10908
  ,(#11243));
#11243 = SURFACE_STYLE_TRANSPARENT(0.100000023842);
#11244 = STYLED_ITEM('color',(#11245),#6030);
#11245 = PRESENTATION_STYLE_ASSIGNMENT((#11246));
#11246 = SURFACE_STYLE_USAGE(.BOTH.,#11247);
#11247 = SURFACE_SIDE_STYLE('',(#11248,#11251));
#11248 = SURFACE_STYLE_FILL_AREA(#11249);
#11249 = FILL_AREA_STYLE('',(#11250));
#11250 = FILL_AREA_STYLE_COLOUR('',#10908);
#11251 = SURFACE_STYLE_RENDERING_WITH_PROPERTIES(.NORMAL_SHADING.,#10908
  ,(#11252));
#11252 = SURFACE_STYLE_TRANSPARENT(0.100000023842);
#11253 = STYLED_ITEM('color',(#11254),#6074);
#11254 = PRESENTATION_STYLE_ASSIGNMENT((#11255));
#11255 = SURFACE_STYLE_USAGE(.BOTH.,#11256);
#11256 = SURFACE_SIDE_STYLE('',(#11257,#11260));
#11257 = SURFACE_STYLE_FILL_AREA(#11258);
#11258 = FILL_AREA_STYLE('',(#11259));
#11259 = FILL_AREA_STYLE_COLOUR('',#10908);
#11260 = SURFACE_STYLE_RENDERING_WITH_PROPERTIES(.NORMAL_SHADING.,#10908
  ,(#11261));
#11261 = SURFACE_STYLE_TRANSPARENT(0.100000023842);
#11262 = STYLED_ITEM('color',(#11263),#6209);
#11263 = PRESENTATION_STYLE_ASSIGNMENT((#11264));
#11264 = SURFACE_STYLE_USAGE(.BOTH.,#11265);
#11265 = SURFACE_SIDE_STYLE('',(#11266,#11269));
#11266 = SURFACE_STYLE_FILL_AREA(#11267);
#11267 = FILL_AREA_STYLE('',(#11268));
#11268 = FILL_AREA_STYLE_COLOUR('',#10908);
#11269 = SURFACE_STYLE_RENDERING_WITH_PROPERTIES(.NORMAL_SHADING.,#10908
  ,(#11270));
#11270 = SURFACE_STYLE_TRANSPARENT(0.100000023842);
#11271 = STYLED_ITEM('color',(#11272),#6337);
#11272 = PRESENTATION_STYLE_ASSIGNMENT((#11273));
#11273 = SURFACE_STYLE_USAGE(.BOTH.,#11274);
#11274 = SURFACE_SIDE_STYLE('',(#11275,#11278));
#11275 = SURFACE_STYLE_FILL_AREA(#11276);
#11276 = FILL_AREA_STYLE('',(#11277));
#11277 = FILL_AREA_STYLE_COLOUR('',#10908);
#11278 = SURFACE_STYLE_RENDERING_WITH_PROPERTIES(.NORMAL_SHADING.,#10908
  ,(#11279));
#11279 = SURFACE_STYLE_TRANSPARENT(0.100000023842);
#11280 = STYLED_ITEM('color',(#11281),#6406);
#11281 = PRESENTATION_STYLE_ASSIGNMENT((#11282));
#11282 = SURFACE_STYLE_USAGE(.BOTH.,#11283);
#11283 = SURFACE_SIDE_STYLE('',(#11284,#11287));
#11284 = SURFACE_STYLE_FILL_AREA(#11285);
#11285 = FILL_AREA_STYLE('',(#11286));
#11286 = FILL_AREA_STYLE_COLOUR('',#10908);
#11287 = SURFACE_STYLE_RENDERING_WITH_PROPERTIES(.NORMAL_SHADING.,#10908
  ,(#11288));
#11288 = SURFACE_STYLE_TRANSPARENT(0.100000023842);
#11289 = STYLED_ITEM('color',(#11290),#6567);
#11290 = PRESENTATION_STYLE_ASSIGNMENT((#11291));
#11291 = SURFACE_STYLE_USAGE(.BOTH.,#11292);
#11292 = SURFACE_SIDE_STYLE('',(#11293,#11296));
#11293 = SURFACE_STYLE_FILL_AREA(#11294);
#11294 = FILL_AREA_STYLE('',(#11295));
#11295 = FILL_AREA_STYLE_COLOUR('',#10908);
#11296 = SURFACE_STYLE_RENDERING_WITH_PROPERTIES(.NORMAL_SHADING.,#10908
  ,(#11297));
#11297 = SURFACE_STYLE_TRANSPARENT(0.100000023842);
#11298 = STYLED_ITEM('color',(#11299),#6660);
#11299 = PRESENTATION_STYLE_ASSIGNMENT((#11300));
#11300 = SURFACE_STYLE_USAGE(.BOTH.,#11301);
#11301 = SURFACE_SIDE_STYLE('',(#11302,#11305));
#11302 = SURFACE_STYLE_FILL_AREA(#11303);
#11303 = FILL_AREA_STYLE('',(#11304));
#11304 = FILL_AREA_STYLE_COLOUR('',#10908);
#11305 = SURFACE_STYLE_RENDERING_WITH_PROPERTIES(.NORMAL_SHADING.,#10908
  ,(#11306));
#11306 = SURFACE_STYLE_TRANSPARENT(0.100000023842);
#11307 = STYLED_ITEM('color',(#11308),#6679);
#11308 = PRESENTATION_STYLE_ASSIGNMENT((#11309));
#11309 = SURFACE_STYLE_USAGE(.BOTH.,#11310);
#11310 = SURFACE_SIDE_STYLE('',(#11311,#11314));
#11311 = SURFACE_STYLE_FILL_AREA(#11312);
#11312 = FILL_AREA_STYLE('',(#11313));
#11313 = FILL_AREA_STYLE_COLOUR('',#10908);
#11314 = SURFACE_STYLE_RENDERING_WITH_PROPERTIES(.NORMAL_SHADING.,#10908
  ,(#11315));
#11315 = SURFACE_STYLE_TRANSPARENT(0.100000023842);
#11316 = STYLED_ITEM('color',(#11317),#6791);
#11317 = PRESENTATION_STYLE_ASSIGNMENT((#11318));
#11318 = SURFACE_STYLE_USAGE(.BOTH.,#11319);
#11319 = SURFACE_SIDE_STYLE('',(#11320,#11323));
#11320 = SURFACE_STYLE_FILL_AREA(#11321);
#11321 = FILL_AREA_STYLE('',(#11322));
#11322 = FILL_AREA_STYLE_COLOUR('',#10908);
#11323 = SURFACE_STYLE_RENDERING_WITH_PROPERTIES(.NORMAL_SHADING.,#10908
  ,(#11324));
#11324 = SURFACE_STYLE_TRANSPARENT(0.100000023842);
#11325 = STYLED_ITEM('color',(#11326),#6903);
#11326 = PRESENTATION_STYLE_ASSIGNMENT((#11327));
#11327 = SURFACE_STYLE_USAGE(.BOTH.,#11328);
#11328 = SURFACE_SIDE_STYLE('',(#11329,#11332));
#11329 = SURFACE_STYLE_FILL_AREA(#11330);
#11330 = FILL_AREA_STYLE('',(#11331));
#11331 = FILL_AREA_STYLE_COLOUR('',#10908);
#11332 = SURFACE_STYLE_RENDERING_WITH_PROPERTIES(.NORMAL_SHADING.,#10908
  ,(#11333));
#11333 = SURFACE_STYLE_TRANSPARENT(0.100000023842);
#11334 = STYLED_ITEM('color',(#11335),#7015);
#11335 = PRESENTATION_STYLE_ASSIGNMENT((#11336));
#11336 = SURFACE_STYLE_USAGE(.BOTH.,#11337);
#11337 = SURFACE_SIDE_STYLE('',(#11338,#11341));
#11338 = SURFACE_STYLE_FILL_AREA(#11339);
#11339 = FILL_AREA_STYLE('',(#11340));
#11340 = FILL_AREA_STYLE_COLOUR('',#10908);
#11341 = SURFACE_STYLE_RENDERING_WITH_PROPERTIES(.NORMAL_SHADING.,#10908
  ,(#11342));
#11342 = SURFACE_STYLE_TRANSPARENT(0.100000023842);
#11343 = STYLED_ITEM('color',(#11344),#7127);
#11344 = PRESENTATION_STYLE_ASSIGNMENT((#11345));
#11345 = SURFACE_STYLE_USAGE(.BOTH.,#11346);
#11346 = SURFACE_SIDE_STYLE('',(#11347,#11350));
#11347 = SURFACE_STYLE_FILL_AREA(#11348);
#11348 = FILL_AREA_STYLE('',(#11349));
#11349 = FILL_AREA_STYLE_COLOUR('',#10908);
#11350 = SURFACE_STYLE_RENDERING_WITH_PROPERTIES(.NORMAL_SHADING.,#10908
  ,(#11351));
#11351 = SURFACE_STYLE_TRANSPARENT(0.100000023842);
#11352 = STYLED_ITEM('color',(#11353),#7294);
#11353 = PRESENTATION_STYLE_ASSIGNMENT((#11354));
#11354 = SURFACE_STYLE_USAGE(.BOTH.,#11355);
#11355 = SURFACE_SIDE_STYLE('',(#11356,#11359));
#11356 = SURFACE_STYLE_FILL_AREA(#11357);
#11357 = FILL_AREA_STYLE('',(#11358));
#11358 = FILL_AREA_STYLE_COLOUR('',#10908);
#11359 = SURFACE_STYLE_RENDERING_WITH_PROPERTIES(.NORMAL_SHADING.,#10908
  ,(#11360));
#11360 = SURFACE_STYLE_TRANSPARENT(0.100000023842);
#11361 = STYLED_ITEM('color',(#11362),#7436);
#11362 = PRESENTATION_STYLE_ASSIGNMENT((#11363));
#11363 = SURFACE_STYLE_USAGE(.BOTH.,#11364);
#11364 = SURFACE_SIDE_STYLE('',(#11365,#11368));
#11365 = SURFACE_STYLE_FILL_AREA(#11366);
#11366 = FILL_AREA_STYLE('',(#11367));
#11367 = FILL_AREA_STYLE_COLOUR('',#10908);
#11368 = SURFACE_STYLE_RENDERING_WITH_PROPERTIES(.NORMAL_SHADING.,#10908
  ,(#11369));
#11369 = SURFACE_STYLE_TRANSPARENT(0.100000023842);
#11370 = STYLED_ITEM('color',(#11371),#7563);
#11371 = PRESENTATION_STYLE_ASSIGNMENT((#11372));
#11372 = SURFACE_STYLE_USAGE(.BOTH.,#11373);
#11373 = SURFACE_SIDE_STYLE('',(#11374,#11377));
#11374 = SURFACE_STYLE_FILL_AREA(#11375);
#11375 = FILL_AREA_STYLE('',(#11376));
#11376 = FILL_AREA_STYLE_COLOUR('',#10908);
#11377 = SURFACE_STYLE_RENDERING_WITH_PROPERTIES(.NORMAL_SHADING.,#10908
  ,(#11378));
#11378 = SURFACE_STYLE_TRANSPARENT(0.100000023842);
#11379 = STYLED_ITEM('color',(#11380),#7690);
#11380 = PRESENTATION_STYLE_ASSIGNMENT((#11381));
#11381 = SURFACE_STYLE_USAGE(.BOTH.,#11382);
#11382 = SURFACE_SIDE_STYLE('',(#11383,#11386));
#11383 = SURFACE_STYLE_FILL_AREA(#11384);
#11384 = FILL_AREA_STYLE('',(#11385));
#11385 = FILL_AREA_STYLE_COLOUR('',#10908);
#11386 = SURFACE_STYLE_RENDERING_WITH_PROPERTIES(.NORMAL_SHADING.,#10908
  ,(#11387));
#11387 = SURFACE_STYLE_TRANSPARENT(0.100000023842);
#11388 = STYLED_ITEM('color',(#11389),#7817);
#11389 = PRESENTATION_STYLE_ASSIGNMENT((#11390));
#11390 = SURFACE_STYLE_USAGE(.BOTH.,#11391);
#11391 = SURFACE_SIDE_STYLE('',(#11392,#11395));
#11392 = SURFACE_STYLE_FILL_AREA(#11393);
#11393 = FILL_AREA_STYLE('',(#11394));
#11394 = FILL_AREA_STYLE_COLOUR('',#10908);
#11395 = SURFACE_STYLE_RENDERING_WITH_PROPERTIES(.NORMAL_SHADING.,#10908
  ,(#11396));
#11396 = SURFACE_STYLE_TRANSPARENT(0.100000023842);
#11397 = STYLED_ITEM('color',(#11398),#7944);
#11398 = PRESENTATION_STYLE_ASSIGNMENT((#11399));
#11399 = SURFACE_STYLE_USAGE(.BOTH.,#11400);
#11400 = SURFACE_SIDE_STYLE('',(#11401,#11404));
#11401 = SURFACE_STYLE_FILL_AREA(#11402);
#11402 = FILL_AREA_STYLE('',(#11403));
#11403 = FILL_AREA_STYLE_COLOUR('',#10908);
#11404 = SURFACE_STYLE_RENDERING_WITH_PROPERTIES(.NORMAL_SHADING.,#10908
  ,(#11405));
#11405 = SURFACE_STYLE_TRANSPARENT(0.100000023842);
#11406 = STYLED_ITEM('color',(#11407),#8216);
#11407 = PRESENTATION_STYLE_ASSIGNMENT((#11408));
#11408 = SURFACE_STYLE_USAGE(.BOTH.,#11409);
#11409 = SURFACE_SIDE_STYLE('',(#11410,#11413));
#11410 = SURFACE_STYLE_FILL_AREA(#11411);
#11411 = FILL_AREA_STYLE('',(#11412));
#11412 = FILL_AREA_STYLE_COLOUR('',#10908);
#11413 = SURFACE_STYLE_RENDERING_WITH_PROPERTIES(.NORMAL_SHADING.,#10908
  ,(#11414));
#11414 = SURFACE_STYLE_TRANSPARENT(0.100000023842);
#11415 = STYLED_ITEM('color',(#11416),#8359);
#11416 = PRESENTATION_STYLE_ASSIGNMENT((#11417));
#11417 = SURFACE_STYLE_USAGE(.BOTH.,#11418);
#11418 = SURFACE_SIDE_STYLE('',(#11419,#11422));
#11419 = SURFACE_STYLE_FILL_AREA(#11420);
#11420 = FILL_AREA_STYLE('',(#11421));
#11421 = FILL_AREA_STYLE_COLOUR('',#10908);
#11422 = SURFACE_STYLE_RENDERING_WITH_PROPERTIES(.NORMAL_SHADING.,#10908
  ,(#11423));
#11423 = SURFACE_STYLE_TRANSPARENT(0.100000023842);
#11424 = STYLED_ITEM('color',(#11425),#8631);
#11425 = PRESENTATION_STYLE_ASSIGNMENT((#11426));
#11426 = SURFACE_STYLE_USAGE(.BOTH.,#11427);
#11427 = SURFACE_SIDE_STYLE('',(#11428,#11431));
#11428 = SURFACE_STYLE_FILL_AREA(#11429);
#11429 = FILL_AREA_STYLE('',(#11430));
#11430 = FILL_AREA_STYLE_COLOUR('',#10908);
#11431 = SURFACE_STYLE_RENDERING_WITH_PROPERTIES(.NORMAL_SHADING.,#10908
  ,(#11432));
#11432 = SURFACE_STYLE_TRANSPARENT(0.100000023842);
#11433 = STYLED_ITEM('color',(#11434),#8825);
#11434 = PRESENTATION_STYLE_ASSIGNMENT((#11435));
#11435 = SURFACE_STYLE_USAGE(.BOTH.,#11436);
#11436 = SURFACE_SIDE_STYLE('',(#11437,#11440));
#11437 = SURFACE_STYLE_FILL_AREA(#11438);
#11438 = FILL_AREA_STYLE('',(#11439));
#11439 = FILL_AREA_STYLE_COLOUR('',#10908);
#11440 = SURFACE_STYLE_RENDERING_WITH_PROPERTIES(.NORMAL_SHADING.,#10908
  ,(#11441));
#11441 = SURFACE_STYLE_TRANSPARENT(0.100000023842);
#11442 = STYLED_ITEM('color',(#11443),#9097);
#11443 = PRESENTATION_STYLE_ASSIGNMENT((#11444));
#11444 = SURFACE_STYLE_USAGE(.BOTH.,#11445);
#11445 = SURFACE_SIDE_STYLE('',(#11446,#11449));
#11446 = SURFACE_STYLE_FILL_AREA(#11447);
#11447 = FILL_AREA_STYLE('',(#11448));
#11448 = FILL_AREA_STYLE_COLOUR('',#10908);
#11449 = SURFACE_STYLE_RENDERING_WITH_PROPERTIES(.NORMAL_SHADING.,#10908
  ,(#11450));
#11450 = SURFACE_STYLE_TRANSPARENT(0.100000023842);
#11451 = MECHANICAL_DESIGN_GEOMETRIC_PRESENTATION_REPRESENTATION('',(
    #11452),#9929);
#11452 = STYLED_ITEM('color',(#11453),#9669);
#11453 = PRESENTATION_STYLE_ASSIGNMENT((#11454));
#11454 = SURFACE_STYLE_USAGE(.BOTH.,#11455);
#11455 = SURFACE_SIDE_STYLE('',(#11456,#11459));
#11456 = SURFACE_STYLE_FILL_AREA(#11457);
#11457 = FILL_AREA_STYLE('',(#11458));
#11458 = FILL_AREA_STYLE_COLOUR('',#10897);
#11459 = SURFACE_STYLE_RENDERING_WITH_PROPERTIES(.NORMAL_SHADING.,#10897
  ,(#11460));
#11460 = SURFACE_STYLE_TRANSPARENT(0.170000016689);
#11461 = MECHANICAL_DESIGN_GEOMETRIC_PRESENTATION_REPRESENTATION('',(
    #11462),#10878);
#11462 = STYLED_ITEM('color',(#11463),#9948);
#11463 = PRESENTATION_STYLE_ASSIGNMENT((#11464));
#11464 = SURFACE_STYLE_USAGE(.BOTH.,#11465);
#11465 = SURFACE_SIDE_STYLE('',(#11466));
#11466 = SURFACE_STYLE_FILL_AREA(#11467);
#11467 = FILL_AREA_STYLE('',(#11468));
#11468 = FILL_AREA_STYLE_COLOUR('',#11469);
#11469 = COLOUR_RGB('',0.583831500637,0.583831500637,0.583831500637);
ENDSEC;
END-ISO-10303-21;
